비자코드,상위코드,사증·체류,신청종류,하위프로그램,신청상황,대상,자격요건,제출서류,절차,수수료,기간,제한,예외,의무사항,공통사항,점수표,쿼터,초청자,추천·승인기관,표 데이터,참고사항,원본파일,페이지,원본 라인범위,연계비자,키워드,원문발췌,예상질문,검수상태,검수메모
공통,공통,사증,공통사항,,"국내에 90일을 초과하여 체류할 목적으로 사증을 신청하는 경우
단기체류자격 중 계절근로자(C-4-1~4) 및 국내 체류 중인 외국인 결핵환자가 가족 등을 간병인으로 초청하는 경우
과거 결핵진단서를 제출하고 국내에 장기체류하다가 완전출국 후 새로운 장기체류사증을 발급받으려는 경우","장기체류사증 신청자 등 결핵진단서 제출 대상자
네팔, 동티모르, 러시아, 말레이시아, 몽골, 미얀마, 방글라데시, 베트남, 태국, 스리랑카, 우즈베키스탄, 인도, 인도네시아, 중국, 캄보디아, 키르기스스탄, 파키스탄, 필리핀, 라오스, 카자흐스탄, 타지키스탄, 우크라이나, 아제르바이잔, 벨라루스, 몰도바공화국, 나이지리아, 남아프리카공화국, 에티오피아, 케냐, 콩고민주공화국, 모잠비크, 짐바브웨, 앙골라, 페루, 파푸아뉴기니",,- 결핵진단서,,,,,"외교(A-1), 공무(A-2), 협정(A-3) 자격 소지자
만 6세 미만 소아(만 6세 이후 최초 체류허가 신청 시 제출) 및 임신부
고령 또는 질병으로 거동이 불가능한 사람",,,,35개국,,,결핵 고위험국가 35개국 명단,,260504 사증민원 자격별 안내 매뉴얼.hwp,p. 5~6,data/parsed/raw/visa_manual.md:1-287,"A-1, A-2, A-3, C-4","결핵진단서, 결핵 고위험국가, 장기체류사증, 외국인등록, 공통사항, 35개국","국내에 90일 초과하여 체류할 목적*으로 사증을 신청하는 경우(전자사증 대상자의 경우에는 국내 입국 후 외국인등록 시 제출)
단기체류자격 중 계절근로자(C-4-1~4) 및 국내 체류 중인 외국인 결핵환자가 가족 등을 간병인으로 초청하는 경우

네팔, 동티모르, 러시아, 말레이시아, 몽골, 미얀마, 방글라데시, 베트남, 태국, 스리랑카, 우즈베키스탄, 인도, 인도네시아, 중국, 캄보디아, 키르기스스탄, 파키스탄, 필리핀, 라오스, 카자흐스탄, 타지키스탄, 우크라이나, 아제르바이잔, 벨라루스, 몰도바공화국, 나이지리아, 남아프리카공화국, 에티오피아, 케냐, 콩고민주공화국, 모잠비크, 짐바브웨, 앙골라, 페루, 파푸아뉴기니","한국에서 오래 살 비자를 받으려면 결핵진단서를 꼭 내야 하나요?
결핵 고위험국가 출신이면 어떤 경우에 결핵진단서가 필요해요?
결핵진단서 안 내도 되는 경우가 있나요?
어떤 나라들이 결핵 고위험국가로 분류돼요?",미검수,
A-1,A-1,사증,사증발급,,,"- 대한민국에 접수된 대사, 공사, 참사관, 서기관 등의 외교직원
- 대한민국 정부에 접수된 총영사, 영사 등의 영사관
- 국제연합의 사무총장 및 사무차장, 국제연합전문기구의 사무국장 등
- 국가원수, 각료, 양원의장, 정부주최 회의에 출석하는 외국정부의 대표단 구성원 등
- 우리나라에 주재하는 외교관과 세대를 같이 하는 배우자, 자녀, 부모 등","외국정부의 외교사절단이나 영사기관의 구성원
조약 또는 국제관행에 따라 외교사절과 동등한 특권과 면제를 받은 자
상기자의 가족","- 사증발급신청서 (별지 제17호 서식)
- 여권
- 표준규격사진 1매
- 수수료
- 파견, 재직을 증명하는 서류 또는 해당국 외교부장관의 협조공한
외국정부의 외교사절단이나 영사기관의 구성원의 동반가족의 경우 본국에서 발급한 가족관계증명서, 출생증명서 등 가족관계 입증서류",,,"재임 기간
재임 기간 (1회 부여 체류기간 상한)
외교(A-1) 자격 해당자에 대한 단수 또는 복수사증
복수사증협정국가(미국, 일본, 중국, 러시아, 우즈베키스탄 등) 국민에 대해 그 협정에 따라 발급하는 복수사증
일시적인 외교업무 수행자에게 발급하는 유효기간 3월의 단수사증
국제기구 직원의 복수사증 신청 시 유효기간 3년의 복수사증",,신분증명서의 제시 등에 대하여 해당 신분임이 확인되는 때에는 구술서로 갈음할 수 있음,,,,,,,,,260504 사증민원 자격별 안내 매뉴얼.hwp,p. 7~8,data/parsed/raw/visa_manual.md:1-287,"A-2, A-3, F-1, C-3","외교, 외교사절단, 영사기관, 외교관 여권, 가족, 사증발급신청서, 협조공한, 가족관계증명서","외국정부의 외교사절단이나 영사기관의 구성원
조약 또는 국제관행에 따라 외교사절과 동등한 특권과 면제를 받은 자
상기자의 가족

① 사증발급신청서 (별지 제17호 서식), 여권, 표준규격사진 1매, 수수료
② 파견, 재직을 증명하는 서류 또는 해당국 외교부장관의 협조공한(신분증명서의 제시 등에 대하여 해당 신분임이 확인되는 때에는 구술서로 갈음할 수 있음)
③ 외국정부의 외교사절단이나 영사기관의 구성원의 동반가족에 경우에는 본국에서 발급한 가족관계증명서, 출생증명서 등 가족관계 입증서류

재임 기간
외교(A-1) 자격 해당자에 대한 단수 또는 복수사증
복수사증협정국가(미국, 일본, 중국, 러시아, 우즈베키스탄 등) 국민에 대해 그 협정에 따라 발급하는 복수사증
일시적인 외교업무 수행자에게 발급하는 유효기간 3월의 단수사증(단, 우리 외교관에게 복수사증을 발급하는 국가의 외교관에 대해서는 복수사증 발급)","외교사절로 한국에 오면 어떤 비자를 받나요?
외교관 가족도 같이 비자 받을 수 있어요?
국제기구 직원도 외교비자 대상인가요?
외교비자를 받으려면 어떤 서류를 내야 해요?",미검수,
A-1 (사증발급인정서),A-1,사증,사증발급인정서,사증발급인정서,국내에 소재한 국제기구 사무국 등의 직원과 관계인의 입국 편의를 위해 관할 출입국·외국인청(사무소·출장소)에서 발급,"국제기구에서 초청하려는 자, 일시방문 국제기구 직원, 가사보조인, 성년자녀 등 체류자격에 관계없이 국제기구에서 초청하려는 자",,,,,,,,,,,,국내 소재 국제기구 사무국 등,,,,260504 사증민원 자격별 안내 매뉴얼.hwp,p. 9,data/parsed/raw/visa_manual.md:1-287,,"외교, 사증발급인정서, 국제기구, 초청","(사증발급인정서 발급) 국내에 소재한 국제기구 사무국 등의 직원과 관계인의 입국 편의를 위해 관할 출입국ㆍ외국인청(사무소ㆍ출장소)에서 사증발급인정서 발급도 가능
(대상) 국제기구에서 초청하려는 자, 일시방문 국제기구 직원, 가사보조인, 성년자녀 등 체류자격에 관계없이 국제기구에서 초청하려는 자","국제기구에서 외교비자로 사람을 초청하려면 사증발급인정서를 받을 수 있나요?
국내 국제기구 사무국에서 가사보조인이나 자녀도 초청 가능해요?",미검수,
A-2,A-2,사증,사증발급,,대한민국정부가 승인한 외국정부 또는 국제기구의 공무를 수행하는 자와 그 가족,"- 대한민국 정부가 승인한 외국정부 외교사절단의 사무직원 및 기술직원과 노무직원
- 대한민국정부가 승인한 영사기관의 사무직원 및 기술직원과 노무직원
- 대한민국에 본부를 둔 국제기구의 직원
- 외국정부 또는 국제기구가 대한민국에 있는 지사에서 대한민국정부와의 공적 업무를 위해 주재하는 직원
- 대한민국 정부와의 공적인 업무를 위해 외국정부 또는 국제기구에서 파견한 자
- 대한민국 정부 또는 국제기구가 주최하는 회의 등에 참가하는 자
- 상기자와 동일한 세대에 속하는 가족 구성원","외국정부 또는 국제기구의 공무를 수행하는 자
상기자의 가족
관용여권 또는 신분증명서 소지여부 확인
단 일반여권을 소지한 자는 공무수행자 또는 국제기구 근무자 및 그 가족에 한함","- 사증발급신청서 (별지 제17호 서식)
- 여권
- 표준규격사진 1매
- 수수료
- 파견, 재직을 증명하는 서류 또는 해당국 외교부장관이나 소속부처 장관의 공한(공무수행임을 입증하는 내용 명시)",,,"공무수행기간
공무수행기간 (1회 부여 체류기간 상한)
공무(A-2)의 체류자격에 해당하는 자에 대한 단수사증
외국정부 또는 국제기구의 공무수행자(가족 및 수행원 포함)에 대한 30일 이하 외교(A-1) 또는 공무(A-2) 체류자격에 해당하는 단수사증
우리나라에서 주재 근무하고자 하는 국제연합 및 산하기관의 직원과 그 가족에 대하여는 체류기간 91일 이상의 장기사증
국제기구 직원이 파견·재직증명서를 첨부하여 복수사증을 신청하는 경우 유효기간 3년의 복수사증",,,,,,,,,,,260504 사증민원 자격별 안내 매뉴얼.hwp,p. 11,data/parsed/raw/visa_manual.md:1-287,"A-1, F-1, C-3","공무, 외국정부, 국제기구, 사무직원, 가족, 사증발급신청서, 공한, 관용여권","대한민국정부가 승인한 외국정부 또는 국제기구의 공무를 수행하는 자와 그 가족
① 대한민국 정부가 승인한 외국정부 외교사절단의 사무직원 및 기술직원과 노무직원
② 대한민국정부가 승인한 영사기관의 사무직원 및 기술직원과 노무직원

① 사증발급신청서 (별지 제17호 서식), 여권, 표준규격사진 1매, 수수료
② 파견, 재직을 증명하는 서류 또는 해당국 외교부장관이나 소속부처 장관의 공한(공무수행임을 입증하는 내용 명시)
※ 관용여권 또는 신분증명서 소지여부 확인, 단 일반여권을 소지한 자는 공무수행자 또는 국제기구 근무자 및 그 가족에 한함

공무수행기간
공무(A-2)의 체류자격에 해당하는 자에 대한 단수사증
외국정부 또는 국제기구의 공무수행자(가족 및 수행원 포함)에 대한 30일 이하 외교(A-1) 또는 공무(A-2) 체류자격에 해당하는 단수사증
우리나라에서 주재 근무하고자 하는 국제연합 및 산하기관의 직원과 그 가족에 대하여는 체류기간 91일 이상의 장기사증을 발급할 수 있음","공무로 한국에 파견되면 어떤 비자를 받나요?
국제기구 사무직원도 공무비자 대상인가요?
공무비자 가족도 같이 받을 수 있어요?
공무비자를 받으려면 어떤 서류를 내야 해요?",미검수,
A-2,A-2,사증,체류자격외 활동허가,,"외교(A-1), 공무(A-2) 자격으로 근무중인 국제기구 직원의 동반가족",,"배우자 및 미성년자녀에 대해 체류자격외 활동 허가
「녹색기후기금(GFC)」사무국 직원의 경우 배우자, 미성년자녀 외에 직원이 경제적으로 부양하고 있는 가계 구성원인 자녀에게도 체류자격외 활동허가 가능",활동하고자 하는 체류자격에 해당하는 자격 등 입증서류,,,,"단순노무분야(D-3, E-9, E-10, H-2 등)를 제외한 모든 체류자격에 해당하는 활동",,,,,,,,,,260504 사증민원 자격별 안내 매뉴얼.hwp,p. 13,data/parsed/raw/visa_manual.md:1-287,"A-1, D-3, E-9, E-10, H-2","공무, 국제기구, 가족, 체류자격외 활동허가, 녹색기후기금","◦ 외교(A-1), 공무(A-2) 자격으로 근무중인 국제기구 직원의 동반가족 중 배우자 및 미성년자녀에 대해 체류자격외 활동 허가
- 다만, 「녹색기후기금(GFC)」사무국 직원의 경우 배우자, 미성년자녀 외에 직원이 경제적으로 부양하고 있는 가계 구성원인 자녀에게도 체류자격외 활동허가를 할 수 있음
* 단순노무분야( D3, E-9, E10, H2 등)를 제외한 모든 체류자격에 해당하는 활동","국제기구 직원 가족도 한국에서 일할 수 있어요?
공무비자 가족이 단순노무 일을 해도 되나요?",미검수,
A-3 (A-3-99),A-3,사증,사증발급,A-3-99,Fulbright 협정대상자,협정에 의하여 외국인등록이 면제 또는 면제할 필요가 있다고 인정되는 자와 그 가족,"협정에 의하여 외국인등록이 면제 또는 면제할 필요가 있다고 인정되는 자
상기자의 가족","- 사증발급신청서 (별지 제17호 서식)
- 여권
- 표준규격사진 1매
- 수수료
- 파견, 재직을 증명하는 서류 또는 해당국 외교부장관이나 소속부처 장관의 공한(공무수행임을 입증하는 내용 명시)","대한민국 정부가 체결한 협정이나 합의각서 등에 사증발급에 관한 규정이 있는 때 또는 법무부장관이 호혜원칙 등을 고려하여 따로 정하는 때에는 그에 따라 사증발급(시행규칙 제13조 제1항)
사증발급대상자가 복수사증발급협정 등이 체결된 국가의 국민이라 하더라도 특별한 사유가 있는 때에는 단수사증발급 가능(시행규칙 제13조 제2항)",,"신분존속기간 또는 협정상의 체류기간
협정(A-3)의 체류자격에 해당하는 자에 대한 복수사증
체류기간 및 유효기간은 한미교류재단 협조공한 상의 '장학금 수혜기간'",사증발급인정서 발급 제외 대상임,,,,,,,한미교류재단 협조공한,,,260504 사증민원 자격별 안내 매뉴얼.hwp,p. 14,data/parsed/raw/visa_manual.md:1-287,"A-1, A-2","협정, 외국인등록 면제, 신분존속기간, 사증발급신청서, 공한, Fulbright, 한미교류재단, 복수사증","협정에 의하여 외국인등록이 면제 또는 면제할 필요가 있다고 인정되는 자
상기자의 가족
신분존속기간 또는 협정상의 체류기간

① 사증발급신청서 (별지 제17호 서식), 여권, 표준규격사진 1매, 수수료
② 파견, 재직을 증명하는 서류 또는 해당국 외교부장관이나 소속부처 장관의 공한(공무수행임을 입증하는 내용 명시)
사증발급인정서 발급 제외 대상임

2. Fulbright 협정대상자에 대한 협정(A-3-99) 체류자격 사증발급
◦협정(A-3)의 체류자격에 해당하는 자에 대한 복수사증
- 체류기간 및 유효기간은 한미교류재단 협조공한 상의 `장학금 수혜기간`","협정 비자는 누가 받을 수 있어요?
협정비자 받으면 얼마나 머물 수 있어요?
협정비자 받으려면 무슨 서류 내요?
협정비자는 사증발급인정서로 받을 수 있나요?",미검수,
B-1,B-1,사증,사증발급,,,사증면제협정 체결국가 국민,"대한민국과 사증면제협정을 체결한 국가의 국민으로서 그 협정에 의한 활동을 하려는 자
출입국관리법 제7조 제2항 제2호: 대한민국과 사증면제협정을 체결한 국가의 국민으로서 그 협정에 따라 면제대상이 되는 사람",,"입국심사 시 체류자격 및 체류기간 결정
가. 외교·관용여권소지자: 외교(A-1), 공무(A-2)
나. 일반여권소지자: 사증면제(B-1)",,"협정상의 체류기간
국가별 협정상의 체류기간 (예시):
- 일본/말레이시아/싱가포르/태국 외교·관용·일반: 90일 또는 3개월
- 카자흐스탄 일반: 30일 (180일 내 최장 60일 체류)
- 러시아 외교·관용: 90일 / 일반: 60일 (180일 내 90일 초과 불가)
- 멕시코 일반: 3개월
- 독일/그리스/태국 외교·관용: 제한없음","C-3(단기방문) 활동범위를 기본으로 하되 협정에 따라 제외되는 활동은 할 수 없으며, 협정에서 제외되는 활동을 하고자 입국하고자 할 때는 사증을 받아야 함
학업·취업 활동 제외: 러시아, 리투아니아
학업·영리 활동 제외: 도미니카공화국
취업, 스포츠를 포함한 연예활동 제외: 말레이시아
취업 활동 제외: 라이베리아, 방글라데시, 싱가포르, 태국, 터키, 파키스탄, 바베이도스, 칠레, 콜롬비아, 페루, 노르웨이, 덴마크, 스웨덴, 아이슬란드, 영국, 포르투갈, 레소토
영리활동 제외: 그리스, 독일, 리히텐슈타인, 스위스, 스페인, 프랑스, 헝가리, 튀니지
영리·취업·의료 활동 제외: 뉴질랜드
영리·취업 활동 제외: 이스라엘 등
사증면제협정체결 국가 국민인 경우에도 체류기간이 협정기간(통상 3월)을 초과하거나 단기취업 등 영리 혹은 유급행위에 종사하고자 하는 자는 반드시 해당 사증을 발급받아 입국하여야 함",,,,,"외교여권 111, 관용여권 109, 일반여권 67, 선원수첩 19 (2022.9.22. 기준, 발효대기·일시정지 국가 제외)",,,"국가별 협정상의 활동 범위
사증면제협정 체결국가 일람표 (2022.9.22. 기준)
아시아주: 라오스(외교·관용 90일), 말레이시아(외교·관용·일반 3개월), 몽골(외교·관용 90일), 미얀마(외교·관용 90일), 베트남(외교·관용 90일), 싱가포르(외교·관용·일반 90일), 일본(외교·관용 90일), 중국(외교 30일, 관용 30일), 카자흐스탄(외교·관용 90일, 일반 30일), 태국(외교·관용 제한없음, 일반 90일), 인도네시아(외교·관용·공무 30일)
미주: 멕시코(일반 3개월, 외교·관용 90일), 브라질(외교·관용·일반 90일), 칠레(외교·관용·일반 90일), 콜롬비아(외교·관용·일반 90일)
유럽주: 독일(외교·관용 제한없음, 일반 90일), 영국(외교·관용·일반 90일), 프랑스(외교·관용·일반 90일), 러시아(외교·관용 90일, 일반 60일), 이탈리아(외교·관용·일반 90일)
아프리카주: 모로코(외교·관용·일반 90일), 이집트(외교·관용 90일), 튀니지(외교·관용·일반 30일)
대양주: 뉴질랜드(외교·관용·일반 3개월)",,260504 사증민원 자격별 안내 매뉴얼.hwp,p. 15,data/parsed/raw/visa_manual.md:1-287,"B-2, C-3, A-1, A-2","사증면제, 사증면제협정, 협정상 체류기간, 활동범위, 취업 제외, 영리 제외, 국가별 제한, 체결국가","대한민국과 사증면제협정을 체결한 국가의 국민으로서 그 협정에 의한 활동을 하려는 자
2. 대한민국과 사증면제협정을 체결한 국가의 국민으로서 그 협정에 따라 면제대상이 되는 사람
협정상의 체류기간

C-3(단기방문) 활동범위를 기본으로 하되 협정에 따라 제외되는 활동은 할 수 없으며, 협정에서 제외되는 활동을 하고자 입국하고자 할 때는 사증을 받아야 함
※ 예컨대, 말레이시아 국민이 친선경기 등을 위하여 입국하고자 할 경우에는 비자를 발급받아야 함
사증면제협정체결 국가 국민인 경우에도 체류기간이 협정기간(통상 3월)을 초과 하거나 단기취업 등 영리 혹은 유급행위에 종사하고자 하는 자는 반드시 해당 사증을 발급받아 입국하여야 함

| 외교여권 | 관용여권 | 일반여권 | 선원수첩 |
| --- | --- | --- | --- |
| 111 | 109 | 67 | 19 |
※ 사증면제협정 발효대기․일시정지 국가 제외","우리나라랑 사증면제협정 맺은 국가에서 오면 비자 없이 들어올 수 있어요?
사증면제로 들어오면 얼마나 머물 수 있어요?
사증면제로 들어와서 일해도 되나요?
어떤 나라는 사증면제로 와도 활동에 제한이 있어요?",미검수,
B-2,B-2,사증,사증발급,,,"관광·통과 목적 입국자
국제친선, 관광 또는 대한민국의 이익 등을 위하여 입국하는 사람으로서 대통령령으로 정하는 바에 따라 따로 입국허가를 받은 사람",관광·통과 등의 목적으로 대한민국에 사증 없이 입국하려는 자,,,,"1회 부여 체류기간 상한: 법무부장관이 따로 정하는 기간
활동범위: 관광·통과 (C-3 단기방문 활동범위를 기본으로 하되 상호주의에 따라 활동범위를 별도로 정한 경우 그에 따름)
국가별 무사증 체류기간 (2022.9.22. 기준):
- 일본/마카오/홍콩/타이완/쿠웨이트: 90일
- 사우디아라비아/바레인/브루나이/오만/카타르: 30일
- 미국: 90일
- 캐나다: 6개월
- 호주/세르비아/슬로베니아/크로아티아/에콰도르: 90일
- 모나코/안도라/바티칸 등 유럽소국: 30일","사증면제협정 또는 관광통과 목적으로 입국한 자에 대하여는 원칙적으로 체류기간 연장이나 체류자격 변경허가를 하지 아니하므로 체류기간이 협정기간 또는 법무부장관이 따로 정하는 기간을 초과하는 경우에는 반드시 사증을 발급받아 입국하여야 함
사증면제(B-1), 관광통과(B-2) 자격은 사증발급인정서 발급 제외대상임",,,,,,,,"무사증입국 허가대상 국가 일람표 (2022.9.22. 기준)
아시아주(10): 사우디아라비아 30일, 마카오 90일, 바레인 30일, 브루나이 30일, 오만 30일, 일본 90일, 카타르 30일, 쿠웨이트 90일, 타이완 90일, 홍콩 90일
북미주(2): 미국 90일, 캐나다 6개월
남미주(5): 가이아나 30일, 아르헨티나 30일, 에콰도르 90일, 온두라스 30일, 파라과이 30일
유럽주(11): 모나코 30일, 몬테네그로 30일, 바티칸 30일, 사이프러스 30일, 산마리노 30일, 세르비아 90일, 슬로베니아 90일, 안도라 30일, 알바니아 30일, 크로아티아 90일, 보스니아헤르체고비나 30일
대양주(13): 괌·나우루·뉴칼레도니아·마셜제도·미크로네시아·사모아·솔로몬군도·키리바시·통가·투발루·팔라우·피지 30일, 호주 90일
아프리카주(5): 남아프리카공화국·모리셔스·세이셸·에스와티니 30일, 보츠와나 90일",,260504 사증민원 자격별 안내 매뉴얼.hwp,p. 21,data/parsed/raw/visa_manual.md:288-382,"B-1, C-3","관광통과, 무사증, 관광, 통과, 체류기간 연장, 자격변경 제한, 사증발급인정서 제외, 일람표","관광·통과 등의 목적으로 대한민국에 사증 없이 입국하려는 자
1회 부여 체류기간의 상한: 법무부장관이 따로 정하는 기간
국제친선·관광 또는 대한민국의 이익 등을 위하여 법무부장관이 따로 정하는 국가 국민에 대하여 무사증입국 허용

사증면제협정 또는 관광통과 목적으로 입국한 자에 대하여는 원칙적으로 체류기간 연장이나 체류자격 변경허가를 하지 아니하므로 체류기간이 협정기간 또는 법무부장관이 따로 정하는 기간을 초과하는 경우에는 반드시 사증을 발급받아 입국하여야 함
사증면제(B-1), 관광통과(B-2) 자격은 사증발급인정서 발급 제외대상임

국제친선 ․ 관광 또는 대한민국의 이익 등을 위하여 법무부장관이 따로 정하는 국가 국민에 대하여 무사증입국 허용
아시아주(10) 사우디아라비아 30일, 마카오 90일, 일본 90일, 카타르 30일, 쿠웨이트 90일, 타이완 90일, 홍콩 90일","한국에 관광 목적으로 갈 때 비자 없이 들어갈 수 있어요?
관광통과 자격은 얼마나 머물 수 있어요?
관광으로 한국에 들어왔는데 더 머물 수 있나요?
무사증으로 들어왔는데 다른 비자로 바꿀 수 있어요?",미검수,
C-1,C-1,사증,사증발급,,,"외국 보도기관 파견 단기 취재·보도자
외국 보도기관 계약 단기 취재·보도자
외국 언론사 지사 설치 준비자","외국의 신문, 방송, 잡지, 기타 보도기관으로부터 파견되어 단기간 취재·보도활동을 하려는 자
외국의 보도기관과의 계약에 의하여 단기간 취재·보도활동을 하려는 자
외국 언론사의 지사 설치 준비를 위해 단기간 활동을 하는 자","- 사증발급신청서 (별지 제17호 서식)
- 여권
- 표준규격사진 1매
- 수수료
- 소속회사의 파견증명서, 재직증명서 또는 외신보도증",지사 설치 후 계속 체류하게 되는 자에 대하여 취재(D-5) 자격으로 변경허가 가능,,"1회 부여 체류기간 상한: 90일
활동범위: 일시취재·보도, 외국언론사 지사 설치 준비
체류자격 일시취재(C-1) 자격 해당자에 대한 체류기간 90일 이하의 단수사증 발급",,,,,,,,,,,260504 사증민원 자격별 안내 매뉴얼.hwp,p. 24,data/parsed/raw/visa_manual.md:288-382,D-5,"일시취재, 보도, 외신, 지사 설치, 단기 90일, 사증발급신청서, 파견증명서, 외신보도증","외국의 신문, 방송, 잡지, 기타 보도기관으로부터 파견되어 단기간 취재․보도활동을 하려는 자
외국의 보도기관과의 계약에 의하여 단기간 취재․보도활동을 하려는 자
외국 언론사의 지사 설치 준비를 위해 단기간 활동을 하는 자
※지사 설치 후 계속 체류하게 되는 자에 대하여 취재(D-5) 자격으로 변경허가 가능

① 사증발급신청서 (별지 제17호 서식), 여권, 표준규격사진 1매, 수수료
② 소속회사의 파견증명서, 재직증명서 또는 외신보도증","외국 방송국에서 한국에 취재하러 가려면 어떤 비자를 받아요?
일시취재 비자는 얼마나 머물 수 있어요?
지사 설치 끝나면 비자를 어떻게 바꿔요?
외신기자가 단기 취재로 한국에 가려면 무슨 서류 내야 해요?",미검수,
C-1 (사증발급인정서),C-1,사증,사증발급인정서,사증발급인정서,"특정국가 국민은 원칙적으로 법무부장관, 출입국·외국인청장이 발급한 사증발급인정서에 따라 사증 발급",,,"- 사증발급인정신청서 (별지 제21호 서식)
- 여권사본
- 표준규격사진 1매
- 소속회사의 파견증명서, 재직증명서 또는 외신보도증
대리인 신청시: 위임장, 대리인 재직증명서, 대리인 신분증 사본 추가 제출","사증발급인정서를 제출하지 아니한 자에 대하여는 공관장이 사증발급승인을 요청하여 법무부장관의 승인을 받아 사증을 발급할 수 있음
특정국가 거주 무국적자는 특정국가 국민의 사증발급기준에 준하여 처리",,,,,,,,,,,,,260504 사증민원 자격별 안내 매뉴얼.hwp,p. 25,data/parsed/raw/visa_manual.md:288-382,,"일시취재, 사증발급인정서, 특정국가, 외신보도증, 위임장","1. 특정국가 국민에 대한 일시취재(C-1) 사증발급인정서 발급
① 사증발급인정신청서 (별지 제21호 서식), 여권사본, 표준규격사진 1매
② 소속회사의 파견증명서, 재직증명서 또는 외신보도증
➠ 대리인 신청시 : 위임장, 대리인 재직증명서, 대리인 신분증 사본 추가 제출","특정국가 출신 외신기자는 사증발급인정서가 꼭 필요해요?
대리인이 사증발급인정서를 신청할 때 어떤 서류 더 내요?",미검수,
C-3 (C-3-1~C-3-9),C-3,사증,사증발급,C-3-1~C-3-9,"중국 국민(C-3-1 ~ C-3-9. 단, C-3-2 제외)에 대한 5년/10년 복수사증
미얀마, 캄보디아, 스리랑카, 인도네시아, 라오스, 네팔, 파키스탄, 필리핀, 베트남, 인도, 방글라데시 국민
「재외동포의 출입국과 법적지위에 관한 법률」제2조제2호에 해당되는 외국국적동포로서 60세 이하인 자
모국을 방문하고자 하는 외국국적동포","60세 이하 외국국적동포 (중국)
모국을 방문하고자 하는 외국국적동포","시장조사, 업무연락, 상담, 계약 등의 상용활동
관광, 통과, 요양, 친지 방문, 친선경기, 각종 행사나 회의 참가 또는 참관, 문화예술, 일반연수, 강습, 종교의식 참석, 학술자료 수집, 그 밖에 이와 유사한 목적으로 90일을 넘지 않는 기간 동안 체류하려는 사람
유효기간 5년 사증발급 대상:
- 대학(전문대학 포함) 강사 등 교원 및 초·중·고교 교사 (조교수 이상은 10년 복수사증 가능)
- 공관장이 인정한 유명 예술가, 연예인 및 운동선수
- 중국인 단체 관광객 인솔 여행사의 가이드로 3회 이상 입국한 적이 있는 자
- 우리나라 방문경력이 있는 자
- 연간 교역액 미화 3만 불 이상 사기업의 관리자 이상 또는 2년 이상 정규 직원
- 부동산, 금융재산, 사업체 등 개인재산 200만 위안 이상 보유 입증자
- 월 5,000위안(연 60,000위안) 이상 소득이 있는 사람
- 17세 미만 55세 이상인 자
유효기간 10년 사증발급 대상:
- 의사, 변호사, 교수, 공·사기업(자본금 50억 이상) 대표 등 전문직업인
- 국내 4년제 대학 학사 이상 또는 해외 석사학위 이상 소지자
- 중국 공무원 또는 공무보통여권 소지자
- 100만불(10억원) 이상 우리나라에 투자한 기업의 임직원
- 중국기업연합회 선정 500대 기업의 과장급 이상 또는 6개월 이상 재직자
유효기간 5년 사증발급 대상:
- 우리나라를 방문한 경력이 있는 자
- 공무원, 국영기업체, 정기 항공사·선사 임직원
- 연간 미화 8천 달러 이상 소득자 또는 우수 신용카드 소지자
- 자원·에너지 개발·판매 관련 기업인
- 기업체 대표, 상장회사 관리직 직원(1년 이상 근무)
- 대학 강사 등 교원 및 초·중·고교 교사
- 퇴직 후 연금 수령 55세 이상
- 국내 전문대학 졸업자
- 부동산·금융재산·사업체 등 개인재산 20만불 이상 보유자
- 65세 이상인 자
유효기간 10년 사증발급:
- 의사, 변호사, 회계사, 교수, 공·사기업(자본금 50억 이상) 대표 등 전문직업인
- 대한민국 4년제 대학 학사 이상 또는 해외 석사학위 이상 소지자
- 중앙부처 과장급 이상 공무원 및 그 가족
- 현직 국회의원
외국국적을 소지한 국민의 배우자 (단, 결혼동거 목적 신청 시 제외)
대한민국 국민과 결혼하여 양국에 혼인신고를 마치고 1년 이상 정상적인 혼인관계를 유지하고 있는 자의 부모 및 미성년 자녀
대한민국 국적을 취득한 자의 부모 및 자녀 (결혼이민자 불문)
범죄경력증명 서류: 해당 국가의 권한 있는 기관이 발급한 3개월 이내 공적문서로 자국 내의 모든 범죄 경력 포함
국적국 내 범죄경력 확인시스템 미흡 시 거주지 관할 내무기관 등의 증명서로 대체 가능
6개월 이상 해외에서 거주한 경우에는 거주기간 거주국 범죄경력 포함
「재외동포의 출입국과 법적 지위에 관한 법률」제2조제2호에 해당되는 외국국적동포","- 사증발급신청서
- 여권
- 사진
- 수수료
C-3-1 단기일반:
- 초청장 등 입국목적(행사, 일반연수 등)을 소명하는 서류
C-3-2 단체관광:
- 보증관련 서류
C-3-4 일반상용:
- 초청장(초청회사의 사업자등록증 또는 등기부등본 사본 포함) 등 상용목적 입증서류
C-3-9 일반관광:
- 국내 체류 경비 지불을 위한 재정능력 또는 신분입증서류 (공관장이 지정, 최대 2종)
- 사증발급신청서, 여권, 사진, 수수료
- 재직증명서, 신용카드 사용내역서, 사회보험 가입증명서, 납세증명서, 대학졸업증명서 등 (재정능력·신분 입증서류 중 2종 이내)
- 사증발급신청서
- 여권 사본
- 가족관계를 입증할 수 있는 서류
- 사증발급신청서
- 여권 사본
- 외국국적 동포임을 입증하는 국적국의 공적서류(거민증, 호구부 등)
- 해외범죄경력증명 (14세 이상 외국국적동포로서 동포방문(C-3-8) 사증을 신청하는 사람)
- 사증발급신청서(별지 제17호 서식), 여권 및 사본, 표준규격사진 1매, 수수료
- 외국국적동포임을 입증하는 국적국의 공적서류","국가, 출생지, 호구부 관할에 관계없이 사증발급 신청 가능",,"1회 부여 체류기간 상한 90일
C-3-1, C-3-2, C-3-4, C-3-9: 체류기간 90일 이내, 유효기간 3월
C-3-2 단체사증: 15일 이내
단기방문(C-3-2, C-3-10 제외), 체류기간 90일, 유효기간 5년 또는 10년
단, 일반관광(C-3-9)의 체류기간은 신분이 확실하거나 불법취업 가능성이 없는 신청인에 대해서는 90일, 그 밖에는 30일 이내 부여
5년 복수사증: 단기방문(C-3-2, C-3-10 제외), 체류기간 30일
10년 복수사증: 단기방문(C-3-2, C-3-10 제외), 체류기간 90일 이내
체류자격 단기일반(C-3-1), 체류기간 90일, 유효기간 5년 복수사증
5년 유효한 동포방문(C-3-8, 090) 복수사증
5년 유효한 동포방문(C-3-8, 090일) 복수사증","단기방문(C-3) 자격은 영리를 목적으로 하는 사람에게 발급할 수 없음 (일정한 노무, 기술 등을 제공하고 이에 상당한 보수를 받는 취업활동은 발급대상이 아님)
(실질적인 영리활동) 보수성경비를 국내가 아닌 해외에서 지급받더라도 각종 계약에 의하여 국내 공·사 기관에 파견되어 실질적인 서비스를 제공하거나 사업 수주 등으로 국내 공·사 기관에 파견되어 실질적인 업무를 하는 경우는 단기 체류자격(B1, B2, C3)의 활동범위를 벗어난 것으로 영리행위에 해당
국내에서 「특정강력범죄의 처벌에 관한 특별법」제2조에서 규정한 '특정강력범죄'중 제1항 제1호부터 제6호까지의 범죄 및 마약, 보이스피싱, 상습음주운전(3회 이상)에 해당하는 범죄로 형을 선고받은 사실이 있는 사람과 기타 범죄로 금고 이상의 형을 선고받은 사실이 있는 사람은 입국규제 여부에 관계없이 실질심사를 통하여 사증발급 제한 가능
단기방문(C-3) 자격으로 취업활동은 불가","범죄경력증명 제출면제대상:
- 60세 이상인 사람
- 13세 이하인 사람(형사 미성년자)
- 국가유공자(독립유공자)와 그 유족
- 특별공로(국익증진) 동포",,,,,,,"단기방문(C-3) 세부 약호
C-3-1 단기일반: 단기방문(C-3) 활동범위 내에 있는 모든 자 중 C-3-2~C-3-9 제외
C-3-2 단체관광 등: 보증개별, 단체관광 등 관광, 공항만 소무역활동 등 목적
C-3-3 의료관광: 의료관광 사증 및 사증발급인정서 발급지침 대상자 중 단기방문자
C-3-4 일반상용: 시장조사, 업무연락, 상담, 계약, 소규모 무역활동 등 상용활동자 및 APEC카드 소지자
C-3-5 협정상 단기상용: 협정에 따라 단기상용 목적 입국자 (CEPA, FTA - 인도·칠레)
C-3-6 우대기업초청 단기상용: 우대기업으로 선정된 기업·단체 초청자
C-3-7 도착관광: 공항에 입국하여 도착비자를 받아 입국하는 자
C-3-8 동포방문: 동포방문 사증 발급 대상자
C-3-9 일반관광: C-3-2(단체관광 등)에 포함되지 않는 일반 관광객
C-3-10 순수환승: 대한민국을 경유하여 제3국으로 여행하려는 자 (입국심사 목적 사용 불가)",,260504 사증민원 자격별 안내 매뉴얼.hwp,p. 26,"data/parsed/raw/visa_manual.md:288-382
data/parsed/raw/visa_manual.md:5321-6181","B-1, B-2, C-4, D-9, F-6, F-4, H-2","단기방문, 상용활동, 관광, 친지방문, 90일, 영리 제외, 세부약호, 사증발급신청서","시장조사, 업무연락, 상담, 계약 등의 상용활동
관광, 통과, 요양, 친지 방문, 친선경기, 각종 행사나 회의 참가 또는 참관, 문화예술, 일반연수, 강습, 종교의식 참석, 학술자료 수집, 그 밖에 이와 유사한 목적으로 90일을 넘지 않는 기간 동안 체류하려는 사람
※ 단기방문(C-3) 자격은 영리를 목적으로 하는 사람에게 발급할 수 없음

C-3-1 단기일반 단기방문(C-3) 활동범위 내에 있는 모든 자 중, 아래 순수관광(C-3-2) ~ 동포방문(C-3-9)을 제외
C-3-2 단체관광 등 체류기간 경과시 대행사(여행사)가 책임을 지는 보증개별, 단체관광 등 관광, 공항만 소무역활동 등을 목적으로 입국하려는 자
C-3-3 의료관광 의료관광 사증 및 사증발급인정서 발급지침 대상자 중 단기방문자

1. 단기일반(C-3-1)
다. 제출 서류
① 사증발급신청서, 여권, 사진, 수수료
② 초청장 등 입국목적(행사, 일반연수 등)을 소명하는 서류
3. 일반상용(C-3-4)
라. 제출 서류
① 사증발급신청서, 여권, 사진, 수수료
② 초청장(초청회사의 사업자등록증 또는 등기부등본 사본 포함) 등 상용목적 입증서류

1. 중국 국민(C-3-1 ~ C-3-9. 단, C-3-2 제외)
 유효기간 5년(체류기간 90일) 사증발급 대상
① 대학(전문대학 포함) 강사* 등 교원 및 초․중․고교 교사
* 조교수 이상의 경우에는 유효기간 10년 복수사증 발급 가능
 유효기간 10년(체류기간 90일) 사증발급 대상
➀ 의사﹐변호사, 교수*, 공·사기업**대표 등 전문 직업인

3. 동남아국가 국민에 대한 복수사증 발급(C-3-1 ~ C-3-9. 단, C-3-2 제외)
가. 발급 대상국가
미얀마, 캄보디아, 스리랑카, 인도네시아, 라오스, 네팔, 파키스탄, 필리핀, 베트남, 인도, 방글라데시

5. 결혼이민자 및 대한민국 국적취득자의 가족에 대한 특례 (C-3-1)
가. 발급 대상
외국국적을 소지한 국민의 배우자
대한민국 국민과 결혼하여 양국에 혼인신고를 마치고 1년 이상 정상적인 혼인관계를 유지하고 있는 자의 부모 및 미성년 자녀
대한민국 국적을 취득한 자의 부모 및 자녀 (결혼이민자 불문)
나. 사증발급 발급 내용
체류자격 단기일반(C-3-1), 체류기간 90일 유효기간 5년 복수사증

6. 중국동포에 대한 복수사증발급(C-3-8)
가. 발급 대상
「재외동포의 출입국과 법적지위에 관한 법률」제2조제2호에 해당되는 외국국적동포로서 60세 이하인 자
다. 사증발급 내용
5년 유효한 동포방문(C-3-8, 090) 복수사증

○「재외동포의 출입국과 법적 지위에 관한 법률」제2조제2호에 해당되는 외국국적동포
○ 5년 유효한 동포방문(C-3-8, 090일) 복수사증
※ 단기방문(C-3) 자격으로 취업활동은 불가","출장이나 관광으로 90일 동안 한국에 가려면 어떤 비자를 받아요?
단기방문 비자로 한국에서 일해도 되나요?
친지 방문으로 한국에 가려면 어떤 자격인가요?
단기방문 비자에 세부 종류가 있는데 뭐가 달라요?",미검수,
C-3 (전자사증),C-3,사증,전자사증,전자사증,"해외 우수인력 및 관광객 유치지원 등을 위한 사증발급 절차 간소화의 일환으로 교수 등, 연구원 등에 대해 재외공관 방문 없이 온라인으로 사증을 발급 받을 수 있는 제도","- 교수(E-1), 연구(E-3), 기술지도(E-4), 전문직업(E-5), 첨단과학기술분야 고용추천서(GOLD CARD)를 발급받은 특정활동(E-7) 자격 외국인
- 상기 전문인력의 배우자 및 미성년 자녀
- 보건복지부에 등록한 외국인환자 유치기관 중 법무부장관이 ""의료관광 우수 유치기관""으로 지정한 우수 유치기관에서 초청한 외국인 환자 및 그 동반자
- 외국인 지문확인시스템 도입 '12.1.1. 이후 3회 이상 단기방문(C-3) 자격으로 입국한 사실이 있고 국내 체류기간 중 불법체류나 기타 범법사실이 없었던 자로 상용목적으로 국내 기업(초청자)의 초청을 받은 자
- 재외공관장이 지정(법무부장관 승인)한 국외 전담여행사가 사증신청을 대행하는 단체관광객","전문인력 및 전문인력의 동반가족
외국인 환자와 동반가족 및 간병인
상용목적 빈번 출입국자
단체관광객","상용목적 빈번 출입국자 제출서류:
- 사증발급신청서, 여권, 사진, 수수료
- 초청장(초청사유와 귀국보장 각서내용 포함)
- 초청자 신분증 사본",,,"일반상용(C-3-4), 체류기간 90일 이내, 유효기간 3월 단수사증",,,,,,,"국내 기업(초청자), 의료관광 우수 유치기관, 국외 전담여행사",산업통상자원부장관의 위임을 받은 대한무역투자진흥공사(KOTRA) 또는 중소기업청장의 위임을 받은 중소기업진흥공단이 해외 우수기술인재에게 발급하는 고용추천서,,,260504 사증민원 자격별 안내 매뉴얼.hwp,p. 26~27,data/parsed/raw/visa_manual.md:288-382,"E-1, E-3, E-4, E-5, E-7","전자사증, 전문인력, GOLD CARD, 의료관광 유치기관, 빈번 출입국자, KOTRA","【전자사증 제도는】해외 우수인력 및 관광객 유치지원 등을 위한 사증발급 절차 간소화의 일환으로 교수 등, 연구원 등에 대해 재외공관 방문 없이 온라인으로 사증을 발급 받을 수 있는 제도
- 교수(E-1), 연구(E-3), 기술지도(E-4), 전문직업(E-5), 첨단과학기술분야 고용추천서(GOLD CARD)를 발급받은 특정활동(E-7) 자격 외국인
3. 상용목적 빈번 출입국자
◦ (발급대상) 외국인 지문확인시스템을 도입한 '12. 1. 1. 이후 3회이상 단기방문(C-3) 자격으로 입국한 사실이 있고 국내 체류기간 중 불법체류나 기타 범법사실이 없었던 자로 상용목적으로 국내 기업(초청자)의 초청을 받은 자","한국에 자주 출장 가는 사람도 온라인으로 비자를 받을 수 있어요?
교수나 연구원도 전자사증을 받을 수 있나요?
외국인 환자가 의료관광 비자를 온라인으로 받을 수 있어요?",미검수,
C-3 (C-3-3),C-3,사증,사증발급인정서,C-3-3,"의료관광 유치기관의 초청으로 국내 의료기관에서 진료 또는 요양할 목적으로 입국하고자 하는 외국인 환자
투자시설에 기준금액 이상을 투자한 외국인 및 법인의 임원, 주주와 그 동반가족(부모, 배우자, 자녀, 배우자의 부모)으로서 외국인 등록을 하지 않고 수시 방문하고자 하는 사람
대한민국 비자포털(www.visa.go.kr)을 통해 우대기업으로 선정된 기업·단체로부터 초청을 받은 자","외국인 환자
외국인 환자의 간병 등을 위해 동반입국이 필요한 배우자 등 동반가족 (외국인 환자의 배우자, 직계가족, 형제, 자매)
환자송출계약국가의 국비지원 대상자이거나 의료관광 우수 유치기관의 전자비자 초청자인 경우 4촌 이내 방계가족까지 허용
투자시설에 기준금액 이상을 투자한 외국인 및 법인의 임원, 주주와 그 동반가족(부모, 배우자, 자녀, 배우자의 부모)으로서 외국인 등록을 하지 않고 수시 방문하고자 하는 사람
대한민국 비자포털(www.visa.go.kr)을 통해 우대기업으로 선정된 기업·단체로부터 초청을 받은 자","기준금액 이상이 본인의 해외자본으로 투자되었음을 입증
투자를 완료한 경우에 한하며, 투자 예정 또는 투자 진행 중인 자는 대상 아님
우대기업으로 선정되려면 중소벤처기업부장관, 중소기업중앙회장, 한국무역협회장의 추천을 받은 기업·단체이어야 함","- 사증발급인정신청서(별지 제21호 서식)
- 여권사본
- 표준규격사진 1매
- 의료기관에서 발급한 의료목적 입증서류
- 치료 및 체류비용 조달 능력을 입증할 수 있는 서류
- 사업자등록증 사본 및 유치기관 등록증 사본
- 가족관계 입증서류(동반입국 필요 배우자 및 동반가족 한함)
- 사증발급인정신청서, 여권 사본
- 부동산 매매계약서, 부동산 등기부등본
- 국내 외국환은행에서 발행한 국제송금 전신문, 외국환매입증명서 등
- 가족관계 증명서 (배우자, 미혼 자녀의 송금 또는 동반 신청 시에 한함)
- 사증발급인정신청서(별지 제21호 서식)
- 여권
- 표준규격사진
- 재직증명서
- 우대기업 발행 초청장","「의료법」상 외국인 환자 유치 의료기관 또는 유치업자로 등록한 자
유치기관으로 등록한 초청자가 온라인(visa.go.kr)으로 사증발급인정서를 신청하는 경우에만 허용
신청기관: 투자시설 소재지(투자시설이 2곳 이상인 경우 투자금액이 많은 지역) 관할 출입국·외국인청(사무소·출장소)",,"치료 및 여행기간 90일 이하 단기: 체류자격 C-3-3, 체류기간 90일 이내, 단수사증 3월, 더블사증 6월, 복수사증 5년 이내
치료 및 여행기간 91일 이상 장기: 체류자격 G-1-10, 체류기간 1년 이내의 복수사증
체류자격 단기일반(C-3-1), 체류기간 90일, 유효기간 3년 복수사증
체류자격 우대기업초청 단기상용(C-3-6), 체류기간 90일, 유효기간 1년 복수사증","아래 21개 국가 국민에게 C-3-3을 발급할 경우에는 체류기간 90일의 단수사증 또는 더블사증으로 발급:
중국, 필리핀, 인도네시아, 방글라데시, 베트남, 몽골, 태국, 파키스탄, 스리랑카, 인도, 미얀마, 네팔, 이란, 우즈베키스탄, 카자흐스탄, 키르키즈스탄, 우크라이나, 나이지리아, 가나, 이집트, 페루
베트남의 경우 '16.4.1.부터 사증발급인정서 및 전자사증 발급 제한
결격사유:
- 국내법을 위반하여 금고 이상의 실형을 선고받고 형 집행 종료 또는 면제일로부터 5년이 지나지 않은 경우
- 금고 이상 형의 집행유예 판결확정일로부터 5년 미경과
- 300만 원 이상 벌금형 납부일로부터 3년 미경과
- 강제퇴거명령 출국일 7년/출국명령 출국일 5년 미경과
- 입국금지 사유 해당
- 허위 서류 제출
- 투자시설에 매도·임대·담보·압류 등이 이루어지거나 수익 목적으로 활용한 경우
기 선정된 우대기업만 대상으로 함(우대기업 선정 종료)",우수 유치기관이 초청하는 경우에는 피초청인에 대한 재정능력 입증서류 생략 가능,,,,,"의료법상 외국인 환자 유치 의료기관 또는 유치업자
우대기업으로 선정된 기업·단체","중소벤처기업부장관, 중소기업중앙회장, 한국무역협회장 추천",,,260504 사증민원 자격별 안내 매뉴얼.hwp,p. 46~48,data/parsed/raw/visa_manual.md:288-382,"G-1, F-2, F-5","의료관광, 외국인환자, 유치기관, 의료목적 입증서류, 사증발급인정서, 단기방문, 관광휴양시설 투자이민, 부동산","3. 의료관광 유치기관의 초청을 받은 자(C-3-3)
가. 발급 대상
의료관광 유치기관*의 초청으로 국내 의료기관에서 진료 또는 요양할 목적으로 입국하고자 하는 외국인 환자
다. 사증발급인정서 발급 내용
치료 및 여행기간이 90일 이하 단기인 경우 : 체류자격 C-3-3, 체류기간 90일 이내로 하되, 사증유효기간은 단수사증 3월, 더블사증 6월 및 복수사증은 5년 이내

1. 관광·휴양시설 투자이민자에 대한 복수사증 발급(C-3-1)
가. 신청 대상자
투자시설에 기준금액 이상을 투자한 외국인 및 법인의 임원, 주주와 그 동반가족(부모, 배우자, 자녀, 배우자의 부모)으로서 외국인 등록을 하지 않고 수시 방문하고자 하는 사람
라. 사증발급인정서 발급 내용
체류자격 단기일반(C-3-1), 체류기간 90일, 유효기간 3년 복수사증

4. 외국인 초청절차 우대기업의 초청을 받은 자(C-3-6)
가. 발급 대상
대한민국 비자포털(www.visa.go.kr)을 통해 우대기업으로 선정된 기업․단체로부터 초청을 받은 자
나. 사증발급인정서 발급 내용
체류자격 우대기업초청 단기상용(C-3-6), 체류기간 90일, 유효기간 1년 복수사증","의료관광으로 한국 가려면 어떤 비자를 받아요?
외국인 환자 동반가족도 같이 한국에 갈 수 있어요?
91일 넘게 치료가 필요하면 어떤 비자로 바꿔야 해요?
관광·휴양시설에 투자하면 한국 단기방문 복수비자 받을 수 있어요?",미검수,
C-4 (C-4-5),C-4,사증,사증발급,C-4-5,"수익을 목적으로 단기간 취업활동을 하려는 자
국내기업의 IT, 전자상거래, BT, NT, 신소재, 수송기계, 디지털전자, 환경·에너지, 기술경영 분야 종사자로서 소관부처 장관의 고용추천이 있는 자
영어캠프 등에서 90일 이하 회화지도 활동을 하는 자
체류기간 90일 이하의 단기간 동안 국내에서 수익을 목적으로 하는 일시흥행, 광고·패션모델 등의 취업활동을 하는 자 또는 상금과는 별개로 체재비를 상회하는 보수 또는 수당 등을 받거나 받기로 하고 운동경기, 바둑시합, 가요 경연 등에 참가하는 사람
전문대학 이상의 교육기관 등에서 통상의 체재비를 초과하는 수익이 발생하는 계약에 따라 90일 이하 단기간 강의, 연구 등의 활동을 하는 초빙교수 등",수익을 목적으로 단기간 취업활동을 하려는 자,"계절근로 단기취업(C-4-1~4): 해당자는 계절근로(E-8) 자격 참조
계절근로외 단기취업(C-4-5):
- 일시흥행 활동 (예술흥행 E-6 자격 참조)
- 광고·패션활동 (예술흥행 E-6 자격 참조)
- 강의·강연: 수익이 따르는 계약에 의하여 국내 공·사기관 등으로부터 초청되어 단기간 강연·강의활동을 하는 자
- 연구·기술지도 (연구 E-3, 기술지도 E-4 자격참조)
- 공·사기관과의 계약에 의한 직업 활동 (특정활동 E-7 자격 참조)
- 수입기계 등의 설치·보수 등 용역제공계약, 구매계약, 사업수주 계약 등에 의해 파견되어 보수성 경비를 지급받고 근무하는 자
- 정보기술 등 첨단기술 분야 (IT, 전자상거래, BT, NT, 신소재, 수송기계, 디지털전자, 환경·에너지, 기술경영)
우대심사 적용대상(우수업체) 초청업체 요건:
- 법인사업자
- 대중문화예술기획업 등록
- 최근 3년 이내 최소 5억원 이상 매출실적
- 최근 3개월 간 국민 상시근로자 5인 이상 고용
- 업력 5년 이상(또는 대표이사 동종업계 종사경력 5년 이상)
- 사업자등록증 상 매니지먼트, 엔터테인먼트, 모델에이전시 등 관련 업종만
- 체납 사실 없을 것
외국인 요건:
- 불법체류 다발 고시국가, 기타 법위반 고위험 국가가 아닐 것 (중국, 필리핀, 인도네시아, 방글라데시, 베트남, 몽골, 태국, 파키스탄, 스리랑카, 인도, 미얀마, 네팔, 이란, 우즈베키스탄, 카자흐스탄, 키르키즈스탄, 우크라이나, 나이지리아, 가나, 이집트, 페루)","- 사증발급신청서 (별지 제17호 서식)
- 여권
- 표준규격사진 1매
- 수수료
- 고용계약서
- 소관부처(산하단체)의 고용추천서
- 공사기관 설립관련 서류 (사업자등록증, 법인등기부등본)
- 사증발급신청서 (별지 제17호 서식)
- 여권
- 표준규격사진 1매
- 수수료
- 학위관련 검증서류(택1):
  - 학위증 사본(아포스티유 확인 또는 영사확인)
  - 해당 대학에서 발행한 학위취득 증명서(아포스티유 확인 또는 영사확인)
  - 학위취득 사실이 기재된 졸업증명서(아포스티유 확인 또는 영사확인)
- 범죄경력증명서(아포스티유 또는 영사확인)
- 고용계약서
- 사업자등록증, 법인등기부등본 또는 교육기관 설립관계 서류
- 평생교육시설등록증 등 평생교육시설 신고수리·지정관련 서류
- 영어캠프 운영일정표 및 강의시간표(해당 외국인 참여시간 표기)
- 사증발급신청서(별지 제17호 서식)
- 여권
- 표준규격 사진 1매
- 수수료
공연법 규정에 의한 공연자:
- 영상물등급위원회(제주는 도지사)의 공연추천서(추천제외대상공연은 면제)
- 공연계획서, 공연계약서
- 피초청인이 미성년자인 경우, 법정대리인의 동의서
관광진흥법 호텔·유흥업소 공연 또는 연예활동자:
- 영상물등급위원회의 공연추천서
- 연예활동계획서
- 자격증명서 또는 경력증명서
- 신원보증서
- 미성년자의 경우 법정대리인 동의
체재비 상회 보수·수당을 받는 운동경기 등 참가자:
- 주최 측이 발급한 초청장 또는 참가확인서
- 보수·수당 기재 계약서
광고 모델 일반심사:
- 사업자등록증
- 대중문화예술기획업 등록증
- 부가가치세 과세표준증명
- 납세증명서
- 고용계약서, 신원보증서, 이력서, 보호자 동의서 (미성년)
- 광고촬영·패션쇼 관련 계약서, 모델 사용 개요, 국내 활동 계획서
- 모델의 전문성을 입증할 수 있는 서류
그 밖의 경우:
- 소관 중앙행정기관의 장의 고용추천서 또는 고용의 필요성을 입증하는 서류
- 미성년자의 경우 법정대리인 동의서
- 사증발급신청서 (별지 제17호 서식)
- 여권
- 표준규격사진 1매
- 수수료
- 고용(강의·강연)계약서 또는 강의료 액수 등 수익금액이 기재되어 있는 초청장
- 신청인의 학위증 사본 및 재직증명서
- 초청 교육기관 등의 설립관련 서류 (사업자등록증 또는 법인등기사항전부증명서)",영사 인터뷰 필수,,"1회 부여 체류기간 상한 90일
체류기간 90일 이하의 복수사증","수익이 따르지 않는 경우는 단기방문(C-3)에 해당됨
단순노무 직종은 단기취업(C-4-5) 자격에 해당되지 않음
평생교육시설이 등록(신고)된 위치를 벗어난 시설에서 캠프를 운영하기 위해 외국인강사를 초청(채용)하는 경우 사증발급 불허 (학원법 제14조 위반)
관광업소에서의 연주, 가요, 곡예, 마술에 대한 공연추천은 '주한 미8군 영내클럽, 관광진흥법상 3급 이상 관광호텔, 관광유람선, 휴양콘도미니엄, 관광극장유흥업, 외국인전용음식점, 국제회의시설의 부대시설'을 제외하고 추천하지 않음","공익목적 초청에 의한 강의·강연 (C-4-5 비자 면제 조건, 모두 충족 필요):
- (초청자) 정부(지자체 포함), 대학, 정부출연기관 등 비영리기관이 학술 또는 공익 목적으로 초청
- (대상기관 제한) 피초청인이 강연·강의·자문 활동을 할 수 있는 국내 기관은 체류기간 중 5개를 초과할 수 없음
- (활동기간 제한) 체류기간 중 강의·강연·자문 등의 활동기간은 7일을 초과할 수 없음",,,,,"전문대학 이상의 교육기관, 정부, 대학, 정부출연기관 등 비영리기관","소관부처(산하단체)의 고용추천서
영상물등급위원회 공연추천서
소관 중앙행정기관의 장의 고용추천서",,,260504 사증민원 자격별 안내 매뉴얼.hwp,p. 49~51,data/parsed/raw/visa_manual.md:383-413,"C-3, E-3, E-4, E-6, E-7, E-8, E-2, E-1, B-1, B-2","단기취업, 계절근로, 첨단기술, 강의 강연, 일시흥행, 90일, IT, BT","□ 계절근로 단기취업(C-4-1~4)
- 해당자는 계절근로(E-8) 자격 참조
□ 계절근로외 단기취업(C-4-5)
일시흥행 활동
- 해당자는 예술흥행(E-6) 자격 참조
정보기술 등 첨단기술 분야
- 국내기업의 정보기술(IT), 전자상거래 등 기업정보화(e-business), 생물산업(BT), 나노기술(NT), 신소재분야(금속, 세라믹, 화학), 수송기계, 디지털전자 및 환경․에너지, 기술경영 분야에 종사하고자 하는 자
➠ 단순노무 직종은 단기취업(C-4-5) 자격에 해당되지 않음

1. 아래 대상자에 대한 체류기간 90일 이하의 복수사증
대상자
국내기업의 정보기술(IT), 전자상거래 등 기업정보화(e-business), 생물산업(BT), 나노기술(NT), 신소재분야(금속, 세라믹, 화학), 수송기계, 디지털전자 및 환경․에너지, 기술경영 분야에 종사하고자 하는 자로서 소관부처 장관의 고용추천이 있는 자
첨부서류
① 사증발급신청서 (별지 제17호 서식), 여권, 표준규격사진 1매, 수수료
② 고용계약서 ③ 소관부처(산하단체)의 고용추천서
④ 공사기관 설립관련 서류 (사업자등록증, 법인등기부등본)

3. 영어캠프 등에서 90일 이하 회화지도 활동을 하는 자
첨부서류
① 사증발급신청서 (별지 제17호 서식), 여권, 표준규격사진 1매, 수수료
② 학위관련 검증서류(아래 사항 중 택1)
- 학위증 사본(아포스티유 확인 또는 해외주재 대한민국 공관의 영사확인)
③ 범죄경력증명서(아포스티유 또는 해외주재 대한민국 공관의 영사확인)

4. 체류기간 90일 이하의 단기간 동안 국내에서 수익을 목적으로 하는 일시흥행, 광고․패션모델 등의 취업활동을 하는 자 또는 상금과는 별개로 체재비를 상회하는 보수 또는 수당 등을 받거나 받기로 하고 운동경기, 바둑시합, 가요 경연 등에 참가하는 사람
② 영상물등급위원회(제주특별자치도의 경우 제주특별자치도지사)의 공연추천서(추천제외대상공연은 면제)
③ 대중문화예술기획업 등록증

5. 교수(E-1) 또는 특정활동(E-7) 자격 대상자로서 수익이 따르는 계약 등에 따라 90일 이하 강의․강연․연구활동을 하는 자 (대학교원 또는 관련분야 전문가 등)
가. 적용대상 및 자격기준
전문대학 이상의 교육기관 등에서 통상의 체재비를 초과하는 수익이 발생하는 계약*에 따라 90일 이하 단기간 강의, 연구 등의 활동을 하는 초빙교수 등
【공익목적 초청에 의한 강의·강연】
고용계약에 따른 취업활동이 아닌 초청에 의한 1회성 강의·강연·자문활동 등의 경우 아래와 같은 조건 하에서 단기취업(C-4-5) 비자가 아닌 단기 체류자격(C-3, B-1, B-2) 소지자도 활동 가능","90일 짧게 한국에서 일하려면 어떤 비자를 받아요?
농업이나 어업으로 잠깐 한국에서 일할 수 있어요?
수익이 없는 강연이면 단기취업 비자가 맞나요?
IT 같은 첨단기술 분야로 90일 짧게 한국 가려면 어떤 서류 내요?",미검수,
C-4 (C-4-1~4),C-4,사증,사증발급인정서,C-4-1~4,계절근로 단기취업(C-4-1~4)자에 대한 사증발급인정서 발급,"지자체가 고용주에게 배정한 해외 체류 외국인
결혼이민자 또는 외국국적동포의 국내 체류 가족은 사증발급인정서 신청 대상이 아니고 체류자격외활동허가 신청 대상임",,"- 표준근로계약서
- 내국인 구인노력 증빙자료(구인 광고내용 사본 및 최종 구인실적 등)
- 외국인 계절근로자 여권 사본
- MOU 외국인: 본국에서의 농·어업 종사 이력
- 결혼이민자의 4촌 이내 친척: 결혼이민자 신분증, 국내용 혼인·가족관계 증명서, 기본증명서, 결혼이민자의 친척 관계도, 거주국 가족관계증명서
- 숙소시설표
- 업무협약(MOU) 체결 결과서 등","신청자: (시·군·구)기초자치단체장
신청시기: 농·어업 작업시기, 사증발급인정서 발급 소요 기간(신청일로부터 약 10일 소요) 고려
신청 방법: 비자포털(www.visa.go.kr)을 통하여 신청",,"C-4-1(단수) MOU 체결 외국지자체 농업 90일
C-4-2(단수) 결혼이민자 농업 90일
C-4-3(단수) MOU 체결 외국지자체 어업 90일
C-4-4(단수) 결혼이민자 어업 90일",국내 결혼이민자와의 가족(친척)관계가 입증되어야 하며 영어 이외의 외국어로 되어있을 때는 번역자 확인서 및 번역문을 첨부(공증불요),,,,,,"(시·군·구)기초자치단체장, 농·어가 고용주",,"계절근로 사증발급인정서 종류
C-4-1(단수) | MOU 체결 외국지자체 | 농업 | 90일
C-4-2(단수) | 결혼이민자 | 농업 | 90일
C-4-3(단수) | MOU 체결 외국지자체 | 어업 | 90일
C-4-4(단수) | 결혼이민자 | 어업 | 90일",,260504 사증민원 자격별 안내 매뉴얼.hwp,p. 55,data/parsed/raw/visa_manual.md:383-413,"E-8, F-6","단기취업, 계절근로, 농업, 어업, 표준근로계약서, 결혼이민자 친척, MOU","□ 계절근로 단기취업(C-4-1~4)자에 대한 사증발급인정서 발급
◦ 신청자
- (시·군·구)기초자치단체장
◦ 사증발급인정서로 신청하는 계절근로 사증 종류
C-4-1(단수) MOU 체결 외국지자체 농업 90일
C-4-2(단수) 결혼이민자 농업 90일
C-4-3(단수) MOU 체결 외국지자체 어업 90일
C-4-4(단수) 결혼이민자 어업 90일","농촌에서 계절근로로 한국 가려면 어떤 비자를 받아요?
결혼이민자 친척이 계절근로로 들어올 수도 있어요?
계절근로 사증발급인정서는 누가 신청해요?",미검수,
D-1,D-1,사증,사증발급,,한국국제교류재단 및 한국문화예술위원회의 초청을 받아 문화예술 활동을 하고자 하는 자,"- 논문작성, 창작 활동을 하는 자
- 비영리 학술활동·예술단체의 초청으로 학술 또는 순수 예술 활동에 종사하는 자
- 대한민국의 고유문화 또는 예술에 대하여 전문적으로 연구하거나 전문가의 지도를 받으려는 자 (태권도 등 전통무예, 한국무용, 서예, 궁중음악, 참선, 농악 등)","수익을 목적으로 하지 아니하는 학술 또는 예술상의 활동
「전문가」라 함은 무형문화재 또는 국가공인 기능보유자 등을 말하며, 순수예술 분야의 연구단체나 해당 분야의 저명한 인사로부터 지도를 받는 자를 포함하나 영리목적의 사설학원에서의 연수자는 해당되지 않음","- 사증발급신청서 (별지 제17호 서식)
- 여권
- 표준규격사진 1매
- 수수료
- 초청장
- 문화예술단체임을 입증하는 서류 (전문가의 지도인 경우에는 그 자의 경력증명서)
- 이력서 또는 경력증명서
- 체류 중 일체의 경비지불능력을 증명하는 서류",상기 이외의 경우에는 모두 사증발급인정서에 의해 사증발급,,"체류기간 상한 2년
체류기간 1년 이하의 단수사증",체류기간이 90일 이하인 경우에는 단기방문(C-3-1) 자격에 해당,,,,,,"한국국제교류재단, 한국문화예술위원회",,,,260504 사증민원 자격별 안내 매뉴얼.hwp,p. 57,data/parsed/raw/visa_manual.md:383-413,C-3,"문화예술, 학술, 비영리, 한국무용, 태권도, 무형문화재, 한국국제교류재단, 한국문화예술위원회","수익을 목적으로 하지 아니하는 학술 또는 예술상의 활동
- 논문작성, 창작 활동을 하는 자
- 비영리 학술활동․예술단체의 초청으로 학술 또는 순수 예술 활동에 종사하는 자
- 대한민국의 고유문화 또는 예술에 대하여 전문적으로 연구하거나 전문가의 지도를 받으려는 자
체류기간이 90일이하의 단기인 경우에는 단기방문(C-3) 자격임

1. 한국국제교류재단 및 한국문화예술위원회의 초청을 받아 문화예술 활동을 하고자 하는 자에 대한 체류기간 1년 이하의 단수사증
첨부서류
① 사증발급신청서 (별지 제17호 서식), 여권, 표준규격사진 1매, 수수료
② 초청장
③ 문화예술단체임을 입증하는 서류
④ 이력서 또는 경력증명서
⑤ 체류 중 일체의 경비지불능력을 증명하는 서류","한국에서 한국무용이나 태권도 같은 걸 배우러 오려면 어떤 비자를 받아요?
수익 없이 학술이나 예술 활동만 하면 문화예술 비자가 맞나요?
영리 학원에서 배우는 것도 문화예술 비자 대상인가요?
한국국제교류재단 초청으로 한국 오려면 어떤 서류 내요?",미검수,
D-2,D-2,사증,사증발급,,,,"(교육기관) 「고등교육법」 및 특별법에 따라 설립된 전문대학 이상의 교육기관이나 학술 연구기관으로서 법무부장관이 정하는 요건을 갖춘 대학 또는 부설 어학원
(외국인 유학생) 위 교육기관에서 정규과정의 교육을 받거나 특정 연구를 하고자 하는 외국인으로서 유학(D-2) 및 어학연수(D-4-1, D-4-7)
국립국제교육원 및 국방부초청 정부 장학생은 교육원장 및 국방부장관이 발급한 초청장으로 대체
중국(중국 내 학력·학위 취득자에 한함): 중국 교육부 운영 학력·학위인증센터 발행 학위 등 인증 보고서 제출
베트남: 은행에서 발행한 지급유보방식의 별도 유학경비 잔고증명서","- 사증발급(인정)신청서, 여권사본, 사진 1매(6개월 이내 촬영 반명함)
- 교육기관 사업자등록증 (또는 고유번호증) 사본
- 표준입학허가서 (대학 총·학장 발행)
- 결핵진단서 (해당자에 한함)
- 가족관계 입증서류 (부모의 잔고증명 등을 제출한 경우에 한함)
- 최종학력 입증서류 (아포스티유 또는 영사확인)
- 재정능력 입증서류 (1년간 등록금 및 체재비 상당하는 금액)
특정 연구과정(D-2-5):
- 최종학력 입증서류(석사학위이상 소지자 원칙)
- 신원보증서 또는 재정능력 입증서류(잔고증명, 연구수당 지급 확인서)
- 특정연구과정임을 입증하는 서류
교환학생(D-2-6):
- 소속(본국) 대학의 장이 발급한 추천서
- 교환학생임을 입증하는 서류 (초청 대학의 공문, 학생교류 협정서)
- 1학기 이상을 외국 정규대학에서 수학하였음을 입증하는 서류","1) 입학허가 신청 (해당대학, 본인)
2) 표준입학허가서 발급·등록 (유학생정보시스템 FIMS, 유학생담당자)
3) 사증발급신청·발급 (재외공관, 본인 또는 대리인) - 인정번호 제출
4) 입국 (공항만)
신청 장소: 신청인의 거주국 또는 최종학교 소재지 관할 공관에서 신청 원칙",,"1회 부여 체류기간 상한 2년
전문학사~박사과정(D-2-1~D-2-4): 체류기간 2년 이내, 단수
연구과정(D-2-5): 체류기간 1년 이내, 단수
교환학생(D-2-6): 체류기간 1년 이내, 단수
국방부 초청 수탁교육생(D-2-2~D-2-4): 체류기간 2년 이내, 단수
방문학생(D-2-8): 체류기간 1년 이내, 단수
인도국민(D-2-1, D-2-5): 체류기간 2년, 유효기간 5년 복수 (교육기간 5년 미만은 교육기간 동안 유효한 복수 사증)
어학연수생(D-4-1, D-4-7): 체류기간 6개월 이내, 단수","(제외) 다음 대상은 유학 체류자격 대상 교육기관에서 제외:
- 방송대학·통신대학·방송통신대학 및 사이버대학(원격대학)
- 「평생교육법」 제2조제2호에 따른 평생교육기관
- 「국민 평생 직업능력 개발법」 제2조제5호에 따른 기능대학 중 '직업훈련과정'
- 유학 체류자격을 허용하는 일부 야간 학위과정을 제외한 야간대학 및 대학원
야간대학, 원격대학(방송대학, 통신대학, 사이버대학) 및 한국폴리텍대학 직업훈련과정은 FIMS 등록여부와 관계없이 유학(D-2), 어학연수(D-4-1) 사증발급 제외 대상
학위과정인 다기능기술자과정은 인정
야간대학원은 주간과정이 없는 경우에만 예외적으로 인정
전문학사, 어학연수, 단기유학생의 경우 배우자 및 자녀에 대한 동반사증(F-3) 발급 제한
직업전문학교 학생(직업능력개발 훈련시설)은 유학(D-2) 사증발급 신청 대상이 아님 (직업능력개발 훈련시설의 운영취지에 부합하지 아니함)","유학 체류자격을 허용하는 야간 학위과정: 주간 교육과정이 없는 야간대학원, 전문대학 전공심화 야간과정으로서 관할 출입국관서의 야간 학위과정 사전심사를 거친 교육과정
인도적 사유에 해당하는 경우 동반사증 허용",,,,,,,"적용대상별 세부약호
D-2-1 전문학사과정
D-2-2 학사과정
D-2-3 석사과정
D-2-4 박사과정
D-2-5 연구과정
D-2-6 교환학생
D-2-7 일-학습연계 유학
D-2-8 방문학생
D-4-1 한국어 연수
D-4-7 외국어 연수
D-2 유학 약호별 사증발급 내용
D-2-1 ~ D-2-4 전문학사~박사과정: 체류기간 2년 이내, 단수
D-2-5 연구과정: 체류기간 1년 이내, 단수
D-2-6 교환학생: 체류기간 1년 이내, 단수
D-2-8 방문학생: 체류기간 1년 이내, 단수
인도국민(D-2-1, D-2-5): 체류기간 2년, 유효기간 5년 복수
D-4-1, D-4-7 어학연수생: 체류기간 6개월 이내, 단수",,260504 사증민원 자격별 안내 매뉴얼.hwp,p. 59,data/parsed/raw/visa_manual.md:383-413,"D-4, F-3","유학, 전문대학 이상, 정규과정, 학사, 석사, 박사, 교환학생, 표준입학허가서","❍ (교육기관) ｢고등교육법｣ 및 특별법에 따라 설립된 전문대학 이상의 교육기관이나 학술 연구기관으로서 법무부장관이 정하는 요건을 갖춘 대학 또는 부설 어학원
❍ (외국인 유학생) 위 교육기관에서 정규과정의 교육을 받거나 특정 연구를 하고자 하는 외국인으로서 유학(D-2) 및 어학연수(D-4-1, D-4-7)

공통서류
① 사증발급(인정)신청서, 여권사본, 사진 1매(6개월 이내 촬영 반명함)
② 교육기관 사업자등록증 (또는 고유번호증) 사본
③ 표준입학허가서 (대학 총․학장 발행)
④ 결핵진단서 (해당자에 한함)
⑥ 최종학력 입증서류
⑦ 재정능력 입증서류
- 1년간 등록금 및 체재비 상당하는 금액

3. 발급 절차
입학허가 신청 ⇨ 표준입학허가서 발급·등록 ⇨ 사증발급신청·발급 (인정번호 제출) ⇨ 입국
4. 발급 내용
전문학사~박사과정 D-2-1 ~ D-2-4 체류기간 2년 이내, 단수
연구과정 D-2-5 체류기간 1년 이내, 단수
인도국민 D-2-1, D-2-5 체류기간 2년, 유효기간 5년 복수
어학연수생 D-4-1, D-4-7 체류기간 6개월 이내, 단수

☞ 전문학사, 어학연수, 단기유학생의 경우 배우자 및 자녀에 대한 동반사증(F-3) 발급 제한
- 단, 인도적 사유에 해당하는 경우 허용
Q. 직업전문학교 학생은 유학사증을 발급받을 수 있나?
A. ｢근로자직업능력 개발법｣에 의하면 직업전문학교 등의 명칭을 사용하는 '직업능력개발 훈련 시설'은 고령자ㆍ장애인, ｢국민기초생활 보장법｣에 따른 수급권자 등 취약계층에 대한 직무수행 능력 습득ㆍ향상 등의 공익적 기능을 수행하기 위해 고용노동부장관으로부터 시설지정을 받은 기술전문학원임.","한국 대학교에 정규 학생으로 들어가려면 어떤 비자를 받아요?
유학비자에 학사·석사·박사가 따로 있나요?
사이버대학이나 평생교육원도 유학비자 대상이에요?
한국 유학 비자 받으려면 어떤 서류가 기본으로 필요해요?",미검수,
D-2 (사증발급인정서),D-2,사증,사증발급인정서,사증발급인정서,,,"(우대) 우수인증대학(유학 및 어학연수)
(관리) 쿠바, 시리아, 마케도니아, 코소보 국민 유학 및 어학연수
(관리) 중국, 베트남, 몽골, 우즈베키스탄 국민 중 아래 대상자 (정부초청장학생은 사증발급 가능):
- 하위대학 어학연수, 교환학생, 방문학생
- 일반대학 어학연수",,"신청 장소: 입학예정대학 소재지 관할 출입국·외국인청(사무소·출장소)
온라인신청: 사증포털시스템(www.visa.go.kr) (유학생 담당자에 한함)
분교 입학생은 분교소재지(사업자등록증 기준이 아닌 실질적인 소재지) 관할 출입국·외국인청에서 처리",,,,,,,,,입학예정대학,,,,260504 사증민원 자격별 안내 매뉴얼.hwp,p. 63,data/parsed/raw/visa_manual.md:383-413,D-4,"유학, 사증발급인정서, 우수인증대학, 쿠바, 시리아, 중국, 베트남, 몽골","1. 발급 대상
❍ (우대) 우수인증대학(유학 및 어학연수)
❍ (관리) 쿠바, 시리아, 마케도니아, 코소보 국민 유학 및 어학연수
❍ (관리) 중국, 베트남, 몽골, 우즈베키스탄 국민 중 아래 대상자
- 하위대학 어학연수, 교환학생, 방문학생
- 일반대학 어학연수","중국이나 베트남 학생은 한국 유학 비자를 어떻게 받아요?
우수인증대학에 들어가면 사증발급인정서로 받을 수 있어요?
쿠바·시리아 같은 국적이면 어떤 절차를 거쳐요?",미검수,
D-2 (전자사증),D-2,사증,전자사증,전자사증,,,"우수 인증대학: 모든 유학과정(D-2-1~D-2-8)
인증대: 석사(D-2-3) 또는 박사(D-2-4) 과정 입학생",,"신청 장소: 사증포털시스템(www.visa.go.kr)
사증발급 일반 사항 준용",,,"쿠바, 시리아, 마케도니아, 코소보 국적 유학생 제외",,,,,,,,,,260504 사증민원 자격별 안내 매뉴얼.hwp,p. 64,data/parsed/raw/visa_manual.md:383-413,,"유학, 전자비자, 우수인증대학, 석사, 박사","1. 발급 대상
❍ 우수 인증대학 : 모든 유학과정(D-2-1~D-2-8)
❍ 인증대 : 석사(D-2-3) 또는 박사(D-2-4) 과정 입학생
❍ 다만, 쿠바, 시리아, 마케도니아, 코소보 국적 유학생 제외
2. 신청 장소
❍ 사증포털시스템(www.visa.go.kr)","한국 석사·박사로 갈 때 온라인으로 전자비자 받을 수 있어요?
우수인증대 학생은 어떤 유학과정이라도 전자비자 신청할 수 있어요?",미검수,[자동 플래그] D-2 sub-program 4종 합본 — 분리 검토 필요
D-3 (D-3-1),D-3,사증,사증발급인정서,D-3-1,"「출입국관리법」제9조(사증발급인정서) 및 제19조의2(외국인의 기술연수활동)에 근거하여 산업체에서 연수하고자 하는 외국인
기술연수업체","해외합작투자법인·해외현지법인의 생산직 직원, 기술수출·플랜트수출 외국기업 생산직 직원
「출입국관리법」제9조(사증발급인정서) 및 제19조의2(외국인의 기술연수활동)에 근거하여 산업체에서 연수하고자 하는 외국인","법무부장관이 정하는 연수조건을 갖춘 자로서 국내 산업체에서의 연수활동
외국환거래법에 의거 외국에 직접 투자한 산업체에서 연수를 받고자 하는 자
외국에 기술을 수출하는 산업체로서 법무부장관이 기술연수가 필요하다고 인정하는 산업체에서 연수를 받고자 하는 자
대외무역법에 의거 외국에 산업설비를 수출하는 산업체에서 연수를 받고자 하는 자
해당국 정부의 법령에 의해 합법적으로 설립되고 가동되어 3개월이 경과된 해외합작투자법인 또는 우리기업의 해외현지법인의 생산직 직원
우리나라 기업과 미화 10만불 이상의 기술 도입 또는 기술제휴 계약 체결 외국기업의 생산직 직원
본선 인도가격 미화 50만불 상당액 이상의 플랜트를 수입한 외국기업의 생산직 직원
체류자격 약호:
- D-3-11: 해외직접투자업체 연수생
- D-3-12: 기술투자(기술수출업체) 연수생
- D-3-13: 플랜트수출업체 연수생
1. 해당국 정부의 법령에 의해 합법적으로 설립되고 가동되어 3개월이 경과된 해외합작투자법인 또는 우리기업의 해외현지법인의 생산직 직원으로 그 나라에서 기술습득이 불가능하거나 어려워 연수가 필요하다고 인정되는 외국인
2. 우리나라 기업과 미화 10만불 이상의 기술 도입 또는 기술제휴 계약을 체결하여 기술을 수입하였거나 우리나라 기업으로부터 본선 인도가격 미화 50만불 상당액 이상의 플랜트를 수입한 외국기업의 생산직 직원
제3조(연수생 요건):
1. 18세 이상 40세 이하의 신체 건강한 자일 것
2. 현지 법인의 근무경력이 3개월 이상일 것 (다만, 핵심기능인력은 제외)
3. 과거 연수생 자격으로 체류한 경우 출국한지 1년 이상일 것
4. 국립국제교육원의 한국어능력시험(TOPIK) 2급 이상 취득 또는 세종학당재단의 세종학당 초급2 이상 과정 수료
- 다만, 국내 대학에서 학사학위 이상 취득한 자 또는 한국어교육 이행각서 제출 기술연수업체에서 연수받고자 하는 자는 제외
실무연수비율: 전체연수시간의 70%를 초과할 수 없음","- 사증발급인정신청서 (별지 제21호 서식), 여권사본, 표준규격사진 1매
- 피초청자가 기술연수생 요건을 구비하였음을 입증하는 서류 (현지법인등록증 사본, 재직증명서 및 여권사본, 한국어능력입증자료)
- 연수내용을 확인할 수 있는 연수계획서(별첨 3)
- 초청자의 신원보증서
- 초청업체가 연수허용대상 업체임을 입증할 수 있는 서류 (해외직접투자신고서, 송금영수증, 기술수출계약서, 플랜트수출승인서 등)
- 연수허용인원 산정에 필요한 초청업체의 내국인 상시 근로자 수 입증서류 (사업장별 피보험자격내역서)
- 기타 자체 연수시설(공정)과 적정한 숙박시설 구비 등 연수환경을 확인할 수 있는 자료
- 사증발급인정신청서 (별지 제21호 서식), 여권사본, 표준규격사진 1매
- 피초청자가 기술연수생 요건을 구비하였음을 입증하는 서류
  ① 현지법인등록증(또는 설립인가서) 사본 (영사확인 必)
  ② 현지법인의 장이 발급한 피초청자 재직증명서 및 여권사본 (영사확인 必)
  ③ 한국어능력입증자료
- 연수내용을 확인할 수 있는 연수계획서
- 초청자의 신원보증서
- 초청업체가 연수허용대상 업체임을 입증할 수 있는 서류:
  ① 해외직접투자산업체: 해외직접투자신고(수리)서, 송금영수증/송금사실확인서, (현물투자 시) 세관 발행 수출면장
  ② 기술수출산업체: 기술수출계약서(국문) 사본, 지식경제부 장관 승인서
  ③ 플랜트수출산업체: 플랜트수출승인서(변경승인서 포함)
- 연수허용인원 산정에 필요한 초청업체의 내국인 상시 근로자 수 입증서류
- 기타 자체 연수시설(공정)과 적정한 숙박시설 구비 등 연수환경을 확인할 수 있는 자료","기술연수 사증발급은 반드시 출입국·외국인청(사무소·출장소)장이 발급한 사증발급인정서를 제출받아 그 인정서의 내용에 따라 발급
주재국 우리공관이 있는 경우 현지법인등록증·재직증명서에 대한 영사확인 필요
출입국·외국인관서의 장은 연수허용인원기준을 초과하여 연수인원을 허가하고자 하는 경우에는 그 사유를 명시하여 법무부장관의 승인을 받아야 함 (다만, 연수허용인원의 50%를 초과할 수 없음)
체류기간 연장 시 제출서류:
- 신청서(별지34호 서식), 여권원본, 외국인등록증, 수수료
- 연수기간 연장신청 사유서
- 사업자등록증 및 공장등록증
- 국내법인 납세증명서
- 현지법인 납세사실 관련 증명 서류
- 연수생 임금 및 연수수당 지급 여부 확인서류
- 연수활동 입증서류(연수실적평가서류) - 연수일지, 면담일지, 한국어 교육 일지
- 신원보증서 원본
- 산업재해보상보험, 국민건강보험 가입증명서류 및 연수수당 등 체불에 대비한 보증보험 가입증명서류
- 체류지 입증서류
초청자가 사업장 주소지를 관할하는 출입국·외국인관서의 장에게 사증발급인정서 발급을 신청
공관장 재량으로 사증을 발급할 수 없음",,"1회 부여 체류기간의 상한 2년
기술연수생의 연수기간은 원칙적으로 입국한 날로부터 6개월을 초과할 수 없음
다만, 출입국·외국인관서의 장이 추가로 연수가 필요하다고 인정하는 경우 입국한 날부터 2년을 초과하지 않는 한도 내에서 그 연수기간을 연장할 수 있음
체류기간 6개월 이내의 사증발급인정서 발급 (D-3-11~13)","시행령 제24조의4제3항에 따라 기술연수 제한대상 외국인:
- 대한민국에서 금고이상의 형을 선고받은 사실이 있거나 외국에서 이에 준하는 형을 선고받은 사실이 있는 사람
- 대한민국에서 출국명령 또는 강제퇴거명령을 받고 출국한 사람
- 대한민국에서 6개월 이상 불법으로 체류한 사실이 있는 사람
- 불법취업할 목적으로 입국할 염려가 있다고 인정되는 사람
- 출입국관리법 제11조제1항 각호의 어느 하나에 해당하는 사람
실태조사 대상 업체:
1. 「출입국관리법」제19조제1항 규정에 의한 신고의무를 이행하지 않은 업체
2. 국내 기술연수업체 또는 연수생을 파견한 현지법인·외국기업의 가동상태가 중단된 업체
3. 사증발급인정서 발급 또는 체류기간연장을 위하여 허위로 작성한 서류 또는 위·변조된 서류를 제출한 업체
4. 연수수당 체불 또는 1일 8시간 초과 실무연수/야간 실무연수에 기본급 150%를 지급하지 않은 업체
5. 기술연수생의 여권, 금품 또는 임금 등을 강제로 보관하거나 저축한 업체
6. 입국항공료 등의 입국 비용을 기술연수생에게 부담시킨 업체
7. 기술연수생이 해외현지법인에서 근무한 업종과 다른 업종에서 연수시킨 업체
8. 실무연수비율(70%)을 위반한 업체
조치:
- 제1호: 과태료 부과
- 제2,4,5,6,7,8호: 체류기간 연장 불허
- 제3호: 통고처분(또는 형사고발) 및 기술연수생 체류허가 취소
- 제5호: 형사고발
- 제8호: 적발된 날로부터 1년간 연수생 초청 금지
연수생 관리 부실업체 (이탈률 10% 이상, 이탈인원 2명 이상): 이탈 기술연수생 수를 연수허용인원에서 제외","한국어능력 면제: 국내 대학에서 학사학위 이상의 학위를 취득한 자 또는 한국어교육 이행각서를 제출한 기술연수업체에서 연수받고자 하는 자
서류간소화: 과거 1년 이내에 서류를 제출한 적이 있는 기술연수업체에 대해서는 특별한 사유가 없는 한 동일한 서류 제출 면제
공신력 있는 기관 홈페이지에서 확인 가능한 상장기업 또는 전자공시업체의 서류는 원칙적으로 제출 면제, 팩스 또는 전자우편으로도 제출 허용
이탈 연수생에 대해 「출입국관리법」제19조 및 동 훈령에서 정한 의무를 성실히 이행하고 이탈 방지를 위한 상당한 주의의무를 다한 업체는 제외",,,,"직접투자한 해외기업의 수와 관계없이 연수업체별 연수허용인원 한도 내
1. 내국인 상시 근로자(임시직 및 기술연수생 제외) 총수의 8% 이내
단, 최대 200명을 초과할 수 없고, 부득이한 사유로 200명 초과시 법무부장관의 승인 필요
3. 외국국적 동포 기술연수생 초청 시: 제1호 허용인원 외에 외국국적동포 기술연수생 수의 50% 범위 내에서 초과 허용 (단, 총 초과허용인원은 제1호의 허용인원 상한의 50%를 초과하지 못함)
4. 연수생 관리 우수업체 (신청일 기준 최근 2년 이내 3회 이상 연수생 초청, 이탈자 없음, 출입국관리법 등 위반 없음): 제1호 허용인원 상한의 30% 범위 내에서 초과 허용","해외직접투자 산업체, 기술수출 산업체, 플랜트수출 산업체
초청자: 기술연수업체의 장 (그 업체의 주소지를 관할하는 출입국·외국인관서의 장에게 신청)",,기술연수 체류자격 세분류 (D-3-11/12/13),,260504 사증민원 자격별 안내 매뉴얼.hwp,p. 65~66,"data/parsed/raw/visa_manual.md:414-433
data/parsed/raw/visa_manual.md:4754-5320",,"기술연수, 해외직접투자, 기술수출, 플랜트수출, 사증발급인정서, 사증발급인정신청서, 신원보증서, 연수계획서","법무부장관이 정하는 연수조건을 갖춘 자로서 국내 산업체에서의 연수활동
외국환거래법에 의거 외국에 직접 투자한 산업체에서 연수를 받고자 하는 자
외국에 기술을 수출하는 산업체로서 법무부장관이 기술연수가 필요하다고 인정하는 산업체에서 연수를 받고자 하는 자
대외무역법에 의거 외국에 산업설비를 수출하는 산업체에서 연수를 받고자 하는 자

1. 사증발급인정신청서 (별지 제21호 서식), 여권사본, 표준규격사진 1매
2. 피초청자가 기술연수생 요건을 구비하였음을 입증하는 서류
3. 연수내용을 확인할 수 있는 연수계획서(별첨 3)
4. 초청자의 신원보증서

1. 해당국 정부의 법령에 의해 합법적으로 설립되고 가동되어 3개월이 경과된 해외합작투자법인 또는 우리기업의 해외현지법인의 생산직 직원으로 그 나라에서 기술습득이 불가능하거나 어려워 연수가 필요하다고 인정되는 외국인
2. 우리나라 기업과 미화 10만불 이상의 기술 도입 또는 기술제휴 계약을 체결하여 기술을 수입하였거나 우리나라 기업으로부터 본선 인도가격 미화 50만불 상당액 이상의 플랜트를 수입한 외국기업의 생산직 직원

1. 18세 이상 40세 이하의 신체 건강한 자일 것
2. 현지 법인의 근무경력이 3개월 이상일 것 (다만, 제2조제2항의 규정에 의한 핵심기능인력은 제외)
3. 과거 연수생 자격으로 체류한 경우 출국한지 1년 이상일 것
4. 국립국제교육원의 한국어능력시험(TOPIK)에서 2급 이상 취득 또는 세종학당재단의 세종학당 초급2 이상 과정을 수료할 것

1. 내국인 상시 근로자(임시직 및 기술연수생 제외) 총수의 8% 이내 단, 최대 200명을 초과할 수 없고, 부득이한 사유로 200명 초과시 법무부장관의 승인 필요
3. 외국국적 동포를 기술연수생으로 초청하는 경우
4. 연수생 관리 우수업체에서 기술연수생을 초청하는 경우

② 기술연수생의 연수기간은 원칙적으로 입국한 날로부터 6개월을 초과할 수 없다. 다만, 출입국․외국인관서의 장이 추가로 연수가 필요하다고 인정하는 경우 입국한 날부터 2년을 초과하지 않는 한도 내에서 그 연수기간을 연장할 수 있다.
제6조(실무연수비율) 기술연수생의 실무연수비율은 전체연수시간의 70%를 초과할 수 없다.

1. 사증발급인정신청서 (별지 제21호 서식), 여권사본, 표준규격사진 1매
2. 피초청자가 기술연수생 요건을 구비하였음을 입증하는 서류
3. 연수내용을 확인할 수 있는 연수계획서
4. 초청자의 신원보증서
5. 초청업체가 연수허용대상 업체임을 입증할 수 있는 서류

1.「출입국관리법」제19조제1항 규정에 의한 신고의무를 이행하지 않은 업체
4. 국내 연수업체에서 연수수당(연수생이 소속된 해외법인에서 지급한 기본급 이외에 국내연수업체가 지급하는 별도 수당)을 체불하거나, 1일 8시간을 초과하여 실시한 실무연수 또는 정규 근무시간 이외의 야간에 실시한 실무연수에 대해 기본급의 150%를 지급하지 않은 업체","한국 기업이 해외에 투자한 회사 직원인데 한국 가서 기술 배울 수 있어요?
기술연수로 한국에 얼마나 머물 수 있어요?
어떤 회사가 기술연수생을 초청할 수 있나요?
기술연수 비자 받으려면 무슨 서류 내요?",미검수,[자동 플래그] D-3 sub-program 3종 합본 — 분리 검토 필요
D-4 (D-4-1),D-4,사증,사증발급,D-4-1,,"어학연수생(D-4-1 한국어, D-4-7 외국어), 대학부설 어학원 연수생","유학(D-2) 자격에 해당하는 교육기관 또는 학술연구기관외에 교육기관이나 기업체·단체 등에서 교육 또는 연수를 받거나 연구하는 활동
대학부설 어학원에서 한국어를 연수하는 자
국·공립 연구기관이나 연수원 등에서 기술, 기능 등을 연수하는 자
외국인투자기업 또는 외국에 투자한 기업체 등에서 인턴(실습사원)으로 교육 또는 연수를 받거나 연구 활동에 종사하는 자
고등학교 졸업 이상의 학력 소지자로 상기 교육기관에서 어학연수를 하고자 하는 사람
외국어 연수(D-4-7)는 고등학교 이하의 학교 재학생도 포함
유학(D-2) 사증발급 대상에 해당하는 교육기관(대학) 부설 어학원
평생교육시설·사설학원 등은 일반연수(D-4) 사증발급대상에 포함되지 않음
(한국어 강사) 국립국어원이 발급한 한국어 교원(3급 이상, 외국인도 요건을 갖춘 경우 가능) 자격증을 소지한 사람으로 일정 인원 고용하고 있을 것
(강사 비율) 학생인원수 대비 강사 비율이 학생 30명당 강사 1명 이상일 것
(수업운영) 주중(월-금) 최소 4일 이상, 주당 주간 최소 15시간 이상의 어학연수 과정을 주간에 운영(반기 당 최소 300시간 이상 교육)
(주간 및 정규과정) 주간(일과시간으로 9시~18시)에 월요일~금요일 사이에 출석수업 방식으로 과정이 운영될 것","- 사증발급신청서 (별지 제17호 서식), 여권, 표준규격사진 1매, 수수료
- 교육기관 사업자등록증 사본 또는 고유번호증 사본
- 표준입학허가서 (대학 총·학장 발행)
- 재학증명서 또는 최종학력 입증서류
- 재정 입증서류 (1년간(어학연수 6개월)의 재정능력 입증을 원칙: 등록금 + 체재비)
- 연수계획서(강의시간표, 강사구성표, 연수시설 등의 내용을 포함)
부·모 잔고증명서 제출 시 가족관계증명서 추가 제출 필요
잔고증명서는 30일 이내 발급한 것만 유효",신청인의 거주국 또는 최종학교 소재지 관할 대한민국 공관에서 신청 원칙,,1회 부여 체류기간의 상한 2년 / 체류기간 6개월 이하 단수 일반연수(D-4) 사증,"쿠바, 시리아, 마케도니아, 코소보 국민은 사증발급인정서에 의해서만 사증발급
일반대학·하위대학에 입학하는 몽골, 베트남, 우즈벡, 중국의 어학연수생은 사증발급인정서에 의해서만 사증발급
평생교육시설·사설학원 등의 외국인학생 한국어연수는 불가
평생교육시설의 설립목적 및 운영취지에 부합하지 아니하고, 한국어 연수는 어학연수뿐만 아니라 우리 고유의 문화·제도 등에 관한 종합적인 습득과정이므로 정규 교육기관에서 전문적이고 체계적으로 실시 필요",90일 이하 체류 어학연수생은 단기일반(C-3-1) 사증 발급 대상,,,,,,,,,260504 사증민원 자격별 안내 매뉴얼.hwp,p. 69,data/parsed/raw/visa_manual.md:414-433,"D-2, C-3-1","일반연수, 어학연수, 한국어연수, 대학부설어학원, 한국어교원, 강사비율, 수업운영, 사증발급신청서","유학(D-2) 자격에 해당하는 교육기관 또는 학술연구기관외에 교육기관이나 기업체․단체 등에서 교육 또는 연수를 받거나 연구하는 활동
대학부설 어학원에서 한국어를 연수하는 자
고등학교 졸업 이상의 학력 소지자로 상기 교육기관에서 어학연수를 하고자 하는 사람

- (한국어 강사) 국립국어원이 발급한 한국어 교원(3급 이상, 외국인도 요건을 갖춘 경우 가능) 자격증을 소지한 사람으로 일정 인원 고용하고 있을 것
- (강사 비율) 학생인원수 대비 강사 비율이 학생 30명당 강사 1명 이상일 것
- (수업운영) 주중(월-금) 최소 4일 이상, 주당 주간 최소 15시간 이상의 어학연수 과정을 주간에 운영(반기 당 최소 300시간 이상 교육)

① 사증발급신청서 (별지 제17호 서식), 여권, 표준규격사진 1매, 수수료
② 교육기관 사업자등록증 사본 또는 고유번호증 사본
③ 표준입학허가서* (대학 총․학장 발행)
⑤ 재학증명서 또는 최종학력 입증서류
⑥ 재정 입증서류

❍ 평생교육시설 ･ 사설학원 등의 외국인학생 한국어연수는 불가
- 평생교육시설의 설립목적 및 운영취지에 부합하지 아니하고, 한국어 연수는 어학연수뿐만 아니라 우리 고유의 문화 · 제도 등에 관한 종합적인 습득과정이므로 정규 교육기관에서 전문적이고 체계적으로 실시 필요","대학 어학원에서 한국어 배우려면 어떤 비자 받아요?
고등학생인데 한국어 연수받으러 갈 수 있어요?
어학연수 비자로 한국에 얼마나 머물 수 있어요?
어학원이 외국인 학생 받으려면 어떤 조건 갖춰야 해요?",미검수,
D-4 (D-4-2K),D-4,사증,사증발급인정서,D-4-2K,"대상 9개국(베트남, 중국, 태국, 일본, 인도, 인도네시아, 말레이시아, 싱가포르, 필리핀)에 대해서만 허용, 2년간 시범운영
21개 불법체류 다발국가 자비부담 외국인유학생은 사증발급인정서 대상, 기타국가는 사증(재외공관장) 발급 대상
한국농수산식품유통공사(aT)의 추천을 받아 사증발급인정서 신청
사증발급인정서로만 사증발급 가능, 공관장 재량으로 사증 발급 불가","맞춤형 우수대학생(학사과정 3년 이상, 토픽 2급 이상, 29세 이하), 현지법인 전문인력
정부기관 또는 지방자치단체 초청 외국인 유학생
자비부담 외국인 유학생 (입학허가 받고 입학 예정이거나 재학 중)
자격요건·한국어능력·심신건강 3가지 요건을 모두 충족하는 자
만 18세 이상 30세 이하 고등학교 이상 학력 소지자","맞춤형 우수대학생: 기업이 현지 대학과 산학협력을 체결하고 후원·양성하는 학사과정 3학년 이상 재학생으로 토픽 2급 이상 소지자
현지법인 전문인력: 현지 법인에 채용된 전문인력으로 특정활동(E-7-1, 2) 자격 77개 직종 분야 국내 본사 인턴십 참여 예정자
초청자(국내 기업) 요건: 상기 대상국가에 진출하여 현지법인이나 지점·지사를 설립하고 운영 중인 기업의 국내 기업
초청인원: 사업장별 상시 근로자 수의 10% 내, 동시 인턴십 가능 인원 100명 초과 불가
맞춤형 우수대학생: 산학협력 체결 + 후원 + 학력·한국어·나이 요건 충족
현지법인 전문인력: 특정활동(E-7) 전문·준전문인력 자격 + 77개 직종
초·중등교육법 제2조 제1호 내지 제3호에 따른 초·중·고등학교
초·중등교육법 제2조 제5호 각종학교 중 외국인학교 및 대안학교
경제자유구역 및 제주국제자유도시 외국교육기관
한국과학기술원법 제14조의3 제1항에 따른 과학영재학교
자비부담 유학생: 학비를 전액 자비로 납부, 국내 체류 비용 부담 능력, 지정된 후견인 보유
후견인: 국내 체류 중인 국민 또는 등록외국인으로 친족관계 또는 친분관계 입증 가능자
불법체류 다발국가(21개국) 후견인은 연간 소득이 전년도 한국은행 고시 GNI 이상이거나 자산이 중위 수준 이상
후견인 1인당 후견 가능한 외국인유학생은 2명 이내
고졸 이상의 학력 소지자로서 조리사 근무경력 3년 이상인 자
외국조리사 자격증 소지자로서 조리사 근무경력 1년 이상인 자
조리 관련학과 학위증 (전문학사 포함) 소지자
조리 관련학과 (전문대학 이상 교육기관) 전공자로 1년 이상 수학자
한국어기초능력: TOPIK 1급 또는 B-KLAT 120점 이상, 국내 대학 전문학사 이상 학위 취득자, 사회통합프로그램 사전평가 21점 이상 또는 1단계(100시간) 이수자, 대학교부설 어학원 1분기(150시간) 이상 연수자, 한국어기초능력 증명 면제신청서 제출자 중 1개 충족
심신이 건강한 자 (폐결핵, 전염성 질환 등의 감염이 없을 것)
연수 허용기관 기준 6가지 모두 충족:
① 국내 상장기업 설립(또는 연계) 전문기술 교육기관, 대학부설 전문기술 교육기관, 해외 유명 전문기술 교육기관 국내 지사·독점 운영, 직업능력개발훈련법인, 직업기술 분야 평생직업교육학원, 평생교육법상 전공대학교 중 하나
② 설립된 후 1년 이상 경과
③ 교육과정 학비가 반기 기준 400만원(연 기준 800만원) 이상
④ 국가기술자격법 시행규칙 별표2 직업기술 교육 한정 (경영·사무관리 및 문화관광 계열, 도배·미장·세탁 등 제외)
⑤ 주중(월-금) 최소 4일 이상, 주당 최소 15시간 이상 주간 운영
⑥ 기숙사 및 자체 교육장 보유
외국인 연수생 기준:
① 만 18세 이상 30세 이하, 고등학교 이상 학력 소지자
② 체류경비 입증
③ 한국어능력: TOPIK 1급 이상 또는 세종학당 초급1 이상 (2026.1.1부터 TOPIK 2급, 세종학당 초급2 등으로 상향)","- 사증발급인정신청서 (별지 제21호 서식), 여권사본, 표준규격사진 1매
- 교육기관 사업자등록증(또는 고유번호증) 사본
- 입학허가서(학교장 발행, 붙임 1 서식)
- 최종 학력 입증서류(졸업증명서 또는 재학증명서 등)
자비부담 외국인유학생 추가서류:
- 학비 납부 내역서(수업료·기숙사비·입학금 등 유학관련 비용 일체)
- 국내 체류비용 부담 능력 입증서류 (3개월 이상 계속 예치된 기준 이상 금액의 잔고증명서)
- 후견 보증서 (붙임 2 서식)
- 후견인 재정능력 입증서류 (불법체류 다발국가 국민에 한함)
- 후견인과의 관계 증명서류
- 가족관계 입증서류 (불법체류 다발국가 국민에 한함)
정부기관 또는 지방자치단체 초청 외국인유학생 추가서류:
- 전액 장학생 입증서류
- 초청 목적 입증서류","입학예정 학교 소재지 관할 출입국·외국인청(사무소·출장소)
연수추천서 발급(aT) → 사증발급인정서 신청(교육기관, 출입국·외국인청) → 사증발급인정번호 발급 → 사증발급신청(재외공관) → 사증발급",,"체류기간 6개월 이내, 단수
체류기간 1년 이내, 단수
체류기간 6개월 이하, 단수 사증","초청제한: 사증발급인정서 발급 신청일 기준 과거 1년 이내 D-4-2K 참여자 중 10% 이상 불법체류자 발생 시 최종 발생일로부터 1년간 신규 초청 제한
국내에서 기업 맞춤형 인턴십(D-4-2K) 자격으로 체류자격 변경 불가
생산직 종사자는 제외
의무(무상) 교육기관 제외 (단, 정부·지자체 초청 전액 장학생은 청소년 교류 또는 교육 나눔 목적에 한해 허용)
유학원 및 홈스테이 관계자는 후견인 불가
교육과정 외부 기관 위탁 불가
국민 교육생 유치실적이 신청일로부터 최근 1년간 100명 이하인 교육기관은 연수생 초청 제한
초청인원 대비 불법체류율 초과 시 사유 발생일로부터 1년간 신규초청 제한 (15명 이하 30%, 16~50명 20%, 51명 이상 15%)
연수생에 대한 강제노동·인신매매·임금체불·성폭력·성희롱 등 관련 법령 위반 처벌 시 연수중단",고등학교 전·입학자로 해당학교 기숙사 입소자는 후견인 면제 (학교장 명의 입소확인서 필요),,,,"사업장별 상시 근로자 수의 10% 내, 동시 인턴십 가능 인원 100명 초과 불가
연수허용 인원은 과정에 상관없이 연수기관 당 총 300명 이내, 불법체류자 발생 수만큼 쿼터 감축","대상국가에 진출한 현지법인·지점·지사를 운영하는 국내 기업(본사 및 지점, 연구소 등)
초청자는 연수예정 교육기관의 대표
연수기관 소재지 관할 출입국외국인관서장이 허가",한국농수산식품유통공사(aT)의 추천서,"초청인원별 불법체류율 제재 기준
15명 이하 → 30%
16명 ~ 50명 → 20%
51명 이상 → 15%",,260504 사증민원 자격별 안내 매뉴얼.hwp,p. 72~74,data/parsed/raw/visa_manual.md:414-433,"E-7, E-7-1","기업맞춤형인턴십, K-Trainee, 산학협력, 토픽2급, 현지법인전문인력, 외국인유학생, 초중고, 후견인","❖ 기업이 현지 대학과 산학협력을 체결하고 후원 · 양성하는 학사과정 3학년 이상 재학생으로 토픽 2급 이상 소지하고 아래 ①~③ 요건을 모두 충족하는 사람
❖ 현지 법인에 채용된 전문인력으로 특정활동(E-7-1, 2) 자격의 77개 직종 분야 국내 본사 인턴십에 참여 예정인 사람

▪상기 교육기관에서 입학허가를 받고 입학 예정이거나 재학 중인 외국인 유학생으로서, 아래 요건을 갖추고 지정된 후견인이 있는 자
- 학비(수업료, 기숙사비, 입학금 등 유학관련 비용 일체)를 전액 자비로 납부했을 것
- 국내 체류 비용을 부담할 능력을 갖추고 있을 것

① 사증발급인정신청서 (별지 제21호 서식), 여권사본, 표준규격사진 1매
② 교육기관 사업자등록증(또는 고유번호증) 사본
③ 입학허가서(학교장 발행, 붙임 1 서식)
⑤ 학비 납부 내역서(수업료･기숙사비･입학금 등 유학관련 비용 일체)
⑦ 후견 보증서* (붙임 2 서식)

① 아래 자격요건 중 1가지 이상 해당자
- 고졸 이상의 학력 소지자로서 조리사 근무경력 3년 이상인 자
- 외국조리사 자격증 소지자로서 조리사 근무경력 1년 이상인 자
② 한국어기초능력 소유자 (아래 요건 중 1개를 충족할 것)
③ 심신이 건강한 자

① (연령 및 학력) 만 18세 이상 30세 이하로, 고등학교 이상의 학력소지자
② (체류경비) 연수기간동안의 국내 체재비를 입증하는 자
③ (한국어능력) 연수에 필요한 한국어능력을 보유한 자
- 한국어 능력 기준 : TOPIK 1급 이상 또는 세종학당 초급1 이상 과정 수료자","한국 기업이랑 산학협력한 대학 다니는데 인턴십 갈 수 있어요?
해외 현지법인 직원인데 한국 본사 인턴 받을 수 있어요?
K-Trainee 비자로 한국에 얼마나 있을 수 있어요?
한국 입국 후 다른 자격으로 바꿀 수 있나요?",미검수,
D-5,D-5,사증,사증발급,,국내에 지사나 지국이 이미 개설된 보도기관에 파견된 자와 동반가족(F-3)에 대한 체류기간 1년 이하의 단수사증,외국 보도기관 파견·계약 취재·보도 종사자,"외국의 신문, 방송, 잡지, 기타 보도기관으로부터 파견되어 국내에 주재하면서 취재·보도 활동을 하는 자
외국의 보도기관과의 계약에 의하여 국내에서 주재하면서 취재·보도 활동을 하는 자
국내에 지사나 지국이 이미 개설된 외국의 신문, 방송, 잡지, 기타 보도기관으로부터 파견되어 국내에서 취재·보도활동을 하는 자","- 사증발급신청서 (별지 제17호 서식), 여권, 표준규격사진 1매, 수수료
- 파견명령서 또는 재직증명서
- 국내 지국·지사 설치허가증이나 국내 지국·지사 운영자금 도입실적 증빙서류",,,"1회 부여 체류기간의 상한 2년
체류기간 1년 이하 단수사증","외국의 보도기관 국내 지사 등에서 취재·보도활동과 관련 없는 업무를 수행하는 자(통역, 행정업무, 운전기사 등의 행정요원과 코디네이터)는 제외
국내 보도기관과 계약을 맺고 행하는 활동은 D-5에 해당되지 않음","체류기간이 90일 이하인 경우에는 일시취재(C-1)자격에 해당
국내에 지국·지사가 없거나 증명을 발급받을 수 없는 외신은 주무부처(문화체육관광부 해외문화홍보원)의 협조공문으로 갈음 가능",,,,,,,,,260504 사증민원 자격별 안내 매뉴얼.hwp,p. 83,data/parsed/raw/visa_manual.md:434-473,"C-1, F-3","취재, 보도활동, 외국보도기관, 특파원, 사증발급신청서, 파견명령서, 지국설치허가증","외국의 신문, 방송, 잡지, 기타 보도기관으로부터 파견되어 국내에 주재하면서 취재ㆍ보도 활동을 하는 자
외국의 보도기관과의 계약에 의하여 국내에서 주재하면서 취재·보도 활동을 하는 자
※체류기간이 90일 이하인 경우에는 일시취재(C-1)자격에 해당

① 사증발급신청서 (별지 제17호 서식), 여권, 표준규격사진 1매, 수수료
② 파견명령서 또는 재직증명서
③ 국내 지국․지사 설치허가증이나 국내 지국․지사 운영자금 도입실적 증빙서류","외국 신문사 특파원으로 한국 가려면 어떤 비자 받아요?
한국에 90일만 머물면서 취재할 때는 어떤 비자예요?
한국 언론사랑 계약하고 취재하면 이 비자 받을 수 있나요?
외신 특파원 비자 받으려면 무슨 서류 내요?",미검수,
D-6,D-6,사증,사증발급,,,"사제, 선교사, 전도사, 목사, 승려 등 외국 종교단체 파견 종교인","외국의 종교단체 또는 사회복지단체로부터 국내에 등록된 그 지부에 파견되어 근무하는 자
외국의 종교단체 또는 사회복지단체로부터 파견되어 국내 유관 종교단체에서 종교 활동을 하는 자
소속 종교단체가 운영하는 의료, 교육, 구호단체 등으로부터 초청되어 선교 또는 사회복지 활동에 종사하는 자
국내 종교단체의 추천을 받아 그 종교단체에서 수도, 수련, 연구 활동을 하는 자
국내 종교단체 또는 사회복지단체로부터 초청되어 사회복지활동에만 종사하는 자",,,,1회 부여 체류기간의 상한 2년,"종사하는 기관으로부터 보수를 받는 자는 제외
종교인이 대한민국의 종교단체에 취직하여 행하는 활동은 D-6에 해당되지 않음
종교인을 보조하는데 그치거나 스스로 포교 기타 종교상의 활동을 하지 않는 활동은 D-6에 해당되지 않음
국내 단위교회에 목사 등으로 취임하는 경우 사증발급 불가
국가 기본이념에 상충되거나 공서양속 등 국민정서에 반하는 활동을 하는 교단관련 종교인은 사증발급 불가",체류기간이 90일 이하인 경우에는 단기방문(C-3)자격에 해당,,,,,"초청자는 종단이나 교단의 대표자이며, 단위 교회 목사 등은 초청자가 될 수 없음",,,,260504 사증민원 자격별 안내 매뉴얼.hwp,p. 85,data/parsed/raw/visa_manual.md:434-473,C-3,"종교, 선교사, 사회복지활동, 종교단체파견","외국의 종교단체 또는 사회복지단체로부터 국내에 등록된 그 지부에 파견되어 근무하는 자
외국의 종교단체 또는 사회복지단체로부터 파견되어 국내 유관 종교단체에서 종교 활동을 하는 자
소속 종교단체가 운영하는 의료, 교육, 구호단체 등으로부터 초청되어 선교 또는 사회복지 활동에 종사하는 자
종사하는 기관으로부터 보수를 받는 자는 제외","외국 교회에서 파견된 선교사인데 한국 가려면 어떤 비자 받아요?
종교 비자로 한국에 얼마나 머물 수 있어요?
한국 교회에 취직해서 일하면 이 비자 받을 수 있어요?",미검수,
D-6,D-6,사증,사증발급인정서,,,,,"- 사증발급인정신청서 (별지 제21호 서식), 여권사본, 표준규격사진 1매
- 초청사유서
- 파견명령서
- 종교단체 설립허가서 또는 사회복지단체 설립허가서 사본
- 고유번호증 사본 (종교단체 초청인 경우 종단(교단)과 단위교회(사찰) 모두 제출)
- 소속단체의 체류경비 지원 관련서류
대리인 신청시: 위임장, 대리인 재직증명서, 대리인 신분증 사본 추가 제출",,,,,,,,,,,,,,260504 사증민원 자격별 안내 매뉴얼.hwp,p. 86,data/parsed/raw/visa_manual.md:434-473,,"종교, 사증발급인정신청서, 종교단체설립허가서, 고유번호증","① 사증발급인정신청서 (별지 제21호 서식), 여권사본, 표준규격사진 1매
② 초청사유서
③ 파견명령서
④ 종교단체 설립허가서 또는 사회복지단체 설립허가서 사본
⑤ 고유번호증 사본","종교 비자 신청할 때 종교단체에서 받아야 하는 서류는 뭐예요?
한국 교회의 어느 직위 분이 초청해야 하나요?",미검수,
D-7,D-7,사증,사증발급,,,"필수전문인력 (임원, 상급관리자, 전문가)","외국기업 국내지사 등에서 주재활동: 외국의 공공기관, 단체 또는 회사의 본사, 지사, 기타 사업소 등에서 1년 이상 근무한 자로서 대한민국에 있는 그 계열회사, 자회사, 지점 또는 사무소 등에 필수전문인력으로 파견되어 근무하는 자 (기업투자(D-8) 해당자 제외)
해외진출 기업 근무 외국인력 국내 본사 주재활동: 상장법인(코스닥상장법인 포함) 또는 공공기관이 설립한 해외 현지법인이나 해외지점에서 1년 이상 근무한 자로서 본사나 본점에 파견되어 전문 지식·기술 또는 기능을 제공하거나 전수받으려는 자
필수전문인력 범위:
임원(EXECUTIVE): 조직 관리를 제1차적으로 지휘하며 의사결정에 광범위한 권한을 행사하는 최고위 임원
상급관리자(SENIOR MANAGER): 기업/부서 목표·정책 수립·시행 책임, 계획·지휘·감독 권한, 직원 고용·해고권 또는 추천권 보유
전문가(SPECIALIST): 해당기업 서비스의 연구·설계·기술·관리 등에 필수적인 고도의 전문적·독점적 경험과 지식 보유
상장법인 해외지사 본사 주재: 현지법인 미화 50만불 이상 투자, 해외지점 미화 50만불 이상 영업기금 (공공기관은 투자금액 요건 면제)
원칙적으로 과장이나 선임연구원급 이상 직원 대상, 해외지사에서 1년 이상 전문인력으로 근무한 경력","- 사증발급신청서 (별지 제17호 서식), 여권, 표준규격사진 1매, 수수료
- 외국 소재 회사 등 재직증명서
- 파견명령서
- 국내지점 등 설치 입증서류 (지사 또는 연락사무소 설치허가서 사본)
- 지사 또는 연락사무소가 정상적으로 운영되고 있음을 입증하는 서류 (영업자금 도입실적, 신규일 경우 운영계획서, 납세실적 등)
- 필수전문인력임을 입증하는 서류(이력서, 경력증명서 등)
국내 납세의무가 없는 비영리 연락사무소의 경우 연락사무소 운영자금 도입실적 등으로 납세실적 대체",,,1회 부여 체류기간의 상한 3년,상장법인의 해외 현지법인이나 해외지점 중 본사의 투자금액 또는 영업기금이 미화 50만 달러 미만인 경우는 제외,"국가기간산업 또는 국책사업에 종사하려는 경우 1년 이상 근무요건 면제
영업자금도입실적이 미화 50만 불 이상인 외국기업의 국내지사 등에 파견되는 필수전문인력은 1년 이상 근무요건 면제",,,,,"외국 본사, 외국 공공기관, 회사 또는 단체의 국내 지사·자회사·계열회사",,"필수전문인력 3유형 (임원/상급관리자/전문가)
임원(EXECUTIVE): 조직 관리 제1차 지휘, 광범위 의사결정권
상급관리자(SENIOR MANAGER): 기업·부서 목표·정책 수립·시행, 고용·해고권
전문가(SPECIALIST): 연구·설계·기술·관리에 필수적인 고도의 전문지식",,260504 사증민원 자격별 안내 매뉴얼.hwp,p. 87,data/parsed/raw/visa_manual.md:434-473,"D-8, D-9, E-3, E-4, E-7, F-3","주재, 필수전문인력, 임원, 상급관리자, 전문가, 외국기업국내지사, 재직증명서, 파견명령서","외국의 공공기관, 단체 또는 회사의 본사, 지사, 기타 사업소 등에서 1년 이상 근무한 자로서
대한민국에 있는 그 계열회사, 자회사, 지점 또는 사무소 등에 필수전문인력으로 파견되어 근무하는 자
상장법인(코스닥상장법인 포함, 이하같음) 또는 공공기관이 설립한 해외 현지법인이나 해외지점에서 1년 이상 근무한 자

① 사증발급신청서 (별지 제17호 서식), 여권, 표준규격사진 1매, 수수료
② 외국 소재 회사 등 재직증명서
③ 파견명령서
④ 국내지점 등 설치 입증서류
⑥ 필수전문인력임을 입증하는 서류(이력서, 경력증명서 등)","외국 본사에서 한국 지사로 파견 가는데 어떤 비자 받아요?
1년 미만 근무해도 주재 비자 받을 수 있는 경우 있어요?
필수전문인력 기준이 어떻게 되나요?
주재 비자로 한국에 얼마나 머물 수 있어요?",미검수,
D-7,D-7,사증,사증발급인정서,,외국법자문법률사무소에 파견되는 구성원(임원급) 또는 소속 외국법자문사,,외국변호사 자격 취득 후 외국법자문사법 제6조에 따라 법무부장관으로부터 자격승인을 받고 제10조제1항에 따라 대한변호사협회에 등록한 사람,"- 사증발급인정신청서 (별지 제21호 서식), 여권, 표준규격사진 1매
- 외국법자문법률사무소 등록증 (대한변호사협회 발행, 법 제18조)
- 국내지점 등 설치 신고서 (외국환은행 발행) 및 사업자등록증
- 외국환매입증명서 등 영업자금 도입실적 입증서류
- 파견명령서 (본사발행, 파견기간 명시)
- 외국법자문사 등록증 (대한변호사협회 발행, 법 10조)",,,,,1년 이상 본사 근무요건이 면제되므로 경력증명서 등 제출 불요,,,,,외국법자문법률사무소,,,,260504 사증민원 자격별 안내 매뉴얼.hwp,p. 92,data/parsed/raw/visa_manual.md:434-473,,"외국법자문사, 외국법자문법률사무소, 대한변호사협회, 본사근무요건면제","가. 외국법자문법률사무소에 파견되는 구성원*또는 소속 외국법자문사**
* 외국법자문법률사무소의 대표자 등 임원급을 의미
** 외국변호사의 자격을 취득한 후 제6조에 따라 법무부장관으로부터 자격승인을 받고 제10제1항에 따라 대한변호사협회에 등록한 사람을 말한다.
※ 1년 이상 본사 근무요건이 면제되므로 경력증명서 등 제출 불요","외국 변호사 자격 가지고 한국 법률사무소에서 일하려면 어떤 비자 받아요?
외국법자문사는 본사 근무 1년 요건 면제되나요?",미검수,
"D-8 (D-8-1, D-8-2, D-8-3, D-8-4)",D-8,사증,사증발급,"D-8-1, D-8-2, D-8-3, D-8-4",스타트업 코리아 특별비자 추천 민간평가위원회의 평가를 받은 기술창업자,"외국인투자기업 필수전문인력, 벤처기업 대표자, 기술창업자","D-8-1 (법인에 투자): 외국인투자촉진법에 따른 외국인투자기업 대한민국 법인의 경영·관리 또는 생산·기술 분야에 종사하려는 필수 전문인력 (국내 채용자 제외)
D-8-2 (벤처 투자): 지식재산권을 보유하는 등 우수한 기술력으로 벤처기업육성에 관한 특별조치법에 따른 벤처기업을 설립한 사람 중 같은 법 제25조에 따라 벤처기업 확인을 받은 기업의 대표자
D-8-3 (개인기업에 투자): 외국인투자촉진법에 따른 외국인투자기업인 대한민국 국민(개인)이 경영하는 기업의 필수전문인력 (국내 채용자 제외)
D-8-4 (기술 창업): 국내에서 전문학사 이상 학위, 국외 학사 이상 학위, 또는 관계 중앙행정기관의 장이 추천한 사람으로서 지식재산권을 보유하거나 이에 준하는 기술력을 가진 법인 창업자
투자대상이 대한민국 법인(설립완료 법인만 해당)일 것
투자금액이 1억원 이상으로, 투자한 법인의 의결권 있는 주식총수의 100분의 10이상을 소유하거나 법인의 주식 등을 소유하면서 임원 파견, 선임 계약 등을 체결
투자자금은 투자자 본인 명의 금액을 원칙
배우자 및 미성년 자녀 명의 반입 및 대리송금은 예외적으로 인정 (단, 투자금 3억원 이상 투자자의 경우 부모 및 배우자 부모 명의 반입 및 대리 송금 추가 인정 가능)
스타트업 코리아 특별비자 추천 민간평가위원회의 심사 승인을 받은 자
중소벤처기업부장관으로부터 기술창업 체류자격 변경허가 또는 사증발급을 위한 추천을 받았을 것
대한민국 법인을 설립하고 법인등기 및 사업자등록을 완료하였을 것","- 사증발급신청서 (별지 제17호 서식), 여권, 표준규격사진 1매, 수수료
- 주재활동의 경우 파견명령서(파견기간 명시) 및 재직증명서
- 외국인투자기업등록증 사본
- 사업자등록증 사본, 법인등기사항전부증명서, 주주변동상황명세서 원본
- 투자자금 도입관련 입증서류 (현금출자: 외화반출허가신고서, 송금확인증, 외국환 매입증명서, 세관신고서 / 현물출자: 현물출자완료 확인서, 세관 수입신고필증)
투자금액 3억원 미만 개인투자자 추가서류:
- 자본금 사용내역 입증서류 (물품구매 영수증, 사무실 인테리어 비용, 국내은행 계좌 입출금 내역서 등)
- 사업장 존재 입증 서류 (사무실 임대차 계약서, 사업장 전경·사무공간·간판 사진 등)
- 해당 업종 또는 분야의 사업 경험 관련 국적국 서류 (필요시 징구)
- 사증발급신청서 (별지 제17호 서식), 여권, 표준규격사진 1매
- 법인등기사항전부증명서 및 사업자등록증 사본 (제출 가능 시)
- 스타트업 코리아 특별비자 추천서 (중소벤처기업부 발급)","원칙적으로 신청자의 본국에 소재한 대한민국 공관에서 신청
원칙적으로 신청자의 본국에 소재한 대한민국 공관",,"외국인 투자기업에서의 주재활동: 5년
벤처기업 육성에 관한 특별조치법에 따라 벤처기업을 설립한 자: 2년 (단, 예비 벤처기업은 6개월)
기술창업자(D-8-4): 2년 (단, 스타트업 코리아 특별비자 대상자 중 법인 미설립자는 6개월)
법인 미설립자는 6개월","외국인투자가 제한되는 업종 및 법무부장관이 사증·체류관리 정책상 제한하는 업종에 종사하고자 하는 자는 D-8 자격 부여 등 억제
제한 업종: 사행행위 영업(복권발행업, 현상업, 회전판돌리기업, 추첨업, 경품업), 식품위생법 시행령 단란주점 및 유흥주점 영업
3억원 미만 소액 개인투자가에 대해서는 정밀 심사","법인설립이 완료되지 않은 경우에는 법인등기사항전부증명서 및 사업자등록증 사본 제출 생략 가능, 입국 후 체류기간(6개월) 이내에 제출하여 체류기간 연장 필요",,,"점수제 (D-8-4 기술창업) 항목 - 지식재산권 보유, 글로벌창업이민센터(OASIS) 이수, 입상 등",,,"D-8-4S: 중소벤처기업부장관의 추천
중소벤처기업부장관 추천","D-8 제한 업종
사행행위 영업 (복권발행업, 현상업, 회전판돌리기업, 추첨업, 경품업)
단란주점·유흥주점 영업",,260504 사증민원 자격별 안내 매뉴얼.hwp,p. 97,data/parsed/raw/visa_manual.md:434-473,"D-7, D-9, E-3, E-4, E-7","기업투자, 외국인투자기업, 벤처기업, 기술창업, 스타트업코리아, 1억원, 외국인투자촉진법, 주식10%","1.「외국인투자촉진법」에 따른 외국인투자기업 대한민국 법인의 경영․관리 또는 생산․기술 분야에 종사하려는 필수 전문인력
2. 지식재산권을 보유하는 등 우수한 기술력으로「벤처 기업육성에 관한 특별조치법」제2조의2제1항제2호다목에 따른 벤처기업을 설립한 사람
4. 국내에서 전문학사 이상의 학위를 취득한 사람, 또는 국외에서 학사 이상의 학위를 취득한 사람, 또는 관계 중앙행정기관의 장이 추천한 사람으로서 지식재산권을 보유하거나 이에 준하는 기술력 등을 가진 법인 창업자

투자대상이 대한민국 법인(설립완료 법인만 해당) 일 것
투자금액이 1억원 이상으로, 투자한 법인의 의결권 있는 주식총수의 100분의 10이상을 소유(외국인투자촉진법시행령 제2조제2항1호)하거나 법인의 주식 등을 소유하면서 임원 파견, 선임 계약 등을 체결

① 사증발급신청서 (별지 제17호 서식), 여권, 표준규격사진 1매, 수수료
② 주재활동의 경우 파견명령서(파견기간 명시) 및 재직증명서
③ 외국인투자기업등록증 사본
④ 사업자등록증 사본, 법인등기사항전부증명서, 주주변동상황명세서 원본
⑤ 투자자금 도입관련 입증서류

스타트업 코리아 특별비자 추천 민간평가위원회의 심사 승인을 받은 자
중소벤처기업부장관으로부터 기술창업 체류자격 변경허가 또는 사증발급을 위한 추천을 받았을 것
대한민국 법인을 설립하고 법인등기 및 사업자등록을 완료하였을 것","한국에 회사 차리고 일하려면 어떤 비자 받아요?
얼마 이상 투자해야 기업투자 비자 받을 수 있어요?
벤처기업 창업하고 비자 받을 수 있어요?
한국에서 공부 끝나고 창업하려면 어떤 비자 신청해요?",미검수,[자동 플래그] D-8 sub-program 4종 합본 — 분리 검토 필요
D-9,D-9,사증,사증발급,,2012.10.29.부터 시행,"무역거래자, 산업설비 기술자, 선박건조 감독자, 외국인 개인사업자","회사 경영, 무역, 영리사업: 대외무역법령 및 대외무역관리규정에 의하여 한국무역협회장으로부터 무역거래자별 무역업 고유번호를 부여받은 무역거래자
수출설비(기계)의 설치·운영·보수: 산업설비(기계) 도입회사에 파견 또는 초청되어 그 장비의 설치·운영·보수(정비)에 필요한 기술을 제공하는 자
선박건조 및 산업설비 제작·감독: 선박건조 및 산업설비 제작 과정에 참여하기 위하여 파견되는 필수전문인력(발주사 또는 발주사가 지정하는 전문용역 회사 파견 임원·상급관리자·전문기술자)
회사경영, 영리사업: 대한민국에 회사를 설립하여 사업을 경영하거나 영리활동을 하는 자
최근 1년간 對韓 수출입실적이 50만 불 이상인 무역거래자에 한함 (외국환은행장·한국무역협회장·지식경제부장관 지정 기관 발행 수출입실적증명서 및 무역업 고유번호 부여서로 확인)
외국환거래법 및 외국환거래규정에 따라 3억원 이상의 외자를 도입한 후 부가가치세법에 의한 사업자등록을 필한 자로 국내에서 회사를 경영하거나 영리사업을 하고자 하는 자
외국인투자촉진법에 따라 외국인투자신고 후 투자기업등록증을 발급받은 자본금 3억원 이상의 개인사업자","- 사증발급신청서 (별지 제17호 서식), 여권사본, 표준규격사진 1매, 수수료
- 사업자등록증 사본, 영업허가증 사본 (해당자), 투자기업등록증 (소지자)
- 공동사업약정서 원본 및 사본 (해당자) - 총 자본금, 지분 및 수익금 분배방법 등 포함
- 사업자금 도입관련 입증서류 (송금확인증, 외국환 매입증명서, 세관신고서, 해당국세관 반출신고서 등)
- 자본금 사용내역 입증서류 (물품구매 영수증, 사무실 인테리어 비용, 국내은행 계좌 입출금 내역서 등)
- 영업실적 입증서류 (수출입면장, 부가세예정 또는 확정 신고서 등) - 사증신청 전 단기사증(C-3-4) 등으로 영업행위를 한 경우에만 해당
- 사업장 존재 입증서류 (임대차계약서, 사업장·사무공간·간판 사진 등)
- 국민고용예정서약서(해당자만 제출)",원칙적으로 신청자의 본국에 소재한 대한민국 공관에서 신청 (신청인이 해외에 주재하며 사업체 운영 중인 경우 주재 국가 소재 공관에서 신청 가능),,"1회 부여 체류기간의 상한 2년
1년 이하의 단수사증, 투자금액·업종 등을 고려하여 공관장 재량 발급",,,,,"무역비자 점수제 총160점 중 60점 이상, 필수항목 점수 10점 이상",,,,,,260504 사증민원 자격별 안내 매뉴얼.hwp,p. 111~112,data/parsed/raw/visa_manual.md:474-495,"C-3-4, D-7, D-8, E-3, E-4, E-7","무역경영, 무역거래자, 무역업고유번호, 산업설비, 선박건조, 무역비자점수제, 외국인개인사업자, 3억원외자","1. 회사 경영, 무역, 영리사업
- 대외무역법령 및 대외무역관리규정에 의하여 한국무역협회장으로부터 무역거래자별 무역업 고유번호를 부여받은 무역거래자
2. 수출설비(기계)의 설치․운영․보수
- 산업설비(기계) 도입회사에 파견 또는 초청되어 그 장비의 설치․운영․보수(정비)에 필요한 기술을 제공하는 자

「외국환거래법」및「외국환거래규정」에 따라 3억원 이상의 외자를 도입한 후「부가가치세법」에 의한 사업자등록을 필한 자로 국내에서 회사를 경영하거나 영리사업을 하고자 하는 자
「외국인투자촉진법」에 따라 외국인투자신고 후 투자기업등록증을 발급받은 자본금 3억원 이상의 개인사업자

① 사증발급신청서 (별지 제17호 서식), 여권사본, 표준규격사진 1매, 수수료
② 사업자등록증 사본, 영업허가증 사본 (해당자), 투자기업등록증 (소지자)
③ 공동사업약정서 원본 및 사본 (해당자)
④ 사업자금 도입관련 입증서류
⑦ 사업장 존재 입증서류","한국에서 무역회사 운영하려면 어떤 비자 받아요?
한국에 산업설비 설치하러 파견 가는데 어떤 비자 받아요?
개인사업자로 한국에서 사업하려면 얼마 투자해야 해요?
외국인 개인사업자로 무역경영 비자 받으려면 얼마 투자해야 해요?",미검수,
"D-10 (D-10-1, D-10-2, D-10-3, D-10-T)",D-10,사증,사증발급,"D-10-1, D-10-2, D-10-3, D-10-T",세계대학 순위 100위 이내 대학의 석사 이상 학위를 취득하고 국내 취업을 위해 연수나 구직활동을 하려는 사람,"교수(E-1)·회화지도(E-2)·연구(E-3)·기술지도(E-4)·전문직업(E-5)·예술흥행(E-6)·특정활동(E-7) 자격 분야 취업 위한 연수·구직활동자
기업투자(D-8) 자격에 해당하는 기술창업 준비자
해외 우수 대학(THE 200위, QS 500위) 첨단기술 분야 학사과정 이상 재학생 또는 학위취득 3년 이내 졸업생 (만 30세 미만, 석사 이상 만 35세)
세계 대학 순위 100위 이내 대학의 석사 이상 학위 취득자","D-10-1 (일반구직) / D-10-T (최우수인재): 국내 기업·단체 등에서 행하는 구직활동 뿐만 아니라 정식 취업 전에 연수비를 받고 행하는 단기 인턴과정 포함
D-10-2 (기술창업준비): 창업이민교육프로그램 참가, 지식재산권 등 특허출원 준비 및 출원, 창업법인 설립 준비 등 창업과 관련된 제반 준비활동(인턴활동 제한)
D-10-3 (첨단기술인턴): 법무부장관이 정한 요건을 갖춘 기업(기관)과의 인턴 근로계약에 따른 첨단기술 분야 인턴 활동
국내 대학 졸업 후 최초 구직 자격 변경: 국내 대학에서 전문학사 이상 학위과정 유학생(D-2)으로 졸업하여 학위 취득 후 최초 구직(D-10-1) 자격 변경 시 점수제 미적용 (체류기간 1년 부여, 연장 시 점수제 적용)
국내 대학 졸업 한국어능력 우수자: 국내 정규 대학에서 전문학사 이상 학위 취득 후 3년 미경과자로서 사회통합프로그램 4단계 중간평가 합격자 또는 한국어능력시험(TOPIK) 4급 이상 유효 성적표 소지자
유망인재: 29세 이하 해외 대학 졸업자로서 최근 3년 이내 세계 대학평가(THE 또는 QS) 200위 이내 대학 학사 이상 학위 소지자 또는 한국학 관련 전공 한국어능력 최우수자(토픽 6급)
전문직종 근무 경력자: 체류자격변경허가만 가능 (사증발급 대상 아님)
주한 외국공관 근무 인턴: 주한 외국공관 근무 인턴 직원
총 190점 중 기본항목이 20점 이상으로 총 득점이 60점 이상
최우수인재(Top-Tier) 자격 기준 중 학력 요건을 갖추었으나, 취업 미확정 시 최우수인재 구직(D-10) 자격 부여
부처추천 불요","사증발급·자격변경 제출서류:
- 공통서류(신청서, 표준규격 사진, 여권 사본, 체류지 입증서류, 수수료 등)
- 구직활동 계획서
- 우수대학(본교) 졸업(예정)증명서
체류기간 연장 제출서류:
- 공통서류
- 구직활동 계획서 (지난 1년간의 구직활동 내역 및 향후 계획 포함)","재외공관 사증신청 가능 (전자사증 불가)
연수 개시 및 연수기관 변동 신고 (개시신고): 사유 발생일로부터 15일 이내 관할 출입국관서에 신고
- 연수분야: 교수(E-1) ~ 전문인력(E-7-1)에 해당하는 직종 (단, 고용추천서가 필요한 직종의 경우 고용추천서 제출 면제)
- 연수기관: 반도체, 디스플레이, 바이오 등 첨단분야 기업
- 근무시간: 1일 8시간, 주당 40시간 이내
- 연수기관 변경 신고: 15일 이내, 신청서류는 연수(인턴) 계약서, 사업자 등록증 등",,"1년 부여
아래 대상자의 경우 1회 최대 6개월 부여:
D-10-1: 요양보호사 전문연수 과정 수료자, 구직비자 점수제 60점 이상~80점 미만, 전문직종(E-1~E-7) 근무 경력자, 주한 외국공관 인턴 직원
D-10-2: 특허권·실용신안권·디자인권 출원 중인 사람, OASIS 1개 이상 과정 이수자, 창업이민 점수제 필수항목 1개 이상 해당자","예술흥행(E-6) 자격 중 유흥업소 등의 흥행활동(E-6-2)은 제외, 순수예술 및 스포츠분야만 허용
E-7 자격 중 준전문인력과 숙련기능인력은 해외신청 불가
공통 결격사유:
① 신청일로부터 5년 이내에 국내법을 위반하여 금고 이상의 형을 선고받은 사람
② 신청일로부터 5년 이내에 출입국관리법을 위반하여 강제퇴거나 출국명령을 받은 사람
③ 신청일로부터 3년 이내에 국내법을 위반하여 300만 원 이상의 벌금형을 선고받은 사람
④ 출입국관리법을 위반하여 범칙금을 받은 사람으로서 「체류허가 제한 통합기준」에 따라 체류허가 제한되는 사람 (초범 500만원 이상, 재범 3년 이내 합산 700만원 이상)
기술창업준비(D-10-2): OASIS 교육 이수일로부터 3년이 경과된 이후 신청자 (교육 재이수 중인 자 제외)
첨단기술인턴(D-10-3): 초청기업의 인턴 채용 또는 E계열 외국인 고용 제한 시, 첨단기술인턴 초청 요건 미충족 기업과 계약 시, 국민고용인원의 20% 초과 시
최우수인재(D-10-T) 결격사유: 입국금지 사유, 특정강력범죄 형 선고자, 출입국관리법 또는 다른 법률 위반 금고 이상 형 집행 후 5년 미경과자, 300만원 이상 벌금형 납부 후 3년 미경과자, 5년간 출입국관리법 3회 이상 위반자, 강제퇴거 후 7년 미경과자, 출국명령 후 5년 미경과자 등","유학(D-2)에서 구직(D-10)으로 자격변경 뿐만 아니라, 출국 후 졸업일로부터 1년 이내 구직(D-10) 사증을 받는 경우도 점수제 면제 대상에 포함
과거 구직(D-10) 자격을 받았던 사람은 최초 구직변경이 아니므로 점수제 적용
한국어 우수자는 학위 수여일로부터 3년이 도과된 자는 일반 점수제 적용",,,"D-10-1 점수제 총 190점 중 기본항목 20점 이상, 총 득점 60점 이상
기본항목 최대 50점 (연령 + 최종학력)
연령: 20~24세 10점, 25~29세 15점, 30~34세 20점, 35~39세 15점, 40~49세 5점
최종학력: 국내 전문학사 15점, 학사 15점, 석사 20점, 박사 30점 (국외 전문학사 제외)
선택항목 최대 70점 (취업경력 + 국내유학 + 국내연수 + 한국어능력)
가점 최대 70점 (관계 중앙행정기관장 추천 20점, 세계 우수대학 졸업 20점, 글로벌기업 근무 20점, 이공계 학사 5점, 고소득 전문직 5점)
감점 최대 60점 (출입국관리법 위반, 형사처벌 전력)",,,,"구직 비자 세부약호
D-10-1: 일반구직 (’18.10월 점수제 전환)
D-10-2: 기술창업준비 (’14.4. 신설)
D-10-3: 첨단기술인턴 (’22.8. 신설)
D-10-T: 최우수인재 (’25.4. 신설)
구직비자(D-10-1) 점수제 배점표
기본 50점: 연령(20점) + 최종학력(30점, 박사 최대)
선택 70점: 취업경력(15점), 국내유학(30점), 국내연수(5점), 한국어능력(20점)
가점 70점: 중앙행정기관장 추천(20점), 세계 우수대학 졸업(20점), 글로벌기업 근무(20점), 이공계학사(5점), 고소득 전문직(5점)
감점 최대 60점: 출입국관리법 위반/형사처벌
한국어능력: TOPIK 5급 이상 20점, 4급 15점, 3급 10점, 2급 5점
국내유학(졸업 후 3년 이내): 전문학사·학사·석사·박사 모두 30점",,260504 사증민원 자격별 안내 매뉴얼.hwp,p. 116~117,"data/parsed/raw/visa_manual.md:474-495
data/parsed/raw/visa_manual.md:7049-7497","E-1, E-2, E-3, E-4, E-5, E-6, E-7, D-2, D-4, D-8, E-7-1, E-7-T, F-2-T","구직, 일반구직, 기술창업준비, 첨단기술인턴, 최우수인재, 점수제, 점수제면제, 국내대학졸업","❍ (일반구직, D-10-1 / 최우수인재, D-10-T) 국내 기업․단체 등에서 행하는 구직활동 뿐만 아니라 정식 취업 전에 연수비를 받고 행하는 단기 인턴과정을 포함
❍ (기술창업준비, D-10-2) 창업이민교육프로그램 참가, 지식재산권 등 특허출원 준비 및 출원, 창업법인 설립 준비 등 창업과 관련된 제반 준비활동(인턴활동 제한)
❍ (첨단기술인턴, D-10-3) 법무부장관이 정한 요건을 갖춘 기업(기관)과의 인턴 근로계약에 따른 첨단기술 분야 인턴 활동

❍ (국내 대학 졸업 후 최초 구직 자격 변경) ①국내 대학에서 ②전문학사 이상 학위과정 유학생(D-2)으로 졸업하여 학위 취득한 후, ③최초 구직(D-10-1) 자격으로 변경하는 경우에는 점수제 미적용
❍ (국내 대학 졸업 한국어능력 우수자) 국내 정규 대학에서 전문학사 이상 학위 취득 후 3년이 경과되지 아니한 자로서, 사회통합프로그램 4단계 중간평가 합격자(사전평가 5단계 배정자 포함) 또는 한국어능력시험(TOPIK) 4급 이상 유효 성적표 소지자

□ 총 190점 중 기본항목이 20점 이상으로 총 득점이 60점 이상인자
1. 기본 ① 연령 20~ 24세 10 50점 25~ 29세 15 30~ 34세 20 35~ 39세 15 40세~49세 5
② 최종학력 국내 전문학사 15 국내/국외 학사 15 석사 20 박사 30
4) 한국어능력 : 최대 20점
① 사회통합프로그램 5단계 이수 또는 종합평가 합격 / 한국어능력시험(TOPIK) 5급 이상 20

❶ 신청일로부터 5년 이내에 국내법을 위반하여 금고 이상의 형을 선고받은 사람
➋ 신청일로부터 5년 이내에 출입국관리법을 위반하여 강제퇴거나 출국명령을 받은 사람
➌ 신청일로부터 3년 이내에 국내법을 위반하여 300만 원 이상의 벌금형을 선고받은 사람

□ 최우수인재 구직(D-10-T)
❍ 사증발급·자격변경
- (대상자) 세계대학 순위 100위 이내 대학의 석사 이상 학위를 취득하고 국내 취업을 위해 연수나 구직활동을 하려는 사람(부처추천 불요)
☞ 재외공관 사증신청 가능 (전자사증 불가)","한국에서 취업하기 위한 구직 비자는 어떤 게 있어요?
창업 준비하려고 한국 가려면 어떤 비자 받아요?
해외 대학 졸업하고 한국에서 첨단기술 인턴 받을 수 있어요?
세계 100위 대학 석사 출신은 어떤 비자 받을 수 있나요?",미검수,[자동 플래그] D-10 sub-program 3종 합본 — 분리 검토 필요
D-10 (D-10-3),D-10,사증,사증발급인정서,D-10-3,첨단기술인턴(D-10-3)에 대해서는 사증발급인정서를 통한 사증발급만 허용,"해외 우수 대학(THE 200위, QS 500위 이내) 첨단기술 분야 재학생·졸업생","세계 우수 대학(본교만 해당) 첨단기술 분야 학사과정 이상 재학생 또는 학위취득일로부터 3년이 경과되지 않은 졸업생으로 만 30세(석사 이상의 경우 만 35세) 미만
초청 가능 기관:
- 첨단 기술분야 연구시설(연구전담부서)을 갖춘 국내 상장기업
- 기초연구법 제14조의2에 따른 기업부설연구소 또는 연구개발 전담부서를 갖춘 국내 기업
- 연구개발특구의 육성에 관한 특별법 제9조에 따라 첨단기술기업으로 지정받은 기업
- 벤처기업육성에 관한 특별조치법 제25조에 따라 중소벤처기업부의 확인을 받은 벤처기업
- 국공립 연구기관, 특정연구기관, 과학기술분야 정부출연 연구기관","- 공통서류(신청서, 사진, 여권사본, 수수료, 신분증사본)
- 인턴활동 계획서
- 최근 3년 이내 세계 대학순위 THE 200위, QS 500위 이내 소명자료 및 학위과정(첨단기술분야만 해당) 재학증명서 또는 졸업증명서(학위증)
- 인턴근로계약서 (인턴 기업, 인턴활동 분야(첨단기술분야로 제한), 인턴 기간 필수 명시)
- 초청 기업(기관) 사업자등록증(또는 고유번호증), 법인등기부등본, 고용보험가입자 명부, 연구시설 현황자료
- 첨단기술인턴 초청이 가능한 기업(기관)임을 입증할 수 있는 서류(택1): 상장기업 연구시설/기업부설연구소인정서/첨단기술기업지정서/벤처기업확인서
- 체재비 입증서류
단, 인턴계약서에 인턴기간 동안 상기 금액 수준의 국내 체재비 지급 내용이 확인되는 경우 체재비 입증서류 제출 면제",,,최대 1년의 체류기간 부여 가능 (계약서에 명시된 인턴기간을 초과할 수 없음),"초청기업(기관)이 일반구직(D-10-1) 인턴 채용 또는 전문직종(E계열) 외국인 고용이 제한되는 경우 제한
첨단기술인턴 초청인원이 인턴 예정 기업(기관)의 국민고용인원의 20% 초과 시 제한 (벤처기업은 설립일로부터 3년간 국민고용 제한 요건 적용 유예)",,,,,인턴 예정 기업(기관)의 국민고용인원의 20% 이내,"첨단 기술분야 연구시설을 갖춘 국내 상장기업, 기업부설연구소·연구개발전담부서 보유 기업, 첨단기술기업, 벤처기업, 국공립 연구기관 등",,,,260504 사증민원 자격별 안내 매뉴얼.hwp,p. 123,data/parsed/raw/visa_manual.md:474-495,D-10-1,"첨단기술인턴, 사증발급인정서, 세계우수대학, 첨단기술기업, 벤처기업","1. 첨단기술인턴(D-10-3)에 대해서는 사증발급인정서를 통한 사증발급만 허용하며 우수인재 유치 차원에서 최대 1년의 체류기간 부여 가능 (다만, 계약서에 명시된 인턴기간을 초과할 수 없음)
❍ 인턴근로계약서
❍ 초청 기업(기관) 사업자등록증(또는 고유번호증), 법인등기부등본, 고용보험가입자 명부, 연구시설 현황자료","첨단기술 인턴 비자는 어떻게 신청해요?
어떤 회사가 첨단기술 인턴을 초청할 수 있나요?
한 회사에서 외국인 인턴을 몇 명까지 받을 수 있어요?",미검수,
E-1,E-1,사증,사증발급,,,"총장·학장, 교수·부교수·조교수, 겸임교원·명예교수·초빙교원, 교환교수","고등교육법에 의한 자격요건을 갖춘 외국인으로서 전문대 이상의 교육기관이나 이에 준하는 기관에서 교육 또는 연구지도
한국과학기술원 등 학술기관의 교수
전문대학 이상의 교육기관에서 임용하는 전임강사 이상의 교수
대학 또는 대학부설연구소의 특수분야 연구교수
고급과학 기술인력: 전문대학 이상의 교육과학기술분야의 교육·연구지도 활동에 종사하고자 하는 자로서 교육부장관의 고용추천이 있는 자
교원 자격기준 (대학교원 자격기준 등에 관한 규정 제2조):
교수: 연구실적 4년 + 교육경력 6년 = 계 10년
부교수: 연구실적 3년 + 교육경력 4년 = 계 7년
조교수: 연구실적 2년 + 교육경력 2년 = 계 4년
강사: 연구실적 1년 + 교육경력 1년 = 계 2년
연구실적연수와 교육경력연수 중 어느 하나가 기준에 미달하더라도 합계가 해당 기준을 충족하면 자격기준 충족으로 봄",,,,1회 부여 체류기간의 상한 5년,,,,,,,"한국과학기술원, 전문대학 이상 교육기관, 대학 부설연구소",고급과학 기술인력은 교육부장관의 고용추천 필요,"교원 자격기준 (대학졸업자 기준)
교수: 연구실적 4년 + 교육경력 6년 (총 10년)
부교수: 연구실적 3년 + 교육경력 4년 (총 7년)
조교수: 연구실적 2년 + 교육경력 2년 (총 4년)
강사: 연구실적 1년 + 교육경력 1년 (총 2년)",,260504 사증민원 자격별 안내 매뉴얼.hwp,p. 129,data/parsed/raw/visa_manual.md:496-516,E-3,"교수, 전임강사, 부교수, 조교수, 고급과학기술인력, 교육부장관추천","고등교육법에 의한 자격요건을 갖춘 외국인으로서 전문대 이상의 교육기관이나 이에 준하는 기관에서 교육 또는 연구지도
- 한국과학기술원 등 학술기관의 교수
- 전문대학 이상의 교육기관에서 임용하는 전임강사 이상의 교수
- 대학 또는 대학부설연구소의 특수분야 연구교수","한국 대학교수로 가려면 어떤 비자 받아요?
조교수 임용 받으면 무슨 자격 갖춰야 해요?
교수 비자는 얼마나 머물 수 있어요?
한국에서 연구교수로 일하려면 어떤 추천 받아야 하나요?",미검수,
E-1,E-1,사증,사증발급인정서,,전문대학 이상 교육기관에서 91일 이상 교육 또는 연구·지도활동,,,"- 사증발급인정신청서 (별지 제21호 서식), 여권, 표준규격사진 1매
- 경력증명서 및 학위증 (조교수 이상의 자격기준에 해당하는 전임교수 등의 경우 제출 생략)
- 고용계약서 또는 임용예정확인서 (파견 또는 협약에 따른 교환교수, 방문교수 등은 대학 명의의 위촉·초청 공문으로 대체 가능)
- 초청학교 설립관련 서류 (사업자등록증 사본 또는 법인등기사항전부증명서)",,,,,,,,,,,교육부장관 고용추천서,,,260504 사증민원 자격별 안내 매뉴얼.hwp,p. 133,data/parsed/raw/visa_manual.md:496-516,,"교수, 사증발급인정신청서, 고용계약서, 고급과학기술인력, 교육부장관","① 사증발급인정신청서 (별지 제21호 서식), 여권, 표준규격사진 1매
② 경력증명서 및 학위증
- 조교수 이상의 자격기준에 해당하는 전임교수 등의 경우 제출 생략
③ 고용계약서 또는 임용예정확인서
③ 교육부장관의 '고급과학기술인력' 고용추천서","교수 비자 발급인정서 받으려면 무슨 서류 내요?
전임교수로 임용되면 학위증·경력증명서 생략되나요?
교환교수는 어떻게 신청해요?",미검수,
E-1,E-1,사증,전자사증,,"해외 우수인력 유치 지원을 위한 사증발급 절차 간소화 일환, 영사 인터뷰가 필요 없는 교수·연구원 등에 대해 재외공관 방문 없이 온라인으로 사증을 발급받는 제도","전문인력(E-1, E-3, E-4, E-5, 첨단과학기술분야 고용추천서(GOLD CARD)를 발급받은 E-7)과 그 동반가족(F-3)
의료관광객 및 동반가족·간병인(C-3-3, G-1-10)
상용빈번출입국자(C-3-4)
단체관광객(C-3-2) - 재외공관장 지정 국외 전담여행사가 사증신청을 대행
공익사업 투자예정자(C-3-1) - 법무부장관 지정 공익사업투자이민 유치기관이 사증신청 대행",,,"외국인 본인신청 또는 초청기업 대리신청
1) 대한민국비자포털(www.visa.go.kr) 회원가입
2) 온라인 전자사증 신청화면에 신청사항 입력 및 첨부서류 등재
3) 수수료 납부 (해외사용 가능한 신용카드로 미화 전자결제, 전자결제 이용수수료 3.3% 별도)
4) 초청기업의 사증신청 확인 (본인신청 시) 또는 대리 신청 (초청기업 대리 신청 시)
5) 본부 심사
6) 발급여부 통보 (문자(SMS) 및 이메일)
7) 대한민국비자포털에서 전자사증 발급확인서 출력","출입국관리법 시행규칙 제71조에 따라 부과, 전자결제 이용수수료(3.3%) 별도",,"전자사증발급 확인서 출력횟수는 1회로 제한
전자사증으로 입국한 이후에는 출력 불가
환불: 본부 접수 전에는 신청을 취소하고 수수료 환불 가능, 접수 이후에는 환불 불가","분실 등으로 재출력이 필요한 경우, 초청자 또는 해당 외국인이 휴넷을 통하여 출력제한 해제 요청 가능",,,,,,발급권자는 법무부장관,,,260504 사증민원 자격별 안내 매뉴얼.hwp,p. 152,data/parsed/raw/visa_manual.md:496-516,"E-3, E-4, E-5, E-7, F-3, C-3-1, C-3-2, C-3-3, C-3-4, G-1-10","전자사증, 비자포털, 온라인사증, 전자사증발급확인서, GOLD CARD","전자사증 제도는 해외 우수인력 유치 지원을 위한 사증발급 절차 간소화의 일환으로 영사 인터뷰가 필요 없는 교수, 연구원 등에 대해 재외공관 방문 없이 온라인으로 사증을 발급 받을 수 있는 제도
1. 발급대상
전문인력(E-1, E-3, E-4, E-5, 첨단과학기술분야 고용추천서(GOLD CARD)를 발급받은 E-7)과 그 동반가족(F-3)","전자사증은 누가 신청할 수 있어요?
온라인으로 비자 어떻게 신청해요?
초청기업이 대신 신청할 수 있나요?
전자사증 발급확인서는 어떻게 출력해요?",미검수,
"E-2 (E-2-2, E-2-91)",E-2,사증,사증발급,"E-2-2, E-2-91",교육부장관(시·도 교육감) 등과 고용계약을 체결하고 초·중·고등학교에서 외국어보조교사로 근무하고자 하는 자,"외국어 학원 등의 강사 - 해당 외국어를 모국어로 하는 국가의 국민으로서 해당 국가에서 대학 이상 졸업 + 학사 이상 학위 소지자
원어민 영어보조교사(EPIK): 영어 모국어 7개국(미국, 영국, 캐나다, 남아공, 뉴질랜드, 호주, 아일랜드) 국민, 출신국 대학 졸업 + 학사 이상
한-인도 CEPA협정에 따른 영어보조교사: 인도 국적자로 대학 이상 졸업, 학사 + 영어전공 교사자격증
정부초청 해외 영어봉사장학생(TaLK)
원어민 중국어보조교사(CPIK): 중국 국적자로 중국 내 대학 이상 졸업 + 외국어로서 중국어 교사 자격증서 (중국 국가한어판공실 발급)","법무부장관이 정하는 자격요건을 갖춘 외국인으로서 외국어전문학원, 초등학교 이상의 교육기관 및 부설어학연구소, 방송사 및 기업체부설 어학연수원 기타 이에 준하는 기관 또는 단체에서 외국어 회화지도
회화지도: 외국어전문학원·교육기관·기업·단체 등에서 수강생에게 외국어로 상호 의사소통하는 방법을 지도하는 활동
외국어로 특정 어학이나 문학 또는 통·번역 기법 등을 지도하는 것은 회화지도 활동에 해당하지 않음
국내 대학 졸업자에 대한 특례: 해당 외국어 모국어 국가에서 고등학교 또는 전문대학 졸업 + 국내 대학에서 학사 이상 학위 취득 시 자격 인정
공용어 사용 국가 국민 특례 (영·중·일어 제외): 해당 외국어 공용어 국가 국민 중 공인된 교원자격 또는 관련 학과 학사 학위 이상 + 임금요건 전년도 국민 1인당 GNI의 80% 이상
전문인력(E-1~E-7) 및 유학생(이공계 석·박사 이상) 비영어권 배우자: TESOL 자격 소지 + 학사 이상 학위 (호텔·유흥 E-6-2 자격은 제외)","- 사증발급신청서 (별지 제17호 서식), 여권, 표준규격사진 1매, 수수료
- 원어민 영어 보조교사 또는 원어민 중국어보조교사 합격증 또는 Talk장학생 초청장 (국립국제교육원장 또는 시·도 교육감 발급)
- 시·도 교육감 등과 체결한 고용계약서
국립국제교육원 또는 시·도교육감이 학력사항 및 범죄경력 등을 검증한 후에 합격통지서·초청장을 발급하기 때문에 원칙적으로 해당서류 제출 면제","해외 소재 대한민국 공관이면 어디라도 신청 가능 (단, 중국어보조교사는 주중 대한민국공관에만 신청)
최대 2년 범위 내 계약기간 + 1개월을 체류기간으로 하고, 회화지도 체류자격 세부분류약호(E-2-2)를 부여한 단수사증 발급
FTA 영어보조교사는 E-2-91을 부여하고, 미국인에 대해서는 복수사증 발급",,"1회 부여 체류기간의 상한 2년
최대 2년 범위 내 계약기간 + 1개월",,주한공관문화원 등 비영리기관에 대해서는 당해연도 최저임금 이상 요건 적용,,,,,"외국어전문학원, 초등학교 이상 교육기관 및 부설어학연구소, 방송사 및 기업체부설 어학연수원, 평생교육시설, 직업능력개발훈련시설, 법인기업 및 공공기관
시·도 교육감, 초·중·고등학교",,,,260504 사증민원 자격별 안내 매뉴얼.hwp,p. 134~137,data/parsed/raw/visa_manual.md:496-516,"E-1, E-3, E-4, E-5, E-6, E-7","회화지도, 영어강사, EPIK, CPIK, TaLK, 원어민, TESOL, 시도교육감","법무부장관이 정하는 자격요건을 갖춘 외국인으로서 외국어전문학원*, 초등학교 이상의 교육기관 및 부설어학연구소, 방송사 및 기업체부설 어학연수원 기타 이에 준하는 기관 또는 단체에서 외국어 회화지도
‣ 해당 외국어를 모국어로 하는 국가의 국민으로서 해당 외국어를 모국어로 하는 국가에서 대학 이상의 학교를 졸업하고, 학사이상의 학위를 소지한 자 또는 이와 동등 이상의 학력이 있는 자
* 영어 모국어 국가(7개국) : 미국, 영국, 캐나다, 남아공, 뉴질랜드, 호주, 아일랜드

① 사증발급신청서 (별지 제17호 서식), 여권, 표준규격사진 1매, 수수료
② 원어민 영어 보조교사 또는 원어민 중국어보조교사 합격증 또는 Talk장학생 초청장*(국립국제교육원장 또는 시 ․ 도 교육감 발급)
③ 시 · 도 교육감 등과 체결한 고용계약서","한국에서 영어 강사로 일하려면 어떤 비자 받아요?
영어 모국어 국가는 어디 어디가 있어요?
원어민 영어보조교사는 어떻게 채용돼요?
영어권 출신이 아니라도 영어 강사 비자 받을 수 있어요?",미검수,
E-2 (E-2-1),E-2,사증,사증발급인정서,E-2-1,"외국어학원 강사, 평생교육시설 강사, 직업능력개발훈련시설 강사, 법인기업·공공기관 회화지도 강사",,최소 임금요건은 당해연도 최저임금 이상,"- 사증발급인정신청서 (별지 제21호 서식), 여권, 표준규격사진 1매
- 공적확인을 받은 학력증명서 (학위증 사본, 학위취득 증명서, 학위취득 사실이 기재된 졸업증명서 중 1종) - 아포스티유 확인(협약국가) 또는 해외주재 한국공관 영사확인
- 공적확인을 받은 자국정부 발급 범죄경력증명서 (자국 전역, 접수일 기준 6개월 이내 발급)
- 공적확인을 받은 제3국 범죄경력증명서 (자국 이외의 국가에서 학위를 취득한 경우)
- 자기건강확인서 ('18.5.15. 개정된 서식)
- 고용계약서 (최소 임금요건: 당해연도 최저임금 이상), 학원 또는 단체 설립관련 서류
- 기타 심사에 필요한 참고자료 (강사활용계획서, 수강생 및 직원현황 등)
국내 대학에서 학위를 취득한 경우 공적확인을 받지 않은 학위증 사본 제출 허용
과거에 공적확인을 받은 학력 입증서류를 제출한 경우 제출 면제
과거 공적확인 받은 범죄경력증명서 제출 후 출국 3개월 이내 재신청 시 제출 면제 (재입국일 기준 해외 체류 3개월 초과 시 외국인등록 때 새로 제출)",사증신청 및 심사·발급은 모든 해외 소재 대한민국 공관에서 가능,,최대 2년 범위 내에서 계약기간 + 1개월의 회화지도(E-2-1) 사증발급인정서,,,,,,,"외국어학원, 초등학교 이상 교육기관, 평생교육시설, 직업능력개발훈련시설, 법인기업·공공기관",,"주요 국가 범죄경력증명서 발급기관 (예시)
미국: FBI 범죄경력서, 주정부(State) 범죄경력증명서 (미국 전역 포함)
캐나다: Royal Canadian Mounted Police 발급 RCMP National Repository of Criminal Records
영국: Home Office, Police 발급 Basic Disclosure 등
호주: AFP 발급 Standard Disclosure, National Police Certificate
뉴질랜드: Ministry of Justice 발급 범죄경력서",,260504 사증민원 자격별 안내 매뉴얼.hwp,p. 138,data/parsed/raw/visa_manual.md:496-516,,"회화지도, 사증발급인정신청서, 아포스티유, 범죄경력증명서, 자기건강확인서, 최저임금","① 사증발급인정신청서 (별지 제21호 서식), 여권, 표준규격사진 1매
② 공적확인*을 받은 학력증명서 (학위증 사본, 학위취득 증명서, 학위취득 사실이 기재된 졸업증명서 중 1종만 제출)
③ 공적확인*을 받은 자국정부 발급 범죄경력증명서 (자국 전역의 범죄경력이 포함되어 있어야 함)
⑤ 자기건강확인서 ('18.5.15. 개정된 서식)
⑥ 고용계약서(최소 임금요건 : 당해연도 최저임금 이상), 학원 또는 단체 설립관련 서류","외국어 학원 강사로 가려면 어떤 서류 내야 해요?
범죄경력증명서는 어디서 발급받나요?
아포스티유 확인은 어떻게 받아요?
학위증·범죄경력 서류를 다시 제출 안 해도 되는 경우 있나요?",미검수,
E-3,E-3,사증,사증발급,,국외 소재 기관에 소속되어 국내 연구기관 등의 초청에 따라 국내에 체류하면서 연구 활동에 종사하려는 자,"특정 연구기관 육성법, 정부출연 연구기관 등의 설립·운영 및 육성에 관한 법률 등에 의한 연구기관 연구자
방위사업법의 규정에 의한 연구기관에서 연구 활동에 종사하는 과학기술자
산업기술혁신촉진법 등 관련법령에 따라 기업부설연구소, 산업기술연구조합, 대학·전문대학, 산학협력단, 국·공립 연구기관 등에서 연구하는 과학기술자
과학기술정보통신부장관의 고용추천을 받은 고급과학 기술인력
전문대학 이상 교육기관·학술연구기관에서 사회과학·인문학·예체능 분야 연구자
국내에서 연구 활동에 대한 대가(보수)를 지급받지 않는 자","자연과학분야의 연구 또는 산업상 고도기술의 연구개발 종사
고급과학 기술인력
사회과학·인문학·예체능 분야의 연구 인력
박사 학위 소지자(취득 예정자)
석사 학위 소지자로서 3년 이상 경력자
경력요건 면제 대상자:
- 국내 석사 학위 소지자 (국내 대학 졸업)
- 해외 우수대학 석사 학위 소지자 (TIMES誌 세계 200대 또는 QS 500위 이내)
- 우수 학술논문 저자 (SCIE, A&HCI, SCI, SSCI 등재 논문 저자, 주저자·공저자·교신저자)","- 사증발급(인정서)신청서(별지 제17호 서식), 여권, 표준규격사진 1매, 수수료
- 고용기관 설립 관련 서류(사업자등록증 또는 법인등기사항전부증명서 또는 연구기관 입증서류 등)
- 석사 학위 이상 학위증, 경력증명서(해당자)
- 초청 연구기관 명의의 초청 공문(임금요건 불필요, 연구기간, 연구분야 명시)
- 원 소속 고용계약 입증 서류(재직증명서, 고용계약서 등)
- 대학 대표자 명의로 발급된 졸업예정증명서·확인서 등(해당자)
- 국내·외 은행 잔고 증명서(해당자)",,,1회 부여 체류기간의 상한 5년,"전공분야와 종사분야가 상이한 자
형식적 요건을 갖추었다 하더라도 과다하게 저임금으로 활용하고 있다고 판단되는 경우 사증발급·자격변경·기간연장 제한","박사 취득 예정자가 학위 취득이 확정되었음을 관련 서류로 입증 시 체류기간 6개월 이내에서 조건부로 사증 발급 등 허가 가능
왕복 항공권, 숙소 제공 등 입국·국내체류에 따른 실비 보전 수준의 지원을 받는 것은 가능",,,,,"특정연구기관, 정부출연연구기관, 방위사업법 연구기관, 기업부설연구소, 대학, 산학협력단, 국·공립 연구기관 등
국내 연구기관",과학기술정보통신부장관 고용추천(고급과학기술인력),"경력요건 면제 대상자
국내 석사 학위 소지자 (국내 대학 졸업)
해외 우수대학(TIMES 200대/QS 500위) 석사 학위 소지자
우수 학술논문 저자 (SCIE, A&HCI, SCI, SSCI)",,260504 사증민원 자격별 안내 매뉴얼.hwp,p. 148,data/parsed/raw/visa_manual.md:517-560,"E-1, E-4","연구, 자연과학, 박사학위, 석사3년경력, 고급과학기술인력, SCI저자, 방문연구원, 무보수연구","1. 자연과학분야의 연구 또는 산업상 고도기술의 연구개발 종사
2. 고급과학 기술인력
3. 사회과학·인문학·예체능 분야의 연구 인력
◦ ①박사 학위 소지자(취득 예정자)
◦ ②석사 학위 소지자로서 3년 이상 경력자

1. 방문연구원에 대한 특례
○ 해당자
- 국외 소재 기관에 소속되어 국내 연구기관 등의 초청에 따라 국내에 체류하면서 연구 활동에 종사하려는 자로 국내에서 연구 활동에 대한 대가(보수)를 지급 받지 않는 자
※ 왕복 항공권, 숙소 제공 등 입국·국내체류에 따른 실비 보전 수준의 지원을 받는 것은 가능","한국에서 연구원으로 일하려면 어떤 비자 받아요?
석사 학위만 있어도 연구 비자 받을 수 있나요?
SCI 논문 쓴 사람은 경력 없어도 신청 가능한가요?
박사 학위 받기 전에 취업 확정되면 어떻게 해요?",미검수,
E-3,E-3,사증,사증발급인정서,,,,,"- 사증발급인정신청서 (별지 제21호 서식), 여권, 표준규격사진 1매
- 고용기관 설립 관련 서류 (사업자등록증, 법인등기사항전부증명서 또는 연구기관 입증서류 등)
- 석사 학위 이상 학위증, 경력증명서(해당자)
- 고용계약서 또는 임용예정확인서
대학 대표자 명의로 발급된 졸업예정증명서·확인서 등과 학위수여 날짜를 확인할 수 있는 증명서 등(해당자)
우수 학술논문의 저자임을 확인할 수 있는 입증자료(해당자)
고급과학 기술인력은 고용추천서 추가 제출",,,고용계약기간 범위 내에서 최장 5년까지 허용,,,,,,,,,,,260504 사증민원 자격별 안내 매뉴얼.hwp,p. 147~150,data/parsed/raw/visa_manual.md:517-560,,"연구, 사증발급인정신청서, 학위증, 고용계약서, 학술논문","① 사증발급인정신청서 (별지 제21호 서식), 여권, 표준규격사진 1매
② 고용기관 설립 관련 서류(사업자등록증 또는 법인등기사항전부증명서 또는 연구기관 입증서류 등)
③ 석사 학위 이상 학위증, 경력증명서(해당자)
④ 고용계약서 또는 임용예정확인서","연구 비자 발급인정서 받으려면 무슨 서류 내야 해요?
학술논문 저자 자격 인정받으려면 어떤 자료 내요?",미검수,
E-4,E-4,사증,사증발급인정서,,,"외국 용역발주업체 파견 기술자, 특수기술 제공자","공·사기관에서 자연과학분야의 전문지식 또는 산업상의 특수 분야에 속하는 기술 제공
국내에서 구할 수 없는 산업상의 고도기술 등을 국내 공·사 기관에 제공하는 자
외국의 용역발주업체에서 파견되어 산업상의 특수분야에 속하는 기술을 제공하는 자
국내 산업체에서 도입한 특수기술 등을 제공하는 자","- 사증발급인정신청서 (별지 제21호 서식), 여권, 표준규격사진 1매
- 공사기관 설립관련 서류 (사업자등록증, 외국인투자기업등록증, 지사설치허가서 등)
- 기술도입계약신고수리서, 기술도입계약서(또는 용역거래 계약서) 또는 방산업체지정서 사본
- 파견명령서(또는 재직증명서)
용역거래: 거주자와 국외 특수관계자 간의 경영관리, 금융자문, 지급보증, 전산지원 및 기술지원 그밖에 사업상 필요하다고 인정되는 거래 (국제조세조정에 관한 법률 시행령 제6조의 2)",,,1회 부여 체류기간의 상한 5년,,,,,,,국내 공·사 기관,,,,260504 사증민원 자격별 안내 매뉴얼.hwp,p. 148~149,data/parsed/raw/visa_manual.md:517-560,"E-1, E-3, E-5, E-7, D-7, D-8, D-9","기술지도, 고도기술, 기술도입계약, 용역발주업체, 방산업체","1. 공․사기관에서 자연과학분야의 전문지식 또는 산업상의 특수 분야에 속하는 기술 제공
국내에서 구할 수 없는 산업상의 고도기술 등을 국내 공․사 기관에 제공하는 자
- 외국의 용역발주업체에서 파견되어 산업상의 특수분야에 속하는 기술을 제공하는 자
- 국내 산업체에서 도입한 특수기술 등을 제공하는 자","외국에서 특수 기술 가르치러 한국 가려면 어떤 비자 받아요?
기술지도 비자 받으려면 무슨 계약 필요해요?
기술지도 비자로 한국에 얼마나 머물 수 있어요?",미검수,
E-5,E-5,사증,사증발급,,"국내 항공사 항공기 조종사, 국내 운수회사 선박운항 필수전문요원(선장·기관사·항법사 등)","국토해양부장관의 추천을 받은 항공기조종사
보건복지부장관의 고용추천을 받은 최신의학·첨단의술 보유 의사 (국가/지방자치단체 의료기관, 의료법인, 비영리법인·정부투자기관 개설 의료기관)
국내 의(치, 한의)과 대학·의(치, 한의)학전문대학원 졸업 후 대학부속병원 또는 보건복지부장관 지정 병원에서 인턴(일반수련의) 또는 레지던트(전문수련의) 과정 연수자
남북교류 협력에 관한 법률에 따라 금강산 관광개발사업 등 관광선 운항에 필요한 선박 필수전문인력
국내 운수회사 등에 고용된 선장 등 선박 운항 필수전문요원
해양수산부장관의 추천을 받은 해기사 면허 또는 승무자격증 소지자","대한민국의 법률에 의하여 행할 수 있도록 되어 있는 전문업무 종사
대한민국 법률에 따라 자격이 인정된 외국의 국가공인자격증 소지자
해기사 면허: 1급 항해사, 2급 항해사, 1급 기관사, 2급 기관사 (선박직원법 제5조)
승무자격증: ""등급(LEVEL)""이 선장, 기관장, 관리급으로 기재된 자 (선박직원법 제10조의2제2항)
해기사 면허 상호인정 MOU 체결 30개 국가 해기사 면허 소지자에게 승무자격증 발급 중","- 사증발급신청서 (별지 제17호 서식), 여권, 표준규격사진 1매, 수수료
- 학위증 및 자격증(면허증) 사본
- 소관 중앙행정기관장의 고용추천서 (경제자유구역 내 취업활동자는 관할 특별시장·광역시장·도지사의 고용추천서) 또는 고용의 필요성을 입증할 수 있는 서류
- 고용계약서",,,"1회 부여 체류기간의 상한 5년
체류기간 1년 이하의 단수사증",,,,,,,"국내 항공사, 의료기관, 운수회사","소관 중앙행정기관장의 고용추천서 (국토해양부장관, 보건복지부장관, 해양수산부장관 등)
소관 중앙행정기관장의 고용추천서",,,260504 사증민원 자격별 안내 매뉴얼.hwp,p. 151~153,data/parsed/raw/visa_manual.md:517-560,,"전문직업, 항공기조종사, 외국인의사, 인턴레지던트, 해기사면허, 선박운항, 항공사, 운수회사","대한민국의 법률에 의하여 행할 수 있도록 되어 있는 전문업무 종사
대한민국의 법률에 따라 자격이 인정된 외국의 국가공인자격증을 소지한 자
- 국토해양부장관의 추천을 받은 항공기조종사
- 최신의학 및 첨단의술 보유자로서 보건복지부장관의 고용추천을 받아 다음 의료기관에 근무하고자 하는 의사

① 사증발급신청서 (별지 제17호 서식), 여권, 표준규격사진 1매, 수수료
② 학위증 및 자격증(면허증) 사본
③ 소관 중앙행정기관장의 고용추천서(다만, 경제자유구역 내에서 취업활동을 하려는 자는 관할 특별시장․광역시장․도지사의 고용추천서 또는 고용의 필요성을 입증할 수 있는 서류) 또는 고용의 필요성을 입증할 수 있는 서류
④ 고용계약서","외국 의사가 한국 병원에서 일하려면 어떤 비자 받아요?
외국인 조종사로 한국 항공사 일하려면 어떤 비자예요?
외국인 선장으로 한국 선박 운항하려면 어떤 자격 필요해요?
해외 의대 졸업 후 한국에서 인턴·레지던트 받을 수 있어요?",미검수,
"E-6 (E-6-1, E-6-2, E-6-3)",E-6,사증,사증발급,"E-6-1, E-6-2, E-6-3",예술흥행(E-6) 자격은 모두 사증발급인정서에 의해 사증발급,"E-6-1 (예술·연예): 작곡가·화가·사진작가 등 예술가, 오케스트라 연주·지휘자, 광고·패션모델, 바둑기사, 방송인, 연예인, 연극인, 분장사
E-6-2 (호텔·유흥): 관광진흥법에 의한 호텔업시설, 유흥업소에서 공연 또는 연예활동 종사자 (가요·연주자, 곡예·마술사 등)
E-6-3 (운동): 축구·야구·농구 등 프로 운동선수 및 그 동행 매니저","수익이 따르는 음악, 미술, 문학 등의 예술 활동
창작활동을 하는 작곡가, 화가, 조각가, 공예가, 저술가 및 사진작가 등의 예술가
음악, 미술, 문학, 사진, 연주, 무용, 영화, 체육, 기타 예술상의 활동에 관한 지도를 하는 자
수익을 목적으로 하는 연예, 연주, 연극, 운동경기, 광고, 패션모델 등 흥행활동
출연형태나 명목을 불문하고 수익을 위하여 개인 또는 단체로 연예, 연주, 연극, 운동 등을 하는 자
스스로 출연하려는 자 + 분장사, 매니저 등 동행하는 자 포함",,,,1회 부여 체류기간의 상한 2년,"E-6-2 사증의 경우 신청인이 불법체류다발 고시국가(21개국), 테러지원국가(3개국), 제주무사증입국불허국가(10개국) 국민인 경우 원칙적으로 자국 공관에 사증신청 및 발급
E-6-2 신청인이 제3국의 영주권자 또는 2년 이상 계속 체류한 장기체류자인 경우 제3국 소재 자국공관에 사증 신청 및 발급 가능",체류기간 90일 이하인 경우는 단기취업(C-4-5)의 체류자격에 해당,,,,,,영상물등급위원회의 공연추천서 (제주특별자치도의 경우 제주특별자치도지사),"E-6 분류기호 및 활동분야
E-6-1 예술·연예: 음악·미술·문학 등 예술활동, 전문 방송연기, 공연법상 전문 연예활동
E-6-2 호텔·유흥: 관광진흥법 호텔업시설·유흥업소 공연·연예활동
E-6-3 운동: 축구·야구·농구 등 프로 운동선수 및 동행 매니저",,260504 사증민원 자격별 안내 매뉴얼.hwp,p. 154,data/parsed/raw/visa_manual.md:517-560,C-4-5,"예술흥행, 예술연예, 호텔유흥, 프로운동선수, 공연추천서, 영상물등급위원회","수익이 따르는 음악, 미술, 문학 등의 예술 활동
- 창작활동을 하는 작곡가, 화가, 조각가, 공예가, 저술가 및 사진작가 등의 예술가
수익을 목적으로 하는 연예, 연주, 연극, 운동경기, 광고, 패션모델 등으로 출연하는 흥행활동
※ 체류기간 90일 이하인 경우는 단기취업(C-4-5)의 체류자격에 해당됨","한국에서 공연하는 외국 가수는 어떤 비자 받아요?
프로 축구선수로 한국 가려면 어떤 비자 받나요?
광고모델로 한국에서 일할 수 있나요?
호텔 공연자랑 일반 연예인은 비자 분류가 달라요?",미검수,[자동 플래그] E-6 sub-program 3종 합본 — 분리 검토 필요
E-6,E-6,사증,사증발급인정서,,"공연추천기간, 고용추천기간, 근로계약기간 등을 종합적으로 참고하여 적정 체류기간 부여",,,"- 사증발급인정신청서 (별지 제21호 서식), 여권, 표준규격사진 1매
- 사업자등록증 사본
- 고용계약서 사본
공연법 규정에 의한 공연: 영상물등급위원회의 공연추천서, 공연계획서, 피초청인이 미성년자인 경우 법정대리인의 동의서
호텔업시설·유흥업소 공연·연예활동: 영상물등급위원회의 공연추천서, 연예활동계획서, 자격증명서 또는 경력증명서(3년이상, 아포스티유 또는 자국 한국공관 확인), 공연시설 현황 확인서, 신원보증서, 법정대리인의 동의서(미성년자), 근로자파견사업허가증(해당자)
광고 모델 (일반심사): 대중문화예술기획업 등록증, 부가가치세 과세표준증명, 납세증명서, 기업 건전성 증빙서류, 신원보증서, 이력서, 보호자 동의서(미성년), 국내활동 계획서, 모델 전문성 입증서류(광고주 계약서, 광고촬영 모델 사용 개요, 포트폴리오)
그 밖의 경우: 소관 중앙행정기관의 장의 고용추천서 또는 고용의 필요성을 입증하는 서류, 법정대리인 동의서(미성년)",,,체류기간 2년 이하의 예술흥행(E-6) 사증발급인정서,,,,,,,"모델 전문 매니지먼트 업체, 공연기획사",영상물등급위원회 공연추천서,"광고 모델 우대심사 기준 적용대상
초청업체: 법인사업자 + 대중문화예술기획업 등록 + 최근 3년 최소 5억원 매출 + 최근 3개월 국민 상시근로자 5인 이상 + 업력 5년 이상 + 관련 업종만 등재 + 체납 사실 없음
외국인: 불법체류 다발 고시국가(21개국), 기타 법위반 고위험 국가가 아닐 것",,260504 사증민원 자격별 안내 매뉴얼.hwp,p. 154~156,data/parsed/raw/visa_manual.md:517-560,,"예술흥행, 공연추천서, 영상물등급위원회, 대중문화예술기획업, 광고모델, 우대심사","① 사증발급인정신청서 (별지 제21호 서식), 여권, 표준규격사진 1매
② 사업자등록증 사본
③ 고용계약서 사본
공연법 규정에 의한 공연을 하려는 경우
④ 영상물등급위원회(제주특별자치도의 경우 제주특별자치도지사)의 공연추천서(추천제외대상공연은 면제)","예술흥행 비자 받으려면 무슨 서류 필요해요?
공연 추천서는 어디서 받나요?
광고 모델은 우대 심사 기준이 따로 있나요?
미성년 외국인 연예인은 어떤 서류 더 내요?",미검수,
"E-7 (E-7-1, E-7-2, E-7-3, E-7-4, E-7-91, E-7-S, E-7-Y, E-7-T)",E-7,사증,사증발급,"E-7-1, E-7-2, E-7-3, E-7-4, E-7-91, E-7-S, E-7-Y, E-7-T","전문인력은 국민대체가 어려워 임금요건 외에는 원칙적으로 적용하지 않으나, 일부 직종은 예외적 적용
주한 외국공관·외국문화원·외국상공회의소 행정요원(자국 국적), 국제여객선 승무원
E-7(특정활동) 자격으로 한국에서 일하려는 외국인. 직종별로 5개 트랙(E-7-1 전문인력, E-7-2 준전문인력, E-7-3 일반기능인력, E-7-4 숙련기능인력, E-7-S 네거티브 전문인력)과 E-7-Y(국내성장인력), E-7-T(최우수인재 첨단산업) 등으로 구분된다.
E-7-1 전문인력 중 '관리자' 직종(직종코드 1212 ~ 1522)으로 사증을 신청하는 외국인.
제품생산 관리자(1413), 생명과학 전문가(2111), 컴퓨터 하드웨어 기술자(2211), 전기공학 기술자(2341), 전자공학 기술자(2342) 등 일부 E-7-1 직종에 적용되는 국내복귀기업 특례.
베트남 우수 대학교 졸업(예정)자가 중소·벤처기업의 시스템 소프트웨어 개발자 직무에 취업하려는 경우 특례.
기계공학 기술자(2351) 직종으로 E-7 사증을 신청하는 외국인.
요양보호사 자격으로 한국 노인의료복지시설에 취업하려는 외국인.
조선소·선박관련 블록제조업·조선 기자재 업체에서 조선분야 숙련용접공으로 취업하려는 외국인.
항공기 및 부분품 제조·조립·도장·판금 등의 직무에 종사하려는 외국인.
첨단산업분야 종사(예정)자가 E-7-S2 자격으로 사증을 신청 시 적용되는 점수표 (60점 이상 충족 필요).
학력·경력·분야에 관계없이 소득만 충족하면 E-7 사증을 받을 수 있는 고소득 전문인력 트랙.
E-7 도입직종에 해당되지 않더라도 첨단산업 분야 종사 (예정)자에게 E-7-S 자격을 허용하는 트랙.
E-7-4 숙련기능인력 점수제로 자격변경을 신청하는 외국인.
E-7 트랙 중 E-7-Y(국내성장인력)와 E-7-T(최우수인재 특정활동) 약호.
국내 기업과 고용계약을 맺고, 연간 근로소득이 1인당 GNI 2배 이상인 자로서 소득요건을 제외하고 법무부장관이 정한 요건을 모두 갖춘 사람","E-7-1 전문인력: 관리자 및 전문가 (67개 직종)
E-7-2 준전문인력: 사무 및 서비스종사자 (10개 직종)
E-7-3 일반기능인력: 기능원 및 관련기능종사자 (14개 직종)
E-7-4 숙련기능인력(점수제): 농림축산어업, 제조, 건설 등 분야 숙련기능인력 (3개 직종)
E-7-91 FTA 독립전문가
E-7-S 네거티브 방식 전문인력: 고소득자, 첨단산업분야 종사(예정)자
E-7-Y 국내성장인력: 국내성장취업
E-7-T 최우수인재 특정활동: 최우수인재 첨단산업분야 종사자
자국 공관·문화원·상공회의소의 자국 국적 행정·기능요원, 국제여객선 승무원
94개 허용 직종 종사 (예정) 외국인
관리자 직종(직종코드 1212~1522) 종사자
국내복귀기업의 해외법인에 고용된 외국인 (관리자/전문가)
베트남 우수 대학교 졸업(예정)자
요양보호사 (한국 노인의료복지시설 취업 예정자)
조선분야 숙련용접공 (Tig 용접, CO2 용접, 알곤용접, 취부용접, 용접사상)
항공기구조물조립원, 항공기기계가공원, 항공기판금가공원, 항공기(부품)도장원, 항공용복합재료가공원 등
E-7-S2 신청자
고소득 전문인력
첨단산업 분야 종사 (예정) 전문인력
E-7-4 신청자 (E-9, E-10, H-2 자격에서 자격변경 대상)
- E-7-Y (국내성장인력): 세부 약호 E-7-Y, 직종 코드 9999(국내성장취업).
- E-7-T (최우수인재 특정활동): 최우수인재 첨단산업분야 종사자.","대한민국 내의 공·사기관 등과의 계약에 따라 법무부장관이 특별히 지정하는 활동에 종사하려는 사람
'특정활동'이란 법무부장관이 국가경쟁력 강화 등을 위해 전문적인 지식·기술 또는 기능을 가진 외국인력 도입이 특히 필요하다고 지정한 분야(이하 '도입직종')에서의 활동
일반요건 (다음 중 하나 충족):
1) 도입직종과 연관성이 있는 분야의 석사 이상 학위 소지
2) 도입직종과 연관성이 있는 학사학위 소지 + 1년 이상의 해당분야 경력 (경력은 학위·자격증 취득 이후, 첨단기술 분야 종사자는 졸업 이전 인턴 경력도 인정)
3) 도입직종과 연관성이 있는 분야에 5년 이상의 근무경력
우대 특별요건:
- 세계 500대 기업 1년 이상 전문직종 근무경력자: 학력·경력요건 미충족이라도 고용 필요성 인정시 허용
- 세계 우수 대학(타임지 200대 또는 QS 500위 이내) 졸업(예정) 학사 소지자: 1년 경력 없어도 허용
- 국내 전문대학 졸업(예정)자: 전공 관련 도입허용 직종 취업 시 1년 경력 면제
- 국내 대학 졸업(예정) 학사 이상 학위 소지자: 전공 무관하게 고용 필요성 인정시 허용 (학사 이상 1년 경력 요건 면제, D-2-7은 국민고용비율 면제)
- 주무부처 고용추천 첨단 과학기술분야 우수인재: 일반요건보다 강화된 기준으로 고용추천
- 첨단기술인턴(D-10-3) 체류자 1년 이상 인턴 + 정식 취업 + 임금 GNI 1배 이상: 학력·경력 요건 면제
- 부처추천 전문능력 구비 우수인재: 연봉 GNI 1.5배 이상 + 소관 중앙행정기관장 추천 → 학력·경력 모두 면제
- 고소득 전문직 우수인재: 연봉 GNI 3배 이상 → 학력·경력 모두 면제 (부처 추천 불요)
- 우수사설기관 연수 수료자: 해외 전문학사 이상 + D-4-6 20개월 이상 수료 + 국내 공인 자격증 + 사회통합프로그램 4단계 이상 → 자격변경 허용
- 해외 유망인재: 29세 이하 + 타임즈 200대 또는 QS 200위 이내 대학 또는 TOPIK 6급 → 학력·경력 요건 면제
- 아시아권 QS 1,000위 이내 현지 대학 이공계 졸업생: 29세 이하 + 학사 + TOPIK 2급 → 경력 면제
예외적 적용 대상 (전문인력 중):
- 초청장 남발 우려가 있는 기계공학 기술자, 제도사, 여행상품개발자, 해외영업원, 통·번역가 등
- 전문인력중 국민고용보호 직종과 준전문인력, 일반기능인력, 숙련기능인력
주한외국공관, 주한외국문화원, 주한외국상공회의소 등에서 일반 행정 또는 기능업무를 수행하는 자국국적의 행정·기능요원
제3국인을 행정·기능요원으로 고용한 경우 법무부장관의 승인 또는 사증발급인정서 필요
국내 운수회사 등에 고용되어 선장 등 선박 운항의 필수전문요원으로 근무하는 자
한국표준직업분류에 따라 법무부 장관이 선정·고시한 94개 허용 직종에 종사 (예정)하는 자.
- 전문인력(E-7-1): 67개 직종 (관리자 15개, 전문가 및 관련종사자 52개)
- 준전문인력(E-7-2): 10개 직종 (사무 5개, 서비스 5개)
- 일반기능인력(E-7-3): 14개 직종 (조선용접공, 선박전기원 등)
- 숙련기능인력(E-7-4): 점수제 3개 직종 (뿌리산업체 숙련기능공, 농림축산어업 숙련기능인, 일반 제조업체 및 건설업체 숙련기능공)
- 네거티브 전문인력(E-7-S): 고소득자(E-7-S1) / 첨단산업분야 종사자(E-7-S2)
- 국내성장인력(E-7-Y) / 최우수인재 첨단산업분야 종사자(E-7-T)
- 해당 기업의 운영부서 현황, 독립성 및 해당 운영부서의 일반직원 수, 해당 관리자(외국인)의 임금수준 등을 고려하여 심사
- 원칙적으로 해당 기업의 본사 운영부서 관리자에 한함
'해외진출기업의 국내복귀 지원에 관한 법률' 제7조에 따라 산업통상자원부장관이 지원대상 국내복귀기업으로 선정한 기업의 해외법인에서 일정 기간 근무한 자.
국내복귀기업의 해외법인에 고용된 자 중
- 관련 분야 학사 이상 학위 소지자: 6개월 이상 해외법인 근무 경력
- ①전문학사 소지자, ②해당 직종 기술 자격증, ③관련 수상 경력·언론보도 또는 ④코트라 현지 KBC직원의 경력확인을 받은 경력증명서가 있는 자: 2년 이상 해외법인 근무 경력
베트남 우수 대학교 졸업(예정)자가 SW 교육과정을 이수한 후 중소·벤처기업 취업 시 '경력 1년 요건' 면제.
중소기업벤처기업부에서 매년 해외인력 취업 매칭 지원사업 운영사를 선발 후 확정 공고.
국민고용 보호 심사기준 적용 대상.
- 단, 국내 E-9 자격으로 체류하였던 자가 5년 이상 경력요건으로 신청 시에는 학사학위 이상일 것.
- 고용추천서 발급 제도 폐지 (제도 남용에 따라).
아래 요건 모두 충족 필요
- (학력) 국내 대학 전문학사 이상 학위 소지
- (자격증) 요양보호사 자격증 소지
- (한국어 능력) 사회통합프로그램(KIIP) 3급 이상 이수 또는 사전평가 61점 이상 또는 한국어능력시험(TOPIK) 3급 이상
소득요건: 당해연도 최저임금 이상.
국민고용 보호 심사 일반 기준 적용 (업체당 고용인원 = 국민고용인원 대비 20% 한도).
중급 이상 조선용접공 자격증 취득 후 2년 이상 경력 + 산업부 지정기관(예: 조선해양플랜트협회)의 현지 기량검증 통과.
임금요건: 전년도 1인당 국민총소득(GNI)의 80% 이상 (도입 3년차까지 '2,515만원 이상('25년 기준)'으로 완화).
아래 요건 중 하나
- 이공계 석사 이상 학위 소지
- 이공계 학사 이상 학위 소지 + 해당분야 1년 이상 경력
- 해당분야 5년 이상 경력
학위 취득 후의 경력만 인정.
소득요건: 전년도 1인당 국민총소득(GNI)의 80% 이상.
국민고용 보호 심사기준: 일반 기준 적용. 업체당 고용인원 = 국민고용인원 대비 20% 한도.
① 소득이 전년도 1인당 국민 총소득(GNI)의 3배 이상일 것
② 제한되는 직종(한국표준직업분류 상의 사무종사 및 단순노무 업종, 선량한 풍속에 반하는 업종 및 그 밖에 기타 관계 법령에서 국가 안보 등의 이유로 외국인의 취업을 제한하는 분야)에 취업하지 않을 것
첨단산업분야 인정 기준: 산업발전법 제5조 및 「첨단기술 및 제품의 범위」(산업통상자원부 고시 제2022-36호)에 따른 3,043개 첨단기술‧제품과 정확히 일치하는 분야의 기술‧제품 등을 보유하였거나 그 분야에 직접 종사 중인 경우로 한정.
필요 시 산업통상자원부의 '첨단기술‧제품 확인서' 보유 여부 확인.
최우수인재(Top-Tier) 자격 기준 중 학력, 경력, 한국어 능력을 충족하였으나 소득 요건이 1인당 GNI 2배 이상인 경우, 관계부처 추천을 받아 최우수인재 특정활동(E-7) 자격 부여","주한 외국공관 행정요원:
- 사증발급신청서 (별지 제17호 서식), 여권, 표준규격사진 1매, 수수료
- 주한 외국공관 협조요청 공문
- 고용계약서
- 학력 및 경력 등 입증서류
국내 운수회사 승무원:
- 사증발급신청서, 여권, 표준규격사진 1매, 수수료
- 고용업체 설립관련서류
- 고용계약서
- 학력 및 경력 등 입증서류 (학위증, 경력증명서, 이력서, 자격증 등)
자국공관원의 자국국적 가사보조인에 대해서는 재외공관이 재량으로 체류기간 1년의 방문동거(F-1) 사증 발급
- 지원대상 국내복귀기업 선정확인서 (해외진출기업의 국내복귀 지원에 관한 법률 시행규칙 별지 제7호 서식)
- 경력증명서 (코트라 현지 KBC직원의 경력확인 또는 영사확인)
- 학위증
- 요양보호사 자격증
- 한국어능력 증빙서류
- 국제선급회사 등 발급 자격증 (AWS·ASME·ISO·EN·KR·ABS·LR·DNVGL 등 발급 중급 이상 FCAW/GMAW/GTAW 자격증)
- 기량검증단 발급 기량검증확인서
- 학위증 (해당자)
- 학위증
- 경력 증명서 (해외 발급 서류는 아포스티유 확인 또는 대한민국 공관의 영사확인 필수)
제출서류 (사증발급·자격변경):
- 공통서류(신청서, 표준규격 사진, 여권 사본, 체류지 입증서류, 수수료 등)
- 학위증 또는 졸업증명서
- 경력증명서
- 고용계약서
- 사업자등록증 및 법인등기부등본
- 해외 범죄경력증명서
- 한국어 능력 입증서류 또는 사회통합프로그램 이수 확약서
- 관계 중앙행정기관 추천서
체류기간 연장 제출서류:
- 공통서류
- 재직증명서 (이직한 경우 첨단 분야 해당 여부 확인)
- 사업자등록증 및 법인등기부등본
- 소득금액증명원
- 해외 범죄경력증명서 (6개월 이상 출국 시)
- 사회통합프로그램 1단계 이수(사전평가 21점 이상) 또는 TOPIK 1급 취득","사증발급인정서 발급 및 체류자격 변경 접수‧심사 → 본부(체류관리과)에 쿼터 배정 요청 → 쿼터 번호 발부 → 허가
산업통상부 지정 기관(예: 조선해양플랜트협회)에서 기량검증단을 구성하여 조선 용접분야 현지 기량검증 실시 후 통과자들에게 기량검증 확인서 발급.
- (기업 추천 개인트랙) 현재 1년 이상 근무 중인 기업의 추천을 받은 자로서 중앙부처·지자체 추천 없이 전환요건 점수 이상이면 신청 가능
- (추천 쿼터) 현재 1년 이상 근무 중인 기업의 추천을 받은 자로서 중앙부처, 광역지자체 추천을 받으면 신청 가능
- (중앙부처 추천) 고용부, 산업부, 농식품부, 해수부, 국토부에서 추천
- (광역지자체 추천) 1년 이상 해당 광역지자체 소재 기업에서 근무 중인 자 중 추천을 희망하는 각 광역지자체에서 추천 (E-7-4 전환 후 2년 이상 해당 광역지자체에 체류지를 계속 두고 있어야 함). 단, 4년 체류 요건과 상관없이 비수도권 특례로 전환된 경우 의무 거주기간 3년.
전자사증 신청 가능
근무처 변경 및 추가 신고: 사유 발생일로부터 15일 이내 관할 출입국관서에 신고
근무처 변경 제출서류: 고용계약서, 사업자 등록증, 이적 동의서",,"3년 (주무부처 추천 우수인재, 지역특화발전특구 및 첨단의료복합단지 내 E-7 직종 종사자, 경제자유구역 내 의료연구개발기관의 연구원은 5년)
체류기간 1년 이하, 유효기간 3월의 단수사증 (고용계약 2년이라도 체류기간 1년 사증 발급)
체류기간 상한 2년의 단수사증","(고용업체의 규모) 국민 고용자가 5명 미만이고 내수 위주인 업체는 원칙적으로 초청을 제한
고용인원은 고용보험가입자명부에 최저임금을 충족하는 3개월 이상 등재된 인원
원칙적으로 개업 후 최소 3개월 이후 신청 가능
(외국인 고용비율) 국민고용 보호 직종은 원칙적으로 국민고용자의 20% 범위 내에서 외국인 고용 허용
숙련기능인력(E-7-4), E-8, E-9, E-10, H-2, F-2, F-4, F-5, F-6은 외국인 고용인원에서 제외
교수(E-1)~특정활동(E-7-1~3) 등 취업 가능 체류자격은 외국인 고용인원에 포함하여 비율 산정
총 국민고용자의 20%를 초과하여 E-7 외국인을 고용 중인 업체는 신규 및 대체인력 초청과 체류자격변경, 근무처변경·추가 등 원칙적으로 불허
(임금요건) 전문인력은 법무부 장관이 확정·공고한 임금요건 기준 적용
준전문인력, 일반기능인력, 숙련기능인력은 최저임금 이상 적용
연봉이 심사기준 이하인 경우 원칙적으로 발급 제한
물건운송·하역 등 단순노무 종사 부원은 선원취업(E-10) 자격 대상
관광진흥법에 의한 관광유람선에서 공연하는 연예인은 예술흥행(E-6)자격 대상
대한민국 법률에 의하여 인정된 외국 국가공인자격증을 소지한 항공기 기장 또는 선장 등은 전문직업(E-5)자격 대상
- 기간연장 심사 시 전년도 급여기록을 확인하여 임금요건, 업체요건 미충족 시 체류허가 제한.
고용업체 요건:
- 조선업 전업률 50% 이상 (산업부 지정기관 발행 확인서)
- 최근 1년간 연평균 매출액 10억원 이상
- 상시 근로자 10인 이상 (「중소기업기본법」 상 소기업은 면제)
- 최근 2년 이내 이탈자가 발생하지 않은 업체
한국표준직업분류 상 사무종사 및 단순노무 업종, 선량한 풍속에 반하는 업종, 국가 안보 등의 이유로 외국인 취업 제한 분야 (예: 뉴스통신사업자의 대표이사 등)는 제외.","체류자격외활동허가 또는 근무처추가를 받아 파트타임으로 근무하는 경우 적용 제외
정부초청 장학생으로 일/학습연계유학(D-2-7) 자격 졸업자는 전문/준전문/일반기능에 대해 국민고용비율, 업체규모 적용 면제
중소·벤처·비수도권 중견기업 특례: 전년도 GNI의 80% 임금 요건 직종에서 국내 E-7 근무경력 없거나 3년 이하인 자에게 GNI의 70% 이상으로 완화 적용
주한공관, 공공기관, 학교(대학제외) 등 비영리기관 67개 직종은 임금요건 미충족 합리적 사유 입증 시 부분 완화 가능
특정활동(E-7) 허용직종에 90일 이하 단기간 취업하는 자는 단기취업(C-4-5) 사증 발급
대기업 종사 ""관리자""에 대해서는 고용추천서 징구 면제(‘07.12.5. 규제개혁 장관회의 결정).
해당 직종별 고용추천기관을 적시한 경우는 대기업이 아닌 중소기업 종사 ""관리자""에 한해 징구 가능.
경력 1년 요건 면제
유학생 특례: 국내 대학에서 이공계 전문학사 이상 학위를 취득한 외국인 유학생이 조선업체 취업이 확정되고 산업통상자원부 장관의 고용추천을 받은 경우 체류자격 변경 허용.
산업부 지정기관의 강화된 기량 검증통과 시 경력증명서 제출 면제('25. 7. 1.부터 2년간 시범운영).
유학생 특례: 국내대학에서 이공계 전문학사 이상 학위를 취득한 외국인 유학생이 항공기(부품) 제조업체 취업이 확정되고 산업통상자원부 장관의 고용추천을 받은 경우 경력요건 면제.",,,"E-7-4 숙련기능인력은 점수제 적용
1. 필수항목 - 소득: 연령과 연동하여 최대 45점
2. 미래 기여 가능성 항목
   - 2-1. 연령: 최대 20점 (20~29세 20점, ~35세 15점, ~39세 10점, 40세 이상 5점)
   - 2-2. 학력: 최대 30점 (박사 첨단/2개 이상 30점, 박사 일반 25점, 석사 첨단 25점 등)
   - 2-3. 근무 경력: 최대 25점 (9년 이상 25점 ~ 1~3년 미만 5점)
   - 2-4. 한국어 능력: 최대 20점 (TOPIK 5급/KIIP 5단계 20점 ~ 5점)
   - 2-5. 국내 유학 경력: 최대 20점 (박사 20점 ~ 전문학사 5점)
3. 가점 항목: 최대 40점 (우수대학 졸업자 10점, 코트라 고용추천 10점, 중소·벤처기업 채용 10점, 연구실적 가점 10점)
합격선: 60점 이상.
첨단산업 분야 네거티브 비자 점수표 60점 이상 (별도 행 참조)","국민고용자의 20% 범위 내 외국인 고용
업체당 고용허용인원 = 고용보험 가입 내국인 피보험자(3개월 평균) 수의 30% 범위
상시근로자 5인 미만: 제한
상시근로자 5~10인: 1명
상시근로자 11~30인: 2명
상시근로자 30인 초과: 3명 (최대)
시범운영기간('24~'25년) 중 연간 총 400명 범위 내 도입‧초청 허용
외국인 고용비율: 국민고용인원의 30% 범위 내.
소규모 조선업체 특례: 내국인 상시 근로자 수에 관계없이 최소 5명 + 연매출 20억 당 1명 추가.
시범운영기간('24~'25년) 중 연간 총 300명 범위 내 도입‧초청 허용
전체 선발인원 35,000명 (K-point E74)
- 기업 추천 개인트랙: 12,000명 (34%)
- 중앙부처 추천: 9,650명 (32%)
  · 고용부 제조업: 3,650명 (10%)
  · 산업부 뿌리산업: 1,900명 (5%)
  · 농림부 농축산업: 1,600명 (5%)
  · 산업부 조선업: 1,600명 (5%)
  · 해수부 어업·내항상선: 600명 (2%)
  · 국토부 건설업: 300명 (1%)
  · 중기부 제조업: 1,650명 (4%)
- 광역지자체 추천(17개 시도): 5,500명 (16%)
- 탄력 배정 쿼터: 6,200명 (18%)","본사 운영부서가 있는 한국 내 기업(대기업/중소기업 구별)
산업통상자원부장관 지정 국내복귀기업
한국 내 중소·벤처기업
「노인복지법」에 따른 노인의료복지시설. 관할 시·군·구에서 발급한 장기요양기관지정서 (기관기호가 1로 시작하는 시설).
조선소, 선박관련 블록제조업, 조선 기자재 업체
항공기(부품) 제조업체로서 최근 1년간 연평균 매출액 10억 원 이상 + 상시 근로자 10인 이상 + 최근 2년 이내 법 위반 및 이탈자가 발생하지 않은 업체.
1년 이상 근무 중인 기업
국내 기업과 고용계약 체결 (고용주가 전자사증 대리 신청 가능)","대기업 종사 관리자는 고용추천서 면제. 중소기업 종사 관리자만 직종별 고용추천기관(예: 산업통상자원부 KOTRA, 중소벤처기업부 중소벤처기업진흥공단 등)의 추천서 징구 가능.
산업통상자원부장관(KOTRA) 고용추천서 필수
중소기업벤처기업부 장관(청년정책과) 고용추천서 필수
고용추천서 발급 제도 폐지
산업통상자원부장관(조선해양플랜트과) 고용추천서 필수
산업통상자원부 장관(기계로봇항공과) 고용추천서 필수
기업 추천 + 중앙부처/광역지자체 추천 또는 개인트랙
관계 중앙행정기관 추천서 필수","E-7 세부약호 및 분류
E-7-1 전문인력 - 관리자 및 전문가 (67개 직종)
E-7-2 준전문인력 - 사무 및 서비스종사자 (10개 직종)
E-7-3 일반기능인력 - 기능원 및 관련기능종사자 (14개 직종)
E-7-4 숙련기능인력(점수제) - 3개 직종 (’17.8.1신설)
E-7-91 FTA 독립전문가
E-7-S 네거티브 방식 전문인력 - 고소득자, 첨단산업분야
E-7-Y 국내성장인력 (직종 코드 9999)
E-7-T 최우수인재 - 최우수인재 첨단산업분야
첨단과학기술인력 우대 고용추천 (골드카드)
골드카드 고용추천기관: 산업통상자원부(KOTRA)
추천대상자 요건: 동종 5년 이상 경력 / 학사 + 1년 이상 경력 / 석사 이상 (국내 학위취득자는 경력 불요)
추천대상 직종: IT, 기술경영, 나노, 디지털 전자, 바이오, 수송 및 기계, 신소재, 환경 및 에너지 등 8개 분야
E-7 허용직종 94개 전체 분류(트랙별 직종 수와 코드)
- 전문인력(E-7-1) 67개: 관리자 15개 / 전문가 및 관련종사자 52개
- 준전문인력(E-7-2) 10개: 사무종사자 5개 / 서비스종사자 5개
- 일반기능인력(E-7-3) 14개
- 숙련기능인력(E-7-4) 3개 (점수제)
- 네거티브 방식 전문인력(E-7-S): 고소득자→E-7-S1, 첨단산업 분야 종사(예정)자→E-7-S2
- 국내성장인력(E-7-Y) : 직종코드 9999
- 최우수인재 특정활동(E-7-T) : 첨단산업분야 종사자
기계공학 기술자 업체 상시근로자 수별 고용허용인원
- 5인 미만 → 제한
- 5~10인 → 1명
- 11~30인 → 2명
- 30인 초과 → 3명 (최대)
E-7-S2 점수표 (필수+미래기여+가점 합산하여 60점 이상)
- 소득 (45점) × 연령(20점) × 학력(30점) × 경력(25점) × 한국어(20점) × 국내유학(20점) × 가점(40점)
- 우수대학: Times Higher Education 200대 / QS 상위 500위 (국내대학도 인정)
- 연구실적: 최근 5년 이내 SCI·SCIE·SSCI·A&HCI 논문 1편 이상 게재(제1저자 또는 교신저자)
E-7-4 숙련기능인력 35,000명 선발계획 (트랙별 쿼터)
- 기업 추천 개인트랙 12,000 / 중앙부처 추천 9,650 / 광역지자체 추천 5,500 / 탄력 배정 6,200 (합계 35,000)",,260504 사증민원 자격별 안내 매뉴얼.hwp,p. 175~180,"data/parsed/raw/visa_manual.md:561-573
data/parsed/raw/visa_manual.md:574-3861
data/parsed/raw/visa_manual.md:7049-7497","D-2-7, E-8, E-9, E-10, H-2, F-2, F-4, F-5, F-6, C-4-5, D-10-3, D-4-6, F-1, E-5, E-6, E-7-1, E-7-2, E-7-3, E-7-4, E-7-S, E-7-S1, E-7-S2, E-7-Y, E-7-T, F-2-7, F-5-16, D-10-T, F-2-T, F-5-T","특정활동, 전문인력, 준전문인력, 일반기능인력, 숙련기능인력, 외국인력, E-7요건, 석사학위","대한민국 내의 공․사기관 등과의 계약에 따라 법무부장관이 특별히 지정하는 활동에 종사하려는 사람
전문성 수준 및 국민대체성 등에 따라 전문인력, 준전문인력, 일반기능인력, 숙련기능인력으로 구분, 도입 및 관리기준을 달리하여 탄력적으로 운영

(일반요건) 다음 요건 중 하나를 충족하여야 함
- 도입직종과 연관성이 있는 분야의 석사 이상 학위 소지
- 도입직종과 연관성이 있는 학사학위 소지 + 1년 이상의 해당분야 경력
- 도입직종과 연관성이 있는 분야에 5년 이상의 근무경력
- (고소득 전문직 우수인재) 연간 총 수령보수가 전년도 1인당 국민총소득(GNI)의 3배 이상 되는 경우 직종에 관계없이 학력, 경력 모두 면제가능

- (고용업체의 규모) 국민 고용자가 5명 미만이고 내수 위주인 업체는 원칙적으로 초청을 제한, 고용인원은 고용부의 고용보험가입자명부에 최저임금(시급 및 월급)을 충족하는 3개월 이상 등재된 인원을 말함
- (외국인 고용비율) 국민고용 보호 직종은 원칙적으로 국민고용자의 20% 범위 내에서 외국인 고용을 허용
- (임금요건) 저임금 편법인력 활용 방지를 위해 동종 직무를 수행하는 동일 경력 내국인의 평균임금과 연계하여 전문인력 수준에 따라 직종별로 차등 적용

1. 주한 외국공관에서 고용하는 행정요원 등(자국 국민에 한함)에 대한 체류기간 1년 이하, 유효기간 3월의 단수사증 : 특수기관 행정요원 (S2620)
2. 국내 운수회사 등에 고용되어 선박 등의 승무원 등으로 근무하는 자에 대한 체류기간 1년 이하의 단수사증 : 운송서비스 종사자(431)

<특정활동(E-7) 허용직종 현황> 94개
전문인력(E-7-1) ※ 67개 직종
준전문인력(E-7-2) ※ 10개 직종
일반기능인력(E-7-3) ※ 14개 직종
숙련기능인력(E-7-4) ※ 3개 직종
네거티브 방식 전문인력(E-7-S)
국내성장인력(E-7-Y)
최우수인재 특정활동(E-7-T)

‣ 해당 기업의 운영부서 현황, 독립성 및 해당 운영부서의 일반직원 수, 해당 관리자 (외국인)의 임금수준 등을 고려하여 심사
‣ 원칙적으로 해당 기업의 본사 운영부서 관리자에 한함
‣ 대기업 종사 ""관리자""에 대해서는 고용추천서 징구 면제(‘07.12.5. 규제개혁 장관회의 결정)
‣ 해당 직종별 고용추천기관을 적시한 경우는 대기업이 아닌 중소기업 종사 ""관리자""에 한해 징구 가능함을 유의

- (자격요건) '해외진출기업의 국내복귀 지원에 관한 법률' 제7조에 따라 산업통상자원부장관이 지원대상 국내복귀기업으로 선정한 기업
- (생산관리자 자격요건) 국내복귀기업의 해외법인에 고용된 자 중 △관련 분야 학사 이상 학위 소지자는 6개월 △전문학사 소지자, 해당 직종 기술 자격증 또는 관련 수상 경력, 관련 언론보도 또는 코트라 현지 KBC직원의 경력확인을 받은 경력증명서가 있는 자는 2년 이상 국내 복귀기업 해외법인에서의 근무경력이 있어야 함
- (업체당 고용허용인원 기준) 고용보험 가입 내국인 피보험자(3개월 평균) 수의 30%를 범위 내에서 허용인원으로 산정

- (베트남 SW인력 특례) 베트남 우수 대학교 졸업(예정)자가 SW 교육과정을 이수한 후 중소·벤처기업 취업 시 '경력 1년 요건' 면제
‣(고용추천서 발급) 중소기업벤처기업부 장관(청년정책과) ※ 필수
‣2년간 시범운영('25~ '26년)을 하되, 성과 등 분석 후 정식 시행여부 결정

❍ (자격요건) 일반 기준 적용
- 단, 국내 E-9 자격으로 체류하였던 자가 5년 이상 경력요건으로 신청시에는 학사학위 이상일 것
❍ (국민고용 보호 심사기준) 적용 대상
- (고용허용인원) 업체당 상시근로자 수에 따라 아래의 고용허용인원 산정기준 적용

❍ (자격요건) 아래 요건 모두 충족 필요
- (학력) 국내 대학 전문학사 이상 학위 소지
- (자격증) 요양보호사 자격증 소지
- (한국어 능력) 사회통합프로그램(KIIP) 3급 이상 이수 또는 사전평가 61점 이상 또는 한국어능력시험(TOPIK) 3급 이상
❍ (허용인원 상한) 시범운영기간('24~'25년) 중 연간 총 400명 범위 내 도입‧초청 허용

❍ (자격요건) 중급이상 조선용접공 자격증 취득 후 2년 이상 경력 + 현지 기량검증 통과
- (용접자격증) 국내 조선소에서 일반적으로 통용되는 AWS 등의 기준을 적용하여 발급된중급이상의 FCAW, GMAW, GTAW 용접기술 분야의 자격증
- (임금요건) 전년도 1인당 국민총소득(GNI)의 80% 이상
‣도입 3년차까지 '2,515만원 이상('25년 기준)'으로 완화된 임금요건 적용

❍ (자격요건) 아래 요건 중 하나를 충족하는 자
- 이공계 석사 이상 학위 소지
- 이공계 학사 이상 학위 소지 + 해당분야 1년 이상 경력
- 해당분야 5년 이상 경력
❍ (소득요건) 전년도 1인당 국민총소득(GNI)의 80% 이상
❍ (허용인원 상한) 시범운영기간('24~'25년) 중 연간 총 300명 범위 내 도입‧초청 허용

첨단산업 분야 네거티브 비자 점수표
1. 필수항목
❍ 소득 : 연령과 연동하여 최대 45점
2. 미래 기여 가능성 항목
2-1. 연령 : 최대 20점
2-2. 학력 : 최대 30점
2-3. 근무 경력 : 최대 25점
2-4. 한국어 능력 : 최대 20점
2-5. 국내 유학 경력 : 최대 20점
3. 가점 항목 : 최대 40점

❍ 고소득자(E-7-S1) : 학력, 경력, 분야에 관계없이 사증(E-7) 발급
- (자격요건, 사증발급 및 체류관리 기준) ①소득이 전년도 1인당 국민 총소득(GNI)의 3배 이상일 것 ②제한되는 직종에 취업하지 않을 것
- (국민고용 보호 심사 기준) 비적용

❍ 첨단산업분야 종사 예정자(E-7-S2) : E-7 도입직종에 해당되지 않는 경우에도 E-7-S 체류자격 허용 가능
- (자격요건, 사증발급 및 체류관리 기준) ①점수 요건을 60점 이상 충족하면서 ②소득이 전년도 1인당 국민총소득(GNI)의 1배 이상이고 ③첨단산업 분야에 종사할 것 ④제한되는 직종에 취업하지 않을 것

1 선발인원 : 35,000명
< 숙련기능인력(E-7-4) 유형별 선발계획표 >
K-point E74 35,000 12,000 3,650 1,900 1,600 1,600 600 300 1,650 5,500 6,200
○ 기업 추천 개인트랙 : 현재 1년 이상 근무 중인 기업의 추천을 받은 자로써 중앙부처·지자체 추천 없이 전환요건 점수 이상이면 신청 가능
○ 추천 쿼터 : 현재 1년 이상 근무 중인 기업의 추천을 받은 자로써 중앙부처, 광역지자체 추천을 받으면 신청 가능

국내성장인력(E-7-Y)
- 세부 약호 : E-7-Y(국내성장인력)
- 직종 코드 : 9999(국내성장취업)
최우수인재 특정활동(E-7-T)
최우수인재 첨단산업분야 종사자 => E-7-T

□ 최우수인재 특정활동(E-7-T)
❍ 사증발급·자격변경
- (대상자) 국내 기업과 고용계약을 맺고, 연간 근로소득이 1인당 GNI 2배 이상인 자로서 소득요건을 제외하고 법무부장관이 정한 요건을 모두 갖춘 사람(부처 추천 필수)
☞ 전자사증 신청 가능","한국에서 특정 직종으로 일하려면 어떤 비자 받아요?
특정활동 비자에는 어떤 종류가 있어요?
숙련기능 인력으로 어떻게 한국에서 일할 수 있나요?
최우수인재 비자는 어떤 사람이 받을 수 있어요?",미검수,[자동 플래그] E-7 sub-program 5종 합본 — 분리 검토 필요
E-7,E-7,사증,사증발급인정서,,"초청업체 소재지 관할 출입국·외국인청(사무소·출장소)에 신청, 우수인재 고용추천 받은 경우 온라인(대한민국 비자포털) 신청 허용",,,"- 사증발급인정신청서 (별지 제21호 서식), 여권사본, 표준규격사진 1매
- 공·사기관 설립관련 서류 (사업자등록증, 고유번호증, 외국인투자기업등록증 등)
- 고용계약서 사본
- 납세증명서(국세완납증명서), 지방세 납세증명서
- 외국인의 고용의 필요성을 입증할 수 있는 서류 (초청사유서, 외국인활용계획서 등, 소관 중앙행정기관의 장의 고용추천서 또는 관련 단체 등의 추천서)
- 신원보증서 (법무부 장관이 고시한 직종 종사자만 해당)
- 자격요건 입증서류 (학위증, 경력증명서, 이력서, 유효한 자격증 등)
피초청(외국인)인 준비서류: 여권사본, 반명함판 칼라사진 1매, 고용계약서, 자격요건 입증서류
국외 발급서류는 국문 또는 영문 번역본 첨부, 주요핵심 서류는 영사 공증 또는 아포스티유 확인서 제출
KOTRA·중진공 골드카드 고용추천을 받은 경우 온라인 신청 시 고용추천서 외 첨부서류 면제 (나머지는 외국인등록 시 제출)",,,,,"준법·사회공헌기업(국세청 성실납세, 고용노동부 일자리 으뜸기업, 공정거래위 동반성장 우수, 출소자 고용 우수, 제대군인 고용 우수)은 고용업체 설립 관련 서류 및 고용의 필요성 입증서류 면제",,,,,,소관 중앙행정기관의 장(경제자유구역·지역특화발전특구 등은 관할 시·도지사) 고용추천서,"주무부처 고용추천 필수 직종 (일부)
국내복귀기업 생산관리자(1413), 생명과학전문가(2112), 컴퓨터 하드웨어 기술자(2211)
전기공학·전자공학·플랜트공학·로봇공학·자동차/조선/비행기/철도차량공학 전문가
선박관리전문가(1512), 여행업체·관광레저사업체 관리자, 금융 및 보험전문가(272)
여행상품 개발자(2732), 공연기획자(2735), 기술경영 전문가(S2743), 아나운서(28331)
호텔접수사무원(3922), 의료코디네이터(S3922), 관광통역안내원(43213)
양식기술자(6301), 할랄도축원(7103), 조선용접공(7430), 선박전기원(76212), 선박도장공(78369)
항공기 정비원(7521), 항공기(부품)·자동차 부품 제조원, 자동차 판금·도장원",,260504 사증민원 자격별 안내 매뉴얼.hwp,p. 167,data/parsed/raw/visa_manual.md:561-573,,"E-7제출서류, 사증발급인정신청서, 골드카드, 신원보증서, 준법기업특례, 주무부처추천","① 사증발급인정신청서 (별지 제21호 서식), 여권사본, 표준규격사진 1매
② 공․사기관 설립관련 서류
③ 고용계약서 사본
④ 납세증명서(국세완납증명서), 지방세 납세증명서
⑤ 외국인의 고용의 필요성을 입증할 수 있는 서류","특정활동 비자 사증발급인정서는 어디서 신청하나요?
온라인으로 신청할 수 있는 경우가 있어요?
준법 기업은 어떤 혜택이 있나요?",미검수,
E-7 (E-7-S),E-7,사증,체류자격 변경,E-7-S,"E-7-S 자격에서 점수제 거주(F-2-7) 또는 점수제 영주(F-5-16)로 자격변경을 신청하는 외국인.
E-9, E-10, H-2 자격으로 한국에서 4년 이상 일한 외국인이 숙련기능인력(E-7-4)로 자격변경을 신청하는 경우의 기본 요건. K-point E74 시스템.
K-point E74 점수표. 기본항목(평균소득·한국어·나이) + 가점(추천·근속·인구감소지역·자격증·운전면허) + 감점.
K-point E74 신청 시 아래 항목 중 하나라도 해당하면 자격변경 불가 (①, ③, ④는 최근 10년 이내 사항만 해당).
K-point E74를 통해 E-7-4 외국인을 고용하려는 사업장의 요건.
K-point E74 신청 방법과 일정.
K-point E74 자격변경 신청 시 제출하는 서류 목록.
K-point E74 자격변경 허가 후 부여 기간과 수수료 등 행정사항.
K-point E74 추천을 받기 위한 세 가지 경로 (중앙부처 / 광역지방자치단체 / 고용기업) 절차 안내.
K-point E74 점수표의 한국어능력 항목을 입증하는 시험 안내.
K-point E74 신청 시 제출하는 E-7-4용 표준 근로계약서 작성 요건.
K-point E74 신청 시 잔여 여권 유효기간이 6개월 미만인 경우 처리.","E-7-S → F-2-7 → F-5-16 자격변경 희망자
숙련기능인력(E-7-4) 자격변경 신청자
E-7-4 외국인 고용 사업장","점수제 거주(F-2-7) 특례
- (대상) E-7-S 자격으로 국내에서 1년 이상 체류했으며, 현재 정상적으로 취업 활동 중인 자
- (요건) ①E-7-S2 점수제 요건(60점 이상) 충족 (E-7-S1은 소득만 확인) ②사회통합프로그램 3단계 이상 이수 또는 배정
- (내용) 점수제 거주(F-2-7) 점수제 요건 적용 면제
점수제 영주(F-5-16) 특례
- (대상) E-7-S 자격에서 F-2-7로 자격 변경하여 국내에 3년 이상 체류했으며, 현재 취업 중인 자
- (요건) E-7-S1은 소득 요건(GNI 3배 이상) 충족, E-7-S2는 E-7-S2 점수제 요건(60점 이상) 충족
- (내용) E-7-S2에서 거주(F-2-7) 자격 변경한 자에 대해 완화된 생계유지 요건(GNI 2배 이상 → 1배 이상) 적용
아래 요건 모두 충족 필요
① 최근 10년간 E-9, E-10, H-2 자격으로 4년 이상 체류한 現 등록외국인으로 현재 근무처에서 정상 근로 중인 자 (신청 당시 현재 근무처에서 외국인등록을 하고 합법적으로 근무 중일 것)
- 비수도권(서울‧경기‧인천 제외 전 지역)에서 3년 이상 체류 중인 자가 광역지자체 추천을 받은 경우도 해당
② 현재 근무처에서 연봉 2,600만원 이상으로 향후 2년 이상 E-7-4 고용계약 (농‧축산업, 어업‧내항상선 종사자는 연봉 2,500만원 이상으로 완화)
③ 현재 1년 이상 근무 중인 기업의 추천을 받은 자
④ 점수제 총점 300점에서 가점 포함 최소 200점 이상자 (기본항목의 평균소득과 한국어능력이 각각 최소 50점 이상)
- 최근 2년 연간 평균소득이 2,500만원 이상이고, 한국어능력이 TOPIK 2급 또는 사회통합프로그램 2단계 이수완료 또는 사회통합프로그램 사전평가 3단계 배정(41점) 이상일 것
- 한국어 외의 다른 요건을 충족할 경우 최초 연장(2년)시까지 한국어 능력 보완할 것을 조건으로 한시적 유예 시행(~26. 12. 31.)
현재 E-9·E-10·H-2를 1명 이상 정상적으로 고용하고 있는 기존 숙련기능 점수제 적용 사업장 → 3개 체류자격(E-9·E-10·H-2) 중 어느 하나에 해당되는 외국인을 현재 고용하고 있는 사업장일 것.
1. 근로계약기간: 계약기간이 최소 2년 이상 (E-7-4 전환 요건)
2. 근로장소: 계약서에서 정한 장소 외에서 근로 금지
3. 업무내용: 업종, 사업내용, 직무내용 구체적으로 기재
4. 근로시간 / 5. 휴게시간 / 6. 휴일
7. 임금: 연봉 2,600만원 이상 (E-7-4 전환 요건). 기본급·고정수당·상여금 기재. 연장·야간·휴일근로는 통상임금 50% 가산(상시근로자 4인 이하 사업장 제외)
8. 임금지급일 / 9. 지급방법 (사용자는 근로자 명의 통장·도장 관리 금지)
10. 숙식제공 (제공 시 유형·근로자 부담금액 명시)
11. 사용자·근로자는 근로계약·취업규칙·단체협약을 지키고 성실하게 이행
12. 본 계약에서 정하지 않은 사항은 「근로기준법」에 따름","[필수 서류 - 모든 신청자]
1. (외국인 본인) 통합신청서(별지34호), 여권사본(인적사항면)
2. (외국인 본인) 점수제 자체 심사표(붙임7 양식)
3. (외국인 본인) 신상 기술서(붙임8 양식)
4. (외국인 본인) 표준근로계약서 : E-7-4 계약서 제출
5. (외국인 본인) 세무서 발행 소득금액증명원 (최근 2년간 평균소득 확인용)
6. (외국인 본인) 한국어능력 입증서류
7. (외국인 본인) 신원보증서(별지129호) → 고용주가 신원보증인
8. (현재 근무처) 사업자등록증 사본 또는 농업경영체등록
9. (현재 근무처) 납세증명서, 지방세납세증명서 (기업의 세금체납 여부 확인용)
10. (현재 근무처) 4대 보험 가입자 명부(고용보험 가입자 명부) 또는 농업경영체등록, 공사금액입증 서류(건설업에 한함)
11. (현재 근무처) 고용기업 추천서(붙임9) 및 추천자 신분증 사본
[추가 서류 - 해당자에 한해 제출]
1. (외국인 본인) 국내 자격증 사본 (가점 해당자만)
2. (외국인 본인) 국내 학위증 사본 (가점 해당자만)
3. (외국인 본인) 국내 운전면허증 사본 (가점 해당자만)
4. (현재 근무처) 뿌리기업 확인서 (뿌리기업만 해당)
5. (현재 근무처) 원청확인서 또는 기자재업체확인서 (조선업만 해당)
6. (현재 근무처) 내항여객운송사업면허증 또는 내항화물운송사업등록증 (내항정기운송사업만 해당)
- 사회통합프로그램 사전평가(KIIP TEST) 성적표 — www.kiiptest.org
- 사회통합프로그램 이수증 — www.socinet.go.kr
- 한국어능력시험(TOPIK) 성적표 — www.topik.go.kr
- 근로계약서(Labor Contract): 사용자(업체명·소재지·대표자·사업자등록번호) + 근로자(성명·생년월일·본국주소)","(일정) 연중 상시 접수
(방법) 하이코리아 전자민원을 통한 온라인 접수 원칙. 하이코리아 홈페이지(www.hikorea.go.kr) 공지사항(신청방법) 참고.
(신청 5부제) 신청인의 출생 연도 끝자리에 따른 신청 요일 지정
- 월: 1, 6
- 화: 2, 7
- 수: 3, 8
- 목: 4, 9
- 금: 5, 0
하이코리아 전자민원 신청 가능 시간은 평일 오전 7시 ~ 오후 10시.
업로드 파일: 2MB 이하 jpg, bmp, png, tif, pdf. 증명사진은 95KB 이하 jpg만.
[중앙부처 추천]
- '고용기업 추천자' 중 부처별 지정된 영역에 한해 추천 가능
- 추천 명단을 주 단위로 법무부(체류관리과)로 공문 송부 → 외국인 본인은 별도로 추천서를 제출할 필요 없고 자체심사표에 추천 여부 표시
- 부처-영역: 고용부 제조업 / 산업부 뿌리산업·조선업 / 농식품부 농축산업 / 해수부 어업·내항상선 / 국토부 건설업 / 중기부 제조업
[광역지방자치단체 추천]
- '고용기업 추천자' 중 1년 이상 해당 광역지자체 소재 기업에 근무 중인 외국인을 추천 (E-7-4 전환 후 2년간 해당 광역지자체에서 계속 체류해야 함, 비수도권 특례 전환자는 의무거주 3년)
- 17개 광역지자체 중 추천을 희망하는 광역지자체가 추천. 산하 기초지자체의 추천을 취합해 쿼터 범위 내에서 추천.
- 추천은 직종(영역)에 상관없이 E-7-4 전환 가능 영역 추천
- 추천 명단을 주 단위로 법무부(체류관리과)로 공문 송부
[고용기업 추천]
- 현재 1년 이상 근무 중인 기업의 대표가 추천
- 추천은 해당 기업 직종(영역)에 맞게 추천
- 외국인이 E-7-4 신청 시 추천서 및 추천자 신분증 사본을 직접 제출
KIIP 사전평가 PBT(전국동시) 차수별 일정 운영. 광명·대전 CBT센터는 주중 수시 평가 후 평균 2일 후 결과발표.
- 광명: 매주 월·화·수·금
- 대전: 매주 금·토·일·월",일반적인 자격변경 수수료 적용 (전자민원 감면 포함),1회 부여 체류 기간 2년 이내 (고용계약 범위 내),"단, 점수제 요건 외의 요건(품행, 취업제한분야에 종사한 사실이 없을 것 등)은 적용.
① 벌금 100만원 이상의 형을 받은 자
② 조세 체납자 (완납 시 신청 가능)
③ 출입국관리법 4회 이상 위반자
④ 불법체류 경력 3개월 이상인 자
⑤ 대한민국의 이익이나 공공의 안전 등을 해치는 행동을 할 염려가 있다고 인정할 만한 자
⑥ 경제질서 또는 사회질서를 해치거나 선량한 풍속 등을 해치는 행동을 할 염려가 있다고 인정할 만한 자
세금(국세, 지방세) 체납 사실 있는 업체는 제외.
고령자, 격오지, 첨부서류 과다자 등 관할기관장이 판단해 대면 접수가 불가피한 경우에만 예외적으로 대면 접수 허용.
허가 내용: 체류자격 변경만 허용 (신규 비자발급 대상 아님).","점수제 거주(F-2-7) 점수제 요건 적용 면제 / F-5-16 생계유지 요건 완화
(특례) 인구감소지역, 뿌리산업은 국민고용 인원의 50% 이내까지 허용.
건설업의 경우 ""시공능력평가액이나 연평균 공사금액 중 택 1"" × 0.4 (1억당 0.4명 고용) 내에서 고용 가능.
잔여 여권 유효기간이 6개월 미만인 경우, 1회에 한하여 붙임10의 확인서 징구 후 여권 유효기간을 6개월로 간주하여 체류기간을 부여 (단, 고용계약기간은 2년 이상 되어 있어야 함).
붙임10의 확인서는 전자민원 신청의 필요증빙서류 목록 중 '21. 기타' 항목에 첨부.",,,"점수제 총점 300점 중 200점 이상 (평균소득·한국어 각 최소 50점)
[기본항목]
Ⓐ 평균소득(최근 2년 연간 평균): 최대 120점 (2,500~3,000만 50점 / 3,000~3,500만 65점 / 3,500~4,000만 80점 / 4,000~4,500만 95점 / 4,500~5,000만 110점 / 5,000만~ 120점). 농‧축산업·어업‧내항상선은 2,400만원부터 적용.
Ⓑ 한국어능력: 최대 120점 (TOPIK 2급/사통 2단계/41~60점 → 50점, TOPIK 3급/사통 3단계/61~80점 → 80점, TOPIK 4급/사통 4단계/81점 이상 → 120점)
Ⓒ 나이: 최대 60점 (19~26세 40점, 27~33세 60점, 34~40세 30점, 41세~ 10점)
[가점] (①~⑥ 간 중복 가능, ①의 중앙부처 vs 광역지자체 추천은 하나만 인정)
① 추천: 고용기업 30 / 중앙부처 30 / 광역지자체 50
③ 현근무처 3년 이상 근속: 20
④ 인구감소지역 및 읍·면지역 3년 이상 근무: 20
⑤ 자격증 또는 국내 학위: 20
⑥ 국내 운전면허증: 10
[감점] 최대 50점 이내
① 벌금 100만원 미만의 형 (1회 5점, 2회 10점, 3회 이상 20점, 최대 20점)
② 체납으로 체류허가 제한 (1회 5점, 2회 10점, 3회 이상 15점, 최대 15점)
③ 출입국관리법 3회 이하 위반 행정처분 (1회 5점, 2회 10점, 3회 이상 15점, 최대 15점)
전환요건: 300점 만점(가점 제외) 중 200점 이상(가점 포함) 득점.","허용 인원: 현재 해당 사업장 국민고용인원의 30% 이내.
국민고용인원 = 고용보험가입자명부에 최저임금을 충족하는 3개월 이상 등재된 인원.
E-7-4 이외의 E-7·E-9·E-10·H-2 및 F-2, F-4, F-5, F-6는 외국인 고용인원에서 제외.
허용 계산값의 소수점 이하는 올림, 현재 E-9 및 E-10 외국인 근로자를 고용 중인 기업은 최소 1명(인구감소지역, 뿌리산업은 2명) 고용 가능.","현재 1년 이상 근무 중인 기업
한국 내 사업장 (제조업/건설업/농어업 등)","고용기업 추천(필수) / 중앙부처 또는 광역지자체 추천(선택)
고용기업 추천서 발급 (붙임 9)
중앙부처/광역지자체/고용기업 3종 추천 트랙","K-point E74 점수표 (기본 300점 + 가점 150점 - 감점 50점, 합격선 200점)
- 평균소득 50~120점 / 한국어 50~120점 / 나이 10~60점
- 추천 가점: 고용기업 30 + 중앙부처 30 또는 광역지자체 50 + 근속 20 + 인구감소·읍면 20 + 자격증/학위 20 + 운전면허 10
- 감점: 벌금/체납/출입국관리법 위반 각 최대 15~20점
K-point E74 부처별 추천 영역과 소관 부서
- 고용부 외국인력담당관실 044-202-7737 → 제조업
- 산업부 산업공급망정책과 044-203-4907 → 뿌리산업
- 산업부 조선해양플랜트과 044-203-4333 → 조선업
- 농식품부 농업경영정책과 044-201-1720 → 농축산업
- 해수부 소득복지과 044-200-6013 → 어업
- 해수부 선원정책과 044-200-5744 → 내항상선·연근해어업(20톤 이상)
- 국토부 건설산업과 044-201-3546 → 건설업
- 중기부 인력정책과 044-204-7450 → 제조업",,260504 사증민원 자격별 안내 매뉴얼.hwp,p. 235,"data/parsed/raw/visa_manual.md:574-3861
data/parsed/raw/visa_manual.md:3862-4341
data/parsed/raw/visa_manual.md:4342-4641","F-2-7, F-5-16, E-7-S1, E-7-S2, E-9, E-10, H-2, F-2, F-4, F-5, F-6","E-7-S 특례, 점수제 면제, 사회통합프로그램, 자격변경, K-point E74, 숙련기능인력, 4년 체류, 200점","❍ 점수제 거주(F-2-7) 자격변경에 대한 특례
- (대상) 네거티브 방식의 전문인력(E-7-S) 자젹으로 국내에서 1년 이상 체류했으며, 현재 정상적으로 취업 활동 중인 자
- (요건) ①E-7-S2 점수제 요건(60점 이상)을 충족하고(E-7-S1은 소득만 확인) ②사회통합프로그램 3단계 이상 이수 또는 배정
- (내용) 점수제 거주(F-2-7) 점수제 요건 적용 면제
❍ 점수제 영주(F-5-16) 자격변경에 대한 특례

① 최근 10년간 E-9, E-10, H-2 자격으로 4년 이상 체류한 現 등록외국인으로 현재 근무처에서 정상 근로 중인 자
② 현재 근무처에서 연봉 2,600만원 이상으로 향후 2년 이상 E-7-4 고용계약
③ 현재 1년 이상 근무 중인 기업의 추천을 받은 자
④ 점수제 총점 300점에서 가점 포함 최소 200점 이상자[기본항목의 평균소득과 한국어능력이 각각 최소 점수(50점) 이상인 자에 한함]

Ⓐ 평균소득 (최근 2년 연간 평균소득) : 최대 120점
Ⓑ 한국어능력 : 최대 120점
Ⓒ 나이 : 최대 60점
< 가점 >
추천(고용기업체/중앙부처/광역지자체) / 현근무처 3년 이상 근속 / 인구감소지역 및 읍·면지역 3년 이상 근무 / 자격증 또는 국내 학위 / 국내 운전면허증
< 감점 >
① 벌금 100만원 미만의 형을 받은 자(최대20점)

다. 제외 대상 : 아래 항목 중 하나라도 해당하면 불가(①,③,④는 최근 10년 이내 사항만 해당)
① 벌금 100만원 이상의 형을 받은 자
② 조세 체납자(완납 시 신청 가능)
③ 출입국관리법 4회 이상 위반자
④ 불법체류 경력 3개월 이상인 자

가. 기본 요건 : 현재 E-9·E-10·H-2를 1명 이상 정상적으로 고용하고 있는 기존 숙련기능 점수제 적용 사업장
나. 허용 인원 : 현재 해당 사업장 국민고용인원의 30% 이내
- (특례) 인구감소지역, 뿌리산업은 국민고용 인원의 50% 이내
- (다른 자격 외국인 고용인원 포함 여부) E-7-4 이외의 E-7· E-9·E-10·H-2 및 F-2, F-4, F-5, F-6는 외국인 고용인원에서 제외

○ (일정) 연중 상시 접수
○ (방법) 하이코리아 전자민원을 통한 온라인 접수 원칙
- (신청 5부제) 신청인의 출생 연도 끝자리에 따른 신청 요일 지정
신청 가능 요일 월 화 수 목 금
출생 연도 끝자리 1, 6 2, 7 3, 8 4, 9 5, 0

□ 필수 서류 : 모든 신청자 반드시 제출
1. (외국인 본인) 통합신청서(별지34호), 여권사본(인적사항면)
2. (외국인 본인) 점수제 자체 심사표(붙임7 양식)
3. (외국인 본인) 신상 기술서(붙임8 양식)
4. (외국인 본인) 표준근로계약서 : E-7-4 계약서 제출
5. (외국인 본인) 세무서 발행 소득금액증명원(최근 2년간 평균소득 확인용)
6. (외국인 본인) 한국어능력 입증서류

○ 허가 내용 : 체류자격 변경만 허용(신규 비자발급 대상 아님)
- (허가 기간) 1회 부여 체류 기간 2년 이내(고용계약 범위 내)
○ 수수료 : 일반적인 자격변경 수수료 적용(전자민원 감면 포함)
○ 시행 일자 : '24. 11. 27.(수)

중앙부처 추천
ㅇ 아래 ' 고용기업 추천자' 중 부처별 지정된 영역에 한 해 추천 가능
ㅇ 추천 명단을 주 단위로 법무부(체류관리과)로 공문 송부
광역지방자치단체 추천
ㅇ 아래 ' 고용기업 추천자' 중 1년 이상 해당 광역지자체 소재 기업에 근무 중인 외국인을 추천[해당 외국인은 E-7-4 전환 후 2년간 해당 광역지자체에서 계속 체류(주소)해야 함]
고용기업 추천
ㅇ 현재 1년 이상 근무 중인 기업의 대표가 추천

□ 사회통합프로그램 사전평가(KIIP TEST)
ㅇ 평가 홈페이지 : www.kiiptest.org
□ 사회통합프로그램 이수(KIIP)
ㅇ 법무부 사회통합정보망 : www.socinet.go.kr
□ 한국어능력시험(TOPIK)
ㅇ 토픽 홈페이지 : www.topik.go.kr

1. 근로계약기간 - 년 월 일 ~ 년 월 일
※(E-7-4 전환 요건) 계약기간이 최소 2년 이상 되어야 함
7. 임금 1) 월 임금 ( )원, ※(E-7-4 전환 요건) 연봉 2,600만원 이상 되어야 함
2) 연장, 야간, 휴일근로에 대해서는 통상임금의 50%를 가산하여 수당 지급(상시근로자 4인 이하 사업장에는 해당되지 않음)
9. 지급방법 ※ 사용자는 근로자 명의로 된 예금통장 및 도장을 관리해서는 안 됨.

9. 잔여 여권 유효기간이 짧은 경우 어떻게 해야 하나요?
⇒ 잔여 여권 유효기간이 6개월 미만인 경우, 1회에 한하여 붙임10의 확인서 징구 후 여권 유효기간을 6개월로 간주하여 체류기간을 부여합니다. (단, 고용계약기간은 2년이상 되어있어야 함)","특정활동-S로 1년 이상 살면 거주비자로 바꿀 수 있어요?
영주권으로 바꾸려면 어떤 조건이 필요해요?
사회통합프로그램은 몇 단계 이수해야 해요?
비전문취업으로 4년 이상 일했는데 숙련기능인력으로 바꿀 수 있어요?",미검수,
E-8,E-8,사증,사증발급,,"농·어번기의 고질적 일손부족 해결을 위하여 8개월 동안 외국인을 합법적으로 고용할 수 있는 「외국인 계절근로자 프로그램」.
농업분야 계절근로 허용 작물별 재배면적에 따른 외국인 허용인원.
어업분야 계절근로 허용 수산물별 생산규모에 따른 외국인 허용인원.",외국인 계절근로자,"법무부장관이 관계 중앙행정기관의 장과 협의하여 정하는 농작물 재배·수확(재배·수확과 연계된 원시가공 분야 포함) 및 수산물 원시가공 분야에서 취업 활동을 하려는 사람으로서 법무부장관이 인정하는 사람.
[기본 원칙]
- 내국인 사전 구인 절차를 의무화하여 내국인 일자리 잠식 방지
- 외국인 계절근로자의 인권침해 및 불법체류 방지
- 고용허가제와 상충되지 않도록 운영
- 농·어촌 상황을 반영할 수 있도록 지자체에 최대한 자율성 부여",,"(신청 주체) 기초자치단체장
(허용 업종) 계절성으로 8개월 동안 노동력이 집중적으로 필요한 농·어업 (농업분야는 농림축산식품부, 어업분야는 해양수산부에서 심사 후 법무부에서 최종 결정)
(계절근로 외국인 도입 경로)
① 국내 지자체와 MOU를 체결한 외국 지자체가 추천한 외국인
② 지자체 관내 결혼이민자의 해외 거주 가족(4촌)
(외국인 배정) 배정심사협의회(법무부·행안부·농식품부·해수부·고용부)에서 관리능력, 이탈·인권침해 방지 대책 등을 감안하여 지자체별 총인원 배정 → 지자체에서 별도 기준에 따라 농·어가, 농업·어업 조합 법인, 농업회사당 배정 (연간 최대 14명까지: 면적 기준 9명 + 추가 5명 가능)
(비자 신청) 지자체가 사증 신청 절차를 대행함으로써 농·어가 부담 제거",,1회에 부여할 수 있는 체류기간 상한 8개월 (총 체류기간 8개월을 초과할 수 없음). 단기취업 계절근로(C-4-1~4)는 최대 90일.,'25년부터 단기취업 계절근로(C-4-1~4) 비자 발급 중단.,'23년 상반기 배정심사협의회에서 시범운영하기로 결정된 가리비 양식은 고성군(5ha 미만 양식장)에서 어가별 2명 이하 고용으로 한정 (2023. 7. 1.부).,,,,"지자체별 총인원 배정 → 연간 최대 14명까지 (면적 기준 9명 + 추가 5명).
재배면적별 허용인원 5명 이하 → 9명 이하 (5단계). 지자체장 또는 관할 출입국‧외국인관서의 장 판단 하에 영세 농가 등의 허용인원 조정 가능.
생산규모별 5명 이하 ~ 9명 이하. 양식은 어가별 5명 이하. 시범운영 양식 어가별 3명 이하. 피낭류 양식 어가별 2명 이하. 지자체장 또는 관할 출입국 관서장의 판단으로 영세 어가 조정 가능.",기초자치단체장,농림축산식품부(농업)·해양수산부(어업) 심사 후 법무부 최종 결정,"계절근로 세부약호
- E-8-1: MOU 방식 농업 / E-8-2: 결혼이민자 4촌 친척 농업
- E-8-3: MOU 방식 어업 / E-8-4: 결혼이민자 4촌 친척 어업
- E-8-5: G-1으로 농업 계절근로 후 재입국 / E-8-6: G-1으로 어업 계절근로 후 재입국
- E-8-7: 유학생의 부모 농업 / E-8-8: 유학생의 부모 어업
- E-8-99: 언어소통 도우미 등 기타 보조 인력
농업 허용 작물 및 재배면적별 허용인원 5단계
- 시설원예·특작 (천㎡): 2.6 미만→5명, 2.6~3.9→6명, 3.9~5.2→7명, 5.2~6.5→8명, 6.5↑→9명
- 버섯: 5.2 미만→5명, ~7.8→6명, ~10.4→7명, ~13→8명, 13↑→9명
- 과수: 16 미만→5명, ~24→6명, ~32→7명, ~38→8명, 38↑→9명
- 인삼·일반채소: 12 미만→5명, ~18→6명, ~24→7명, ~30→8명, 30↑→9명
- 종묘재배: 0.35 미만→5명 ~ 1.06↑→9명
- 기타원예·특작: 7.8 미만→5명 ~ 19.5↑→9명
- 곡물: 50 미만→5명, 50~300→6명, 300~400→7명, 400~500→8명, 500↑→9명
- 기타 식량작물: 7 미만 ~ 16↑
- 곶감 가공: 70접 미만 ~ 100접 이상
어업 허용 수산물 및 생산규모별 허용인원
- 해조류 마른김: 30만속 미만~70만속 이상 / 기타 5천톤 미만~1.2만톤 이상
- 어패류 멸치 건조: 8만박스 미만~20만박스 이상 / 기타 12톤 미만~40톤 이상
- 전복종자: 250만 마리~450만 마리 (파판 50~90만장)
- 양식 어가별 5명 이하 (시범 운영: 어가별 3명 이하)
- 피낭류 양식 어가별 2명 이하",,260504 사증민원 자격별 안내 매뉴얼.hwp,p. 265,data/parsed/raw/visa_manual.md:4642-4695,"C-4-1, E-8-1, E-8-2, E-8-3, E-8-4, E-8-5, E-8-6, E-8-7, E-8-8, E-8-99, G-1, D-2","계절근로, 8개월, 농업, 어업, MOU 지자체, 결혼이민자 4촌, 계절근로 농업, 재배면적","◦ 농·어번기의 고질적 일손부족 해결을 위하여 8개월 동안 외국인을 합법적으로 고용할 수 있는 ｢외국인 계절근로자 프로그램」시행
* 단기취업 계절근로(C-4-1~4)의 경우는 최대 90일 고용 가능
※'25년부터 단기취업 계절근로(C-4-1~4) 비자 발급 중단
◦ (신청 주체) 기초자치단체장
◦ (허용 업종) 계절성으로 8개월 동안 노동력이 집중적으로 필요한 농·어업

□ 농업분야 허용 작물
재배면적 허용작물 재배면적(단위 : 1000㎡)
① 시설원예·특작 2.6미만 2.6~3.9미만 3.9~5.2미만 5.2∼6.5미만 6.5이상
허용인원 5명 이하* 6명 이하 7명 이하 8명 이하 9명 이하
* 지자체장 또는 관할 출입국‧외국인관서의 장 판단 하에 영세 농가 등의 허용인원 조정 가능

□ 어업분야 허용 수산물
① 해조류 / 육상 가공·생산 / ㉠ 김 건조 ㉡ 기타
양식(해상 채취, 육상 가공) / ㉢ 해조류 ㉣ 해조류종자
② 어패류 / 육상 가공·생산 / ㉠ 멸치 건조
③ 피낭류 / 양식(해상 채취, 육상 가공) / ㉠ 멍게류 ㉡ 멍게류종자
'23년 상반기 배정심사협의회에서 시범운영하기로 결정된 가리비 양식은 고성군(5ha미만 양식장)에서 어가별 2명 이하 고용으로 한정(2023. 7. 1.부)","한국에서 계절근로자로 농사일하려면 어떤 비자 받아요?
몇 개월까지 머물 수 있어요?
결혼이민자의 친척도 농업 근로로 부를 수 있나요?
계절근로 비자는 누가 신청해줘요?",미검수,
E-8,E-8,사증,사증발급인정서,,계절근로(E-8) 사증은 청장·사무소장 또는 출장소장이 발급한 사증발급인정서에 의해서만 발급.,지자체가 고용주에게 배정한 해외 체류 외국인,,"① 표준근로계약서
② 내국인 구인노력 증빙자료 (구인 광고내용 사본 및 최종 구인실적 등)
③ 외국인 계절근로자 관련 서류
  - 외국인 계절근로자 여권 사본
  - MOU 외국인: 본국에서의 농‧어업 종사 이력
  - 결혼이민자의 4촌 이내 친척(배우자 포함): 결혼이민자 신분증, (국내용) 혼인관계증명서, (국내용) 가족관계증명서(혼인귀화자 해당), 기본증명서(혼인귀화자 해당), 결혼이민자의 친척 관계도, 거주국(체류국)에서 발급한 가족관계증명서
  - 유학생의 부모: 유학생 외국인등록증, 재학증명서, 출생증명서 또는 가족관계증명서 등
④ (계절근로자에게 제공 예정인) 숙소시설표
⑤ 업무협약(MOU) 체결 결과서 등","(신청자) 기초자치단체장 시·군·구
(신청시기) 농·어업 작업시기, 사증발급인정서 발급 소요 기간(신청일로부터 약 10일 소요), 외국인 계절근로자 사증 준비 및 자국 출국을 위한 행정 절차 소요 기간 등을 고려하여 결정.
(신청 방법) 비자포털(www.visa.go.kr)을 통하여 신청.
※ 결혼이민자 등의 국내 체류 가족은 사증발급인정서 신청 대상이 아니고 체류자격 외 활동허가 신청 대상.
국내 결혼이민자와의 가족(친척)관계가 입증되어야 하며 영어 이외의 외국어로 되어있을 때는 번역자 확인서 및 번역문을 첨부(공증불요).",,단수사증,,,,,,,기초자치단체장 (시·군·구),지자체 추천,,,260504 사증민원 자격별 안내 매뉴얼.hwp,p. 269,data/parsed/raw/visa_manual.md:4642-4695,"E-8-1, E-8-2, E-8-3, E-8-4, E-8-5, E-8-6, E-8-7, E-8-8, E-8-99","E-8 사증발급인정서, 비자포털, 표준근로계약서, 내국인 구인노력, MOU 외국인, 4촌 친척","□ 계절근로(E-8) 사증은 청장ㆍ사무소장 또는 출장소장이 발급한 사증발급인정서에 의해서만 발급
□ 사증발급인정서 신청
◦ 신청자
- (시·군·구) 기초자치단체장
◦ 신청 방법 : 비자포털(www.visa.go.kr)을 통하여 신청
◦ 제출서류(비자포털에 첨부)
① 표준근로계약서
② 내국인 구인노력 증빙자료(구인 광고내용 사본 및 최종 구인실적 등)","계절근로 사증발급인정서는 누가 신청해요?
구청에서 받아주려면 어떤 서류 내야 해요?
결혼이민자 친척이면 어떤 서류가 추가로 필요해요?",미검수,
E-9 (E-9-2),E-9,사증,사증발급,E-9-2,"「외국인근로자의 고용 등에 관한 법률」에 의거 사업주에게 외국인근로자의 고용을 허가하고, 외국인 근로자에게는 당해 사업주에게 고용되는 조건으로 최장 4년 10개월간 취업을 허용하는 인력제도(고용허가제). '04. 8월 제도 시행 이후 16개국과 MOU 체결 운영.
E-9 허용업종 6개 분야와 세부 체류자격 코드.
일정한 요건을 갖춘 성실외국인 근로자가 취업활동 기간 만료 출국 전 사용자가 재입국 후의 고용허가를 신청하면, 그 외국인근로자에 대하여 출국한 날로부터 1개월이 지나면 다시 취업할 수 있는 특례.
건설업(E-9-2)에서 비숙련 외국인력이 작업반장이나 숙련공의 지시에 따라 수행할 수 있는 보조적 작업 범위. 40개 직종에 대한 기초적 지식 보유자.
대한민국의 비전문취업(E-9), 선원취업(E-10), 방문취업(H-2) 자격의 사증 또는 사증발급인정서의 발급을 신청한 외국인
대한민국 입국 후 90일 이상 체류하고자 하는 E-9/E-10/H-2 자격자","상시근로자(고용보험 기준) 300인 미만 또는 자본금 80억원 이하 중소기업에 외국인 고용허가.
고용허가제 선정국가(17개국): 태국, 필리핀, 스리랑카, 베트남, 인도네시아, 몽골, 파키스탄, 우즈베키스탄, 캄보디아, 중국, 방글라데시, 네팔, 미얀마, 키르기스스탄, 동티모르, 라오스, 타지키스탄
E-9 허용업종 6개 분야와 세부 체류자격 코드.
건설업 비숙련 외국인력 (도장, 건축배관, 방수, 조적, 타일, 형틀목공, 강구조, 건축기계설비, 건축목공, 견출, 미장, 비계, 석공, 일반용접, 조경, 철거, 철근, 콘크리트, 토공, 특수용접, 도배, 수장, 지붕, 패널조립, 코킹, 창호, 유리, 보일러, 보온, 포장, 준설, 보링, 발파, 궤도, 벌목, 일반기계설비, 잠수, 제관, 덕트, 상하수도배관 등 40개 직종)","외국인근로자의 고용 등에 관한 법률의 규정에 의한 국내 취업요건을 갖춘 자. 다만, 일정 자격이나 경력 등이 필요한 전문직종에 종사하고자 하는 자는 제외.
① 외국인근로자의 고용 등에 관한 법률 제18조의4 규정에 해당하는 자
- 취업활동기간(5년 미만 또는 직권 연장 시 6년 미만) 중에 사업장을 변경하지 아니한 경우 또는 최초 근무한 업종과 동일 업종 내에서 사업장 변경하여 4년 10개월 근속한 경우 (사용자와 취업활동기간 종료일까지의 근로계약 기간이 1년 이상)
- 휴업·폐업 등 외국인근로자의 책임이 아닌 사유로 사업장 변경한 경우로서 사용자와 취업활동기간 종료일까지의 근로계약 기간이 1년 이상일 것 또는 1년 미만이나 고용노동부(고용센터)가 재입국 특례 적용을 인정한 경우
② 재입국하여 근로를 시작하는 날부터 효력이 발생하는 1년 이상의 근로계약을 체결하고 있을 것
③ 사업장별 외국인 고용한도 등 고용허가서 발급요건을 갖추고 있을 것 (다만, 내국인 구인노력은 요하지 않음)
허용업종: 농축산업, 어업, 서비스업, 300인 미만의 제조업(뿌리산업 포함).
뿌리산업: 주조, 금형, 소성가공, 용접, 표면처리, 열처리 등 공정기술 활용 사업.
허용인원: 업종별·사업장별 고용허용 기준에 의함. 사업장별 총 고용허용인원 초과 불가.
[우대 내용]
사업주
- 내국인 구인노력 면제 (고용허가서 발급 시)
- 한 사업장에서 장기 근속하여 숙련도가 향상된 외국인근로자를 단기 출국시킨 후 재고용 가능
외국인근로자
- 한국어능력시험 및 입국 전·후 취업교육 면제 (입국연령 제한 없음)
- 출국 1개월 경과 후 재입국하여 종전 사업장에서 근무 (일반 재입국 외국인근로자는 6개월 제한)
각 직종별 자재의 취급 방법, 공구 사용처, 현장 공사용어, 안전수칙 등 해당 시공에 대한 기초적 지식을 습득한 자. 공사 과정에서 작업반장이나 숙련공의 지시에 따라 자재운반, 간단한 조립·결속·정리 등 기능공들의 보조적 작업 수행.
본인이 직접 확인하여야 함
기재할 사항을 누락하거나 허위사실을 기재한 경우 사증발급 불허, 체류허가 취소 또는 강제퇴거 등 불이익 가능
대한민국 정부가 지정하는 병원에서 발급
건강진단의료기관지정 번호 필요","E-9/E-10/H-2 자격 사증신청자 확인서 (체크리스트):
- 성명, 생년월일, 국적, 성별, 여권번호
- 공중보건에 위협이 되는 전염성 질환(매독, B형간염, 결핵) 감염 여부
- 최근 5년 이내 통제된 물질(마약류) 복용 또는 알코올 등 중독 여부
- 과거 정신적, 감정적 또는 신경적 혼란으로 의사 치료 여부
- 최근 5년 이내 심각한 질병, 상해 등 경험 여부
건강진단서 항목:
- 성명, 생년월일, 한국 내 주소, 전화번호
- 사진 (3cm × 4cm)
- 신장, 체중, 혈압
- (교정)시력, 색신(색각), (교정)청력
- 결핵, 매독, 정신질환, 간염(HBs Ag)
- 마약검사: 필로폰, 코카인, 아편, 대마, 기타
- 검사결과 (양호 / 불량) 및 불량 소견 시 사유
- 피검진자 체류에 대한 의견
- 정밀검사 필요 여부
- 의료기관의 장 인장","해당 외국인근로자의 출국사실을 확인한 후 접수·심사.
대행기관에 의한 사증발급인정서 신청 가능.
성실근로자 재입국 취업 대상자가 출국 시 외국인등록증을 반납하여야 하므로 완전출국자임을 확인한 후 심사하여 사증발급인정서 발급.
외국인등록 신청 시 제출
외국인등록 시 대한민국 정부가 정하는 기초 법질서 교육 이수 필요",,1회 부여 체류기간의 상한 3년. 최장 4년 10개월간 취업 허용.,"- 비전문취업자 중 연근해어업(E-9-4)은 선원법 적용을 받지 않는 20톤 미만 어선 종사자에 한함.
- 신규 추가된 '한식 음식점업', '호텔·숙박업', '임업', '광업'은 '24년도 고용허가서 발급 시점 이후부터 사증발급인정서 발급 신청 가능.
역할은 기능공(숙련공)의 '보조적 작업'에 한정. 자재운반·간단한 조립·결속·정리·바탕작업 등.","제조업 E-9-1: 상기 기준에 충족하지 않더라도 아래 증빙서류 제출 시 인정
- 중소기업(지방중소기업청 발급 '중소기업확인서')
- 비수도권 소재 뿌리산업 중견기업 (한국생산기술연구원 '뿌리기업 확인서' + 한국중견기업연합회 '중견기업 확인서')
- 비수도권 제조업 U턴기업 (산업통상부 '지원대상 국내복귀기업 선정확인서')",,,,,"상시근로자 300인 미만 또는 자본금 80억원 이하 중소기업
한국 내 중소기업·건설·농어업·임광업·서비스업","고용허가서 (고용노동부)
고용허가서 + 표준근로계약서
재입국 고용허가","E-9 허용업종 6개 + 세부약호
- E-9-1 제조업: 상시근로자 300인 미만 또는 자본금 80억원 이하 제조업 / 뿌리산업
- E-9-2 건설업: 모든 건설공사 (발전소·제철소·석유화학 건설현장의 산업환경설비 면허 제외)
- E-9-3 농축산업: 작물재배업, 축산업, 농‧축산서비스업
- E-9-4 어업: 연안·근해어업(20톤 미만 어선), 양식어업, 소금채취업
- E-9-9 임업: 임업 종묘 생산업, 육림업, 벌목업, 임업 관련 서비스업 (산림사업시행업자 법인, 종묘생산업자 법인에 한함, '임업 단순 종사원' 고용)
- E-9-10 광업: 금속/비금속광물 광업 (연간 생산량 15만톤 이상, '광업 단순 종사원' 고용)
- E-9-5 서비스업: 건설폐기물 처리업, 냉장‧냉동 창고업, 호텔업·휴양콘도 운영업·호스텔업 (서울·부산·강원·전북·경북·제주 소재), 한식 음식점업, 재생용 재료수집판매업, 출판업, 폐기물·식품·택배·항공/육상화물 단순종사
건설업 E-9 비숙련 외국인력 업무수행 가능 40개 직종
- 도장, 건축배관, 방수, 조적, 타일, 형틀목공, 강구조, 건축기계설비, 건축목공, 견출, 미장, 비계, 석공, 일반용접, 조경, 철거, 철근, 콘크리트, 토공, 특수용접, 도배, 수장, 지붕, 패널조립, 코킹, 창호, 유리, 보일러, 보온, 포장, 준설, 보링, 발파, 궤도, 벌목, 일반기계설비, 잠수, 제관, 덕트, 상하수도배관
건강상태 확인서 (E-9, E-10, H-2 사증신청자 공통)
건강진단서 양식 항목",,260504 사증민원 자격별 안내 매뉴얼.hwp,p. 270,"data/parsed/raw/visa_manual.md:4642-4695
data/parsed/raw/visa_manual.md:6797-7048","E-9-1, E-9-3, E-9-4, E-9-5, E-9-9, E-9-10, E-10, H-2","비전문취업, 고용허가제, 4년 10개월, 17개국 MOU, 중소기업, E-9 허용업종, E-9-1 제조업, E-9-2 건설업","고용허가제란? ｢외국인근로자의 고용 등에 관한 법률｣에 의거, 사업주에게 외국인근로자의 고용을 허가하고, 외국인 근로자에게는 당해 사업주에게 고용되는 조건으로 최장 4년 10개월간 취업을 허용하는 인력제도로, '04. 8월 제도 시행이후 현재까지 16개국과 MOU를 체결하여 운영
- 상시근로자(고용보험 기준) 300인 미만 또는 자본금 80억원 이하 중소기업에 외국인 고용허가
고용허가제 선정국가(17개국)
태국, 필리핀, 스리랑카, 베트남, 인도네시아, 몽골, 파키스탄, 우즈베키스탄, 캄보디아, 중국, 방글라데시, 네팔, 미얀마, 키르기스스탄, 동티모르, 라오스, 타지키스탄

제조업 E-9-1
- 상시근로자 300인 미만 또는 자본금 80억원 이하 제조업
건설업 E-9-2 - 모든 건설공사
농축산업 E-9-3 - 작물재배업 / 축산업 / 작물재배 및 축산관련 서비스업
어업 E-9-4 - 연안어업ㆍ근해어업 / 양식어업 / 소금채취업
임업 E-9-9
광업 E-9-10
서비스업 E-9-5
※ 비전문취업자 중 연근해어업(E-9-4)은 선원법 적용을 받지 않는 20톤 미만 어선 종사자에 한함

< 재입국 취업 제한의 특례 제도 >
일정한 요건을 갖춘 성실외국인 근로자가 취업활동 기간이 만료되어 출국하기 전에 사용자가 재입국 후의 고용허가를 신청하면 그 외국인근로자에 대하여 출국한 날로부터 1개월이 지나면 다시 취업할 수 있는 특례
- (한국어능력시험 및 취업교육 면제) 외국인근로자는 귀국 후 한국어 능력시험 및 입국 전·후 취업교육 면제
- (출국 1개월 경과 후 재입국) 다른 재입국 외국인근로자(재입국 제한기간 6개월)와는 달리 출국 1개월 경과 후 재입국하여 종전 사업장에서 근무

붙임 건설업 비숙련 외국인력(E-9) 업무수행가능 범위
1 도장 도장 공사와 관련된 자재의 취급 방법과 공구 사용처를 이해하고, 현장에서 사용하는 공사 용어 및 안전수칙 등 '도장 시공에 대한 기초적 지식을 습득한 자로서, 공사 과정에서 작업반장이나 숙련공의 지시에 따라 간단한 간단한 바탕손질, 자재를 운반하는 등 기능공들의 보조적 작업을 수행한다.
2 건축배관 건축 배관공사와 관련된 자재의 취급 방법과 공구 사용처를 이해하고, 현장의 공사 용어와 안전수칙 등 상하수도 배관의 기초 지식을 습득한 자로서...

이 확인서는 대한민국의 비전문취업(E-9), 선원취업(E-10), 방문취업(H-2) 자격의 사증 또는 사증발급인정서의 발급을 신청한 외국인이 본인의 건강 및 심리상태를 직접 확인하여야 하는 체크리스트입니다.
6) 귀하는 공중보건에 위협이 되는 전염성 질환에 감염되었습니까?
예 □ (질환명: 매독, B형간염, 결핵), 아니오 □

귀하는 대한민국에 입국한 후 90일 이상 체류하고자 할 경우 입국 후 90일 이내에 외국인등록을 하여야 하며, 외국인등록을 신청할 때에는 반드시 대한민국 정부가 지정하는 병원에서 발급한 건강진단서를 제출해야 합니다.","고용허가제로 한국에서 일하려면 어떤 비자 받아요?
몇 년까지 일할 수 있어요?
어떤 나라 사람들이 신청할 수 있어요?
어떤 회사에서 비전문취업자를 뽑을 수 있어요?",미검수,
E-9,E-9,사증,사증발급인정서,,E-9 사증발급인정서 신청 시 공통 및 업종별 추가 서류.,비전문취업자를 초청하고자 하는 사업장의 장,,"- 사증발급인정신청서 (별지 제21호 서식)
- 여권, 표준규격사진 1매
- 사업자등록증 사본
- 고용허가서 및 표준근로계약서 사본
- 사업장실태조사서
[업종별 추가서류]
- 제조업: 추가서류 없음
- 건설업: 건설업등록증, 도급(하도급) 계약서, 건설현장에 대한 근무 중 외국인력 현황표(원도급업체 작성)
- 농축산업: 농업경영체등록(변경등록)확인서(국립농산물품질관리원장 발급, 유효기간 1년)
- 어업:
  · 연근해어업: 선박(어선)검사증서, 어업허가증(연안어업·근해어업·구획어업) 또는 어업면허증 및 관리선사용지정증(정치망어업)
  · 양식어업: 선박(어선)검사증서, 어업허가증 또는 어업면허증 또는 내수면어업신고필증
  · 천일염 생산 및 암염 채취업: 염제조업허가증사본 (염전임차인은 시장·군수 발급 염제조업 확인서 + 임대차계약서 + 임대인의 염제조허가증)
- 서비스업:
  · 한식 음식점업: 사업자등록증 또는 영업신고증, 위탁/가맹계약서 (해당자), 필요시 부가가치세 과세표준증명원
  · 호텔·숙박업: 관광사업 등록증, 호텔 위탁계약서(해당)
- 임업: 사업자등록증 + 산림사업법인 등록증 / 국유림영림단 등록증 / 위탁계약서 / 목재생산업 등록증
- 광업: 광업원부(광업등록사무소 발급) + 광물생산보고서
범죄경력증명서 (사증발급 신청일로부터 3개월 이내 발급, 자국 내 모든 범죄경력 포함) + 건강상태 확인서 (결핵·B형간염·매독·마약·정신질환 자필 기재).","비전문취업자를 초청하고자 하는 사업장의 장이 사업장 주소지 관할 출입국·외국인청에 직접 방문 또는 대한민국비자포털(www.visa.go.kr)에 접속하여 사증발급인정서 발급신청.
※ 건설업의 경우 공사현장 소재지 관할 청·사무소·출장소에 접수.
초청업무 대행 위임 시 대행기관 또는 그 지사 등에서 신청 가능.
[업종별 대행기관] 제조업 중소기업중앙회 / 건설업 대한건설협회 / 어업·냉장냉동창고업 수협중앙회 / 농축산업 농협중앙회.",,,,,,,,,사업장의 장 (제조업·건설업·농축산업·어업·서비스업·임업·광업),고용허가서,,,260504 사증민원 자격별 안내 매뉴얼.hwp,p. 274,data/parsed/raw/visa_manual.md:4642-4695,,"E-9 사증발급인정서, 사업장실태조사서, 고용허가서, 범죄경력증명서, 건강상태확인서, 비자포털","첨부서류
공통서류
- 사증발급인정신청서 (별지 제21호 서식), 여권, 표준규격사진 1매
- 사업자등록증 사본
- 고용허가서 및 표준근로계약서 사본
- 사업장실태조사서
가. 확인 서류 국적국의 권한 있는 기관이 발급한 범죄경력증명서 제출
2) 사증발급 신청일로부터 3개월 이내에 발급된 증명서 일 것","비전문취업 비자 신청할 때 어떤 서류 내야 해요?
범죄경력증명서는 언제 발급된 거 내야 해요?
건강상태 확인서는 어디서 받아요?
회사가 대신 비자 신청해줄 수 있어요?",미검수,
E-10,E-10,사증,사증발급,,선원법 적용 선박에 6개월 이상 선원근로계약을 체결한 부원(部員)에 해당하는 외국인 선원.,부원(部員) = 船長·航海士·機關長·機關士·通信長·通信士·運航長·運航士 등 직원과 어로장·사무장·의사 등을 제외한 海員 (선원법 제2조),"내항선원(E-10-1): 해운법 제3조제1호(내항정기여객운송사업)·제2호(내항부정기여객운송사업) 및 제23조제1호(내항화물운송)의 사업을 영위하는 자와 그 사업체에서 6개월 이상 선원근로계약을 체결한 선원법 제2조제6호의 부원. 선원법이 적용되는 어선을 제외한 총톤수 5톤 이상의 내항상선에 승선하는 부원에 한함.
어선원(E-10-2): 수산업법 제7조제1항제1호(정치망어업), 제40조제1항(동력어선을 이용한 근해어업), 제51조제1항(어획물운반업)의 사업을 영위하는 자와 20톤 이상의 어선에서 6개월 이상 선원근로계약을 체결한 부원.
순항여객선원(E-10-3): 크루즈산업의 육성 및 지원에 관한 법률 제2조제7호에 따른 국적 크루즈 사업자의 사업체에서 6개월 이상 노무 제공할 것을 조건으로 선원근로계약 체결한 자로서 총톤수 2천톤 이상의 크루즈선에 승선하는 부원.",,,,1회 부여 체류기간의 상한 3년,"선원취업(E-10) 자격은 고용허가제 적용 대상에서 제외되며, 20톤 미만 어선에서 연근해어업에 종사하는 경우는 비전문취업(E-9-4) 자격에 해당.
외국인선원의 총원 및 척당 승선인원, 취업분야 등은 한국해운조합·수협중앙회 등 사용자단체와 선원노동조합연합단체가 노사 합의로 결정한 후 해양수산부에 통보 (선원법 제115조, 외국인선원관리지침).",,,,,,"내항선원(E-10-1) 및 순항여객선원(E-10-3)의 외국인 운영기관은 한국해운조합이며, 어선원(E-10-2)의 경우 수협중앙회가 담당.",,,,260504 사증민원 자격별 안내 매뉴얼.hwp,p. 280~281,data/parsed/raw/visa_manual.md:4696-4722,E-9-4,"선원취업, 내항선원, 어선원, 순항여객선원, 부원, 한국해운조합, 수협중앙회","내항선원(E-10-1)
- 해운법 제3조제1호(내항정기여객운송사업)․제2호(내항부정기여객운송 사업) 및 제23조제1호 (내항화물운송)의 사업을 영위하는 자와 그 사업체에서 6개월 이상 선원근로계약을 체결한 선원법 제2조제6호의 부원(部員)*에 해당하는 자
- 선원법이 적용되는 선박** 중 어선을 제외한 총톤수 5톤 이상의 내항상선에 승선하는 부원에 한함
어선원(E-10-2)
- 수산업법 제7조제1항제1호(정치망어업), 제40조제1항(동력어선을 이용한 근해어업), 제51조제1항(어획물운반업)의 규정에 의한 사업을 영위하는 자와 그 사업체(20톤 이상의 어선)에서 6개월 이상 선원근로계약을 체결한 자","한국 배에서 선원으로 일하려면 어떤 비자 받아요?
내항선원과 어선원은 뭐가 달라요?
20톤 미만 어선이면 비자가 달라지나요?
몇 년까지 한국에서 머물 수 있어요?",미검수,[자동 플래그] E-10 sub-program 3종 합본 — 분리 검토 필요
E-10,E-10,사증,사증발급인정서,,E-10 사증발급인정서 신청 시 공통 및 업종별 추가 서류.,초청업체의 장 (고용주),,"① 사증발급인정신청서 (별지 제21호 서식), 여권, 사업자 등록증, 표준규격사진 1매
② 표준근로계약서 사본
③ 신원보증서
④ 외국인선원고용신고수리서 (지방해양항만청장 발급)
범죄경력증명서 (사증발급 신청일로부터 3개월 이내) + 건강상태확인서 (자필 기재).
[업종별 추가서류]
내항선원 (E-10-1):
⑤ 해운법에 따른 내항여객운송사업면허증·내항화물운송사업등록증 사본 (최초 신청 또는 등록사항 변경 시)
⑥ 외국인선원고용추천서 (지방해양수산청장 발급)
⑦ '승선정원증서' 또는 '500톤 미만 선박검사증서' 등
⑧ 노사합의 선사별 T/O 운영승인서 (선사별 총 정원제 적용 업체)
어선원 (E-10-2):
⑤ 수산업법에 따른 정치망어업면허증 및 관리선사용지정(어선사용승인)증·근해어업허가증 사본 (최초 신청 또는 변경 시)
⑥ 선박검사증서
⑦ 외국인선원고용추천서 (지방해양수산청장 발급)
⑧ 어획물운반업등록증 (어획물운반업만 해당)
순항여객선원 (E-10-3):
⑤ 외국인선원고용추천서 (지방해양수산청장 발급)
⑥ 순항여객운송사업면허증 사본 (최초 신청 또는 변경 시)","면허증 또는 등록증 상의 회사소재지 또는 동 회사의 '주된 영업소'가 있는 지역 관할 출입국·외국인청에 사증발급인정서 신청. 대행기관: 내항상선·순항여객선 → 한국해운조합, 어선 → 수협중앙회.",,,,,,,,,,외국인선원고용추천서 (지방해양수산청장 발급),,,260504 사증민원 자격별 안내 매뉴얼.hwp,p. 282~283,data/parsed/raw/visa_manual.md:4696-4722,,"E-10 사증발급인정서, 외국인선원고용추천서, 한국해운조합, 수협중앙회, 외국인선원고용신고수리서","첨부서류
공통서류
① 사증발급인정신청서 (별지 제21호 서식), 여권, 사업자 등록증, 표준규격사진 1매
② 표준근로계약서 사본
③ 신원보증서
④ 외국인선원고용신고수리서(지방해양항만청장 발급)","선원 비자 신청할 때 어떤 서류 내야 해요?
어업이랑 내항선원이 내는 서류가 달라요?
선원 비자도 회사가 대신 신청해줄 수 있어요?",미검수,
F-1 (F-1-13),F-1,사증,사증발급,F-1-13,"친척방문, 가족동거, 피부양, 가사정리, 기타 이와 유사한 목적의 체류.
초·중·고등학교, 외국인학교·대안학교·외국교육기관 등에서 입학허가를 받고 입학 예정이거나 재학 중인 자비 부담 외국인 유학생의 2촌 이내 친인척이 동반체류하기 위한 자격.
투자가 및 전문인력이 신청시점 기준 최소 1년 이상 국외에서 고용한 가사보조인.
자녀양육 지원 등 목적으로 입국하는 결혼이민자의 부모 등 가족에 대한 방문동거(F-1-5) 단수사증 (90일 이하).
해외 사업체 소유자 또는 해외 기업에 소속된 외국인으로서 원격근무가 가능한 자가 한국에서 워케이션할 수 있도록 발급되는 비자.
외국국적동포의 가족 (부모)
최우수인재가 부모 또는 가사보조인 초청","친척방문, 가족동거, 피부양, 가사정리, 기타 이와 유사한 목적의 체류.
유학생의 2촌 이내 친인척 (보통 부모)
고액투자자(F-1-22) / 첨단투자자(F-1-23) / 전문인력(F-1-24)의 외국인 가사보조인
원격근무 가능 외국인 + 동반가족
부모
최우수인재 본인의 부모(장인·장모 포함) 또는 가사보조인 1인","- 주한 외국공관원의 가사보조인
- 외교(A-1) 내지 협정(A-3) 자격에 해당하는 자의 동거인으로서 그 세대에 속하지 아니한 자
- 고등학교 이하의 교육기관에 입학 예정이거나 재학 중인 미성년외국인 유학생과 동반 체류하려는 부모
- SOFA 해당자의 21세 이상의 동반자녀 또는 기타 가족
- 그밖에 부득이한 사유로 직업 활동에 종사하지 아니하고 대한민국에 장기간 체류하여야 할 사정이 있다고 인정되는 자 (체류자격 변경허가 대상)
해당 교육기관에서 입학허가를 받고 입학 예정이거나 재학 중인 자비 부담 외국인유학생의 2촌 이내의 친인척으로서 재정요건 등 아래 요건을 갖춘 자로서 외국인유학생 1명당 1명 허용 (정부기관 및 지방자치단체의 초청 장학생은 원칙적으로 동반 부모 사증 발급 불가).
국내 체류 비용 부담능력: 1년 간 생활비 = 외국인 유학생의 연간 생활비 기준액의 2배 상당 금액(1인 기준).
일정 수준 이상의 재정능력 보유 (21개 국가 국민): 연간 소득이 전년도 GNI 이상이거나, 자산이 「국민기초생활보장법」에 따른 중위 수준 이상 (부부 합산 가능).
최소 1년 이상 국외에서 가사보조인을 고용한 사실 입증.
[초청 자격]
- 한국인 배우자 또는 국적·영주(F-5) 자격을 취득한 결혼이민자
- 한부모 가족 결혼이민자
- (인도적 사유) 결혼이민자, 한국인 배우자, 자녀 중 '중증질환자' 또는 '중증장애인'이 있는 경우
[피초청 대상]
- 결혼이민자의 부 또는 모
- (결혼이민자의 부모 모두 국내에 입국할 수 없고, 피초청인 본인에게 미성년 자녀가 없는 경우) 형제자매, 전혼관계 출생 자녀
GNI 2배 이상 소득 + 1년 이상 동일업종 근무 + 만 18세 이상 + 1억원 이상 의료보험.
재외동포(F-4) 자격을 취득한 자의 가족 (부모)
부모: 우수인재 기준 부모 포함 장인·장모도 포함
가사보조인: 1인 허용 (해외에서 1년 이상 고용사실 입증)","① 사증발급신청서 (별지 제17호 서식), 여권, 표준규격사진 1매, 수수료
② 입학허가서 또는 재학증명서
③ 가족관계 입증서류 (원본 및 번역본 첨부, 호구부, 출생증명서 등)
④ 국내 체류비용 부담능력 입증서류 (3개월 이상 계속 예치된 기준 이상 금액의 잔고증명서 등)
⑤ 재정능력 입증서류 (불법체류 다발국가 국민에 한함) - 원천징수영수증, 부동산소유증명, 부동산거래계약서, 예금잔고증명 등
① 사증발급신청서 (별지 제17호 서식), 여권, 표준규격사진 1매, 수수료
② 외국인투자신고서(법인등기사항전부증명서 또는 사업자등록증사본) 또는 투자기업등록증사본
   (단, 영 별표 1의 17. 기업투자(D-8) 나목 해당자는 벤처기업확인서/예비벤처기업확인서 + 산업재산권 등 보유 입증서류로 갈음)
③ 고용주의 재직증명서 (신분증명서)
④ 고용주의 소득 요건 입증 자료 (근로소득원천징수영수증, 소득금액 증명원, 급여명세서, 통장사본 등)
⑤ 고용중인 내국인 상시근로자 입증 서류 (투자금액 미화 50만불 미만자)
⑥ 가사보조인 고용계약서
⑦ 신원보증서
⑧ 가사보조인의 졸업증명서 등 학력 입증서류
⑨ 1년 이상 고용주의 가사보조인으로 근무한 사실 입증서류 (고용계약서, 급여명세서, 통장사본 등)
[자녀 양육지원]
① (신청인) 사증발급신청서, 여권, 표준규격사진 1매, 수수료
② (초청인) 신분증 사본, 초청장, 신원보증서(보증기간: 입국한 날로부터 3년), 불법체류·취업 방지 서약서
③ (국내 가족관계 입증서류) 초청인의 기본증명서, 가족관계증명서, 혼인관계증명서, 주민등록표(등본), 자녀명의 가족관계증명서 (임신한 경우 임신진단서 또는 산모수첩)
④ (본국 가족관계 입증서류) 결혼이민자의 직계가족 및 형제자매 모두를 확인할 수 있는 가족관계 증명서류 (해당 국가 정부 발급 공적 서류)
⑤ (자녀가 취학연령인 경우) 재학증명서
[인도적 사정] 위 ①~④ + 중증질환·장애 증명서류 ('중증질환(중증난치질환)' 또는 '산정특례' 사실 기재된 진료비 영수증 / 장애인증명서의 '종합 장애 정도'에 '중증장애' 또는 '장애 정도가 심한 장애')
① 사증발급신청서 (별지 제17호 서식), 여권, 표준규격사진 1매, 수수료
② 재직증명서 (동일 업종에 1년 이상 종사 입증 필요)
③ 급여명세서, 잔고증명 등 소득 증빙 서류
④ 범죄경력증명서, 의료보험 가입 증명서
⑤ 가족관계 입증서류 (가족 동반시)
⑥ 기타 재외공관장이 필요하다고 인정하는 서류
- 사증발급신청서, 여권, 표준규격사진 1매, 수수료
- 재외동포(F-4) 자격을 취득한 사람의 국내거소신고증 또는 사증발급사항 사본(여권포함)
- 가족관계 입증서류
- 공통서류(신청서, 표준규격 사진, 여권 사본, 체류지 입증서류, 수수료 등)
- 주 자격자의 여권 사본 또는 외국인등록증
- 본국 정부 발급 가족관계 입증서류(결혼증명서, 출생증명서 등) — 부모의 경우
- 가사보조인 고용계약서(해외에서 1년이상 고용사실을 입증) — 가사보조인의 경우
- 주 자격자 소득요건 입증서류(고용계약서 또는 소득금액증명원)","재외공관장이 직접 발급. 신청인의 거주국 또는 외국인유학생의 최종학교 소재지 관할 공관에서 신청 원칙. 체류기간 1년 이내, 단수.
자국 소재 한국공관 (영주권 취득 또는 취업 등으로 제3국에서 장기 거주 중인 경우 거주국 소재 한국공관 신청 가능).
공관장 재량으로 체류자격 방문동거(F-1), 체류기간 1년 이하의 단수사증 발급. 단 '우수 전문인력' 중 법무부장관의 승인 사항은 승인을 받은 후 사증 발급.
초청 시기: 신청일 기준, 결혼이민자(또는 그 배우자)가 임신하였거나, 자녀가 만 9세가 되는 해의 9월말까지 초청 가능.
(특례) 한부모 가족·다자녀 가족은 자녀가 만 12세가 되는 해의 9월말까지 초청 가능.",,"1회 부여 체류기간의 상한 2년
체류기간 1년 이내, 단수사증
체류기간 1년 이하의 단수사증
90일 이하 단수사증","최근 5년 이내 출입국관리법 등 위반으로 200만원 이상의 벌금형 또는 통고처분을 받거나, 강제퇴거 또는 출국명령 처분을 받은 사실이 있는 자는 사증(사증발급인정서) 발급 제한.
21개 불법체류 다발국가: 중국, 필리핀, 인도네시아, 방글라데시, 베트남, 몽골, 태국, 파키스탄, 스리랑카, 인도, 미얀마, 네팔, 이란, 우즈베키스탄, 카자흐스탄, 키르기즈스탄, 우크라이나, 나이지리아, 가나, 이집트, 페루.
[법위반 사실 유무 및 제한기간 경과]
- 초청인이 「출입국관리법」제7조의2, 제12조의3, 제18조제3항부터 제5항, 제21조 제2항 또는 제33조의3제1호 위반 시 일정 기간 F-1-5 비자 발급 제한
- 과거 초청인의 초청을 받고 입국한 외국인이 불법체류·불법취업·형사범으로 출국명령 또는 강제퇴거명령을 받은 경우 제한
- 피초청인이 국내법 위반 또는 출국명령·강제퇴거명령을 받은 경우 일정 기간 발급 제한
기존에 영주(F-5-7) 신청자의 배우자와 미성년 자녀에게 부여하던 방문동거(F-1-72)는 폐지
영주(F-5-7) 신청자가 가족 동거를 희망하는 경우에는 영주(F-5-7) 신청자가 재외동포(F-4) 자격 변경 후 가족에게 동반(F-3) 자격 부여
최우수인재 구직(D-10) 자격자는 부모·가사보조인 초청 불가",,,,,"유학생 1명당 1명
초청 횟수: 자녀 1명당 최대 2회 (부와 모를 동시·순차 초청 시 각각 적용).
초청 인원: 1명, 다만 부모에 한해 동시·순차 초청 가능. 입국한 부 또는 모가 국내에 체류 중일 때는 다른 본국 가족 추가 초청 불가.
가사보조인 1인 허용","미성년 외국인 유학생 (자비 부담)
고액투자자, 첨단투자자(벤처), 전문인력
한국인 배우자 또는 국적·영주 취득 결혼이민자
해외 기업 또는 본인 사업체
최우수인재 본인",,,,260504 사증민원 자격별 안내 매뉴얼.hwp,p. 284,"data/parsed/raw/visa_manual.md:4696-4722
data/parsed/raw/visa_manual.md:6182-6796
data/parsed/raw/visa_manual.md:7498-8282","A-1, A-3, F-1-21, F-1-22, F-1-23, F-1-24, F-1-5, F-1-D, F-1-51, D-8, F-5, F-4, F-5-7, F-3, D-10","방문동거, 친척방문, 가족동거, 가사보조인, 유학생 동반 부모, 자비 부담, 2촌 이내 친인척, 21개 불법체류 다발국","◦ 친척방문, 가족동거, 피부양, 가사정리, 기타 이와 유사한 목적의 체류
- 주한 외국공관원의 가사보조인
- 외교(A-1) 내지 협정(A-3) 자격에 해당하는 자의 동거인으로서 그 세대에 속하지 아니한 자
- 고등학교 이하의 교육기관에 입학 예정이거나 재학 중인 미성년외국인 유학생과 동반 체류하려는 부모
- SOFA해당자의 21세 이상의 동반자녀 또는 기타 가족

1. 외국인 유학생(고등학교 이하) 동반 부모(F-1-13)
가. 해당자
해당 교육기관에서 입학허가를 받고 입학 예정이거나 재학 중인 자비 부담 외국인유학생의 2촌 이내의 친인척으로서 재정요건 등 아래 요건을 갖춘 자로서 외국인유학생 1명당 1명 허용
- 국내 체류 비용 부담능력이 있을 것
* 1년 간 생활비 : 외국인 유학생의 연간 생활비 기준액의 2배 상당 금액(1인 기준)

3. 투자가 및 전문인력의 외국인 가사보조인(F-1-22, F-1-23, F-1-24)
신청대상
- 투자가 및 전문인력이 신청시점 기준 최소 1년 이상 국외에서 고용한 가사보조인
사증발급 (고액투자자 : F-1-22, 첨단투자자 : F-1-23, 전문인력 : F-1-24)
- 공관장 재량으로 체류자격 방문동거(F-1), 체류기간 1년 이하의 단수사증 발급

7. 자녀양육 지원 등 목적으로 입국하는 결혼이민자의 부모 등 가족에 대한 방문동거(F-1-5, 90일 이하) 단수 사증
가. 자녀양육 지원
1) 초청 자격
◦ 한국인 배우자 또는 국적･영주(F-5) 자격을 취득한 결혼이민자
◦ 한부모 가족 결혼이민자
3) 초청 시기
◦ 신청일 기준, △ 결혼이민자(또는 그 배우자)가 임신하였거나, △ 자녀가 만 9세가 되는 해의 9월말까지 초청 가능

8. 디지털노마드(워케이션) 비자(F-1-D)
1) 발급 대상
◦ (대상) 해외 사업체 소유자 또는 해외 기업에 소속된 외국인으로서 원격근무가 가능한 자 중 1년 이상 동일 업종에 근무한 자 및 그 가족
◦ (연령) 만 18세 이상 (동반가족 자녀는 예외)
◦ (소득) 한국은행 고시 전년도 1인당 국민총소득(GNI)의 2배 이상인 자
◦ (의료보험) 병원 치료 및 본국 후송을 위한 보장액 1억원 이상의 개인 의료보험 가입 필요

나. 외국국적동포가족 방문동거(F-1) 자격 기본 대상
○ 재외동포(F-4) 자격을 취득한 자의 가족 (부모)
※ 기존에 영주(F-5-7) 신청자의 배우자와 미성년 자녀에게 부여하던 방문동거(F-1-72)는 폐지하고, 영주(F-5-7) 신청자가 가족 동거를 희망하는 경우에는 영주(F-5-7) 신청자가 재외동포(F-4) 자격 변경 후 가족에게 동반(F-3) 자격 부여

- (대상) 우수인재 기준 부모 포함 장인․장모도 포함
③ 가사보조인 고용계약서(해외에서 1년이상 고용사실을 입증)
※ 단, 최우수인재 구직(D-10) 자격자는 부모·가사보조인 초청 불가","한국에 사는 가족 만나러 오려면 어떤 비자 받아요?
유학생 자녀 따라가서 같이 살려면 어떤 비자가 필요해요?
가사도우미로 일하려면 비자가 어떻게 돼요?
한국 초중고 다니는 외국인 자녀 따라와 같이 살 수 있어요?",미검수,[자동 플래그] F-1 sub-program 3종 합본 — 분리 검토 필요
F-1 (F-1-15),F-1,사증,사증발급인정서,F-1-15,국내에서 활동 중인 우수인재·고액투자자·석박사 유학생이 본인 또는 배우자의 부모를 90일 이하 단기 초청.,,"[초청자 요건]
- (우수인재) 취재(D-5), 주재(D-7), 기업투자(D-8), 무역경영(D-9), 교수(E-1)~특정활동(E-7) 자격자로서 연간 소득이 전년도 GNI 2배 이상인 자. (해당 자격의 활동범위를 유지하며 다른 체류자격(F-2, F-5 등)으로 변경한 경우 포함)
- (투자자) 외국인투자촉진법, 외국환거래법, 투자이민제 등에 따라 국내에 3억원 이상 투자한 후 외국인등록을 하고 계속해서 6개월 이상 국내 체류 중인 자
- (유학생) 국내 대학의 석·박사과정에서 6개월 이상 유학하며 체류 중인 자. 단, 피초청자 포함 초청자 동반가족이 3명 이상인 경우, 학비 외에 전년도 GNI 50% 이상에 해당하는 연간 체류경비를 국내에 보유하고 있음을 입증.
[피초청자 요건]
- 초청자 또는 그 배우자의 부모
- 허용 인원: 최대 2명 이내 동시 체류 허용","① 사증발급인정신청서 (별지 제21호 서식), 여권, 표준규격사진 1매
② 초청사유서 (취업활동을 하지 않겠다는 내용 기재)
③ 신원보증서
④ 가족관계입증서류
⑤ 소득/투자금/체류경비 입증서류","초청자가 관할 출입국·외국인청(사무소·출장소)에 방문동거(F-1-15), 90일 이하 단수 사증발급인정서 신청.",,90일 이하 단수사증,,,,,,최대 2명 이내 동시 체류 허용,우수인재(D-5~E-7)·투자자(3억원+6개월 체류)·석박사 유학생(6개월+체류),,,,260504 사증민원 자격별 안내 매뉴얼.hwp,p. 292,data/parsed/raw/visa_manual.md:4696-4722,"D-5, D-7, D-8, D-9, E-1, E-2, E-3, E-4, E-5, E-6, E-7, F-2, F-5","우수인재 부모, 투자자 부모, 유학생 부모, GNI 2배, 3억원 투자, 90일 이하","1. 우수인재, 투자자 및 유학생 부모(F-1-15)
가. 초청자 요건
(우수인재) 취재(D-5), 주재(D-7), 기업투자(D-8), 무역경영(D-9), 교수(E-1) ~ 특정활동(E-7) 자격자로서, 연간 소득이 전년도 GNI 2배 이상인 자
(투자자) 외국인투자촉진법, 외국환거래법, 투자이민제 등에 따라 국내에 3억원 이상을 투자한 후 외국인등록을 하고 계속해서 6개월 이상 국내 체류 중인 자
(유학생) 국내 대학의 석･박사과정에서 6개월 이상 유학하며 체류 중인 자","한국에서 일하는 외국인이 부모님을 부르려면 어떻게 해요?
투자자 부모는 어떤 조건으로 비자 받아요?
유학생도 부모님을 한국에 부를 수 있나요?
부모님 둘 다 같이 올 수 있어요?",미검수,
F-2 (F-2-3),F-2,사증,사증발급,F-2-3,"영주자격을 부여받기 위하여 국내 장기체류하려는 자.
영주(F-5) 자격 소지자의 배우자에 대한 체류기간 1년 이하의 거주(F-2-3) 단수사증.
국내기업과 고용계약을 맺고, 연간 근로소득이 1인당 GNI 3배 이상인 자로서 법무부장관이 정한 요건을 모두 갖춘 사람
K-STAR 거주 자격자의 동반가족","영주자격을 부여받기 위하여 국내 장기체류하려는 자.
영주(F-5) 자격 소지자의 외국인 배우자
K-STAR 거주(F-2-7S) 자격자의 배우자 및 미성년자녀","가. 국민의 미성년 외국인 자녀 또는 영주(F-5) 체류자격자의 배우자 및 그의 미성년 자녀
나. 국민과 혼인관계(사실상의 혼인관계 포함)에서 출생한 사람으로서 법무부장관이 인정하는 사람
다. 난민의 인정을 받은 사람
라. 「외국인투자 촉진법」에 따른 외국투자가 등으로:
   1) 미화 50만 달러 이상 투자한 외국인으로 D-8 자격으로 3년 이상 계속 체류
   2) 미화 50만 달러 이상 투자 외국법인이 국내 외국인투자기업에 파견한 임직원으로 3년 이상 계속 체류
   3) 미화 30만 달러 이상 투자 + 2명 이상 국민 고용
마. 영주(F-5) 체류자격을 상실한 사람 중 법무부장관 인정 (강제퇴거자 제외)
바. A-1~A-3 외 체류자격으로 대한민국에 7년 이상 계속 체류하여 생활 근거지가 국내에 있는 사람 (E-1~E-5 또는 E-7은 5년 이상)
아. 「국가공무원법」 또는 「지방공무원법」에 따라 공무원으로 임용된 사람
자. 나이, 학력, 소득 등 법무부장관 고시 기준 해당자 (점수제 우수인재 F-2-7)
차. 투자지역, 투자대상, 투자금액 등 법무부장관 고시 기준 부동산 등 자산 투자자
카. 법무부장관 대한민국에 특별한 기여·공익 증진 인정자
타. 자~카목 해당자의 배우자 및 자녀
파. 「국가균형발전 특별법」 제2조제9호 인구감소지역 등 인력 수급/지역 활력 회복 대상자
최우수인재(Top-Tier) 자격 기준:
- (소득) 연간소득이 전년도 1인당 국민 총소득의 3배 이상
- (학력) 최근 5년 내 세계 대학평가(QS, Times Higher Education, US News & World Report 등) 중 하나 이상에서 100위 이내에 선정된 대학의 석사 이상 학위 취득
- (경력) 기업 근무: 세계적 기업(Forbes Global 2000 500위, Fortune Global 500, Time 100 World Most Influential Companies)에서 3년 이상 근무 포함하여 총 8년 이상 또는 연구기관 근무: 세계적 연구기관(세계대학 100위 이내 연구소, 세계적 기업 부설 연구소, 정부 주도 연구소)에서 3년 이상 근무 포함하여 박사학위 취득 후 5년 이상 첨단분야 관련 연구경력
- (한국어 능력) 사회통합프로그램 1단계 이수 또는 한국어능력시험(TOPIK) 1급 이상
- (부처 추천) 관계 중앙행정기관의 장이 검증하고 추천
K-STAR 거주·영주 자격을 받은 사람의 배우자 또는 미성년자녀
진정한 혼인관계를 유지하고 있는 법률상 배우자
주체류자가 친권 및 양육권을 가지고 있는 미성년자녀","① 사증발급신청서 (별지 제17호 서식), 여권, 표준규격사진 1매, 수수료
② 국내 배우자의 신원보증서
③ 초청장(붙임1 양식), 혼인배경 진술서(붙임2 양식)
④ 초청인 및 피초청인 양국 간 혼인관계 입증서류 (결혼증명서, 가족관계 기록에 관한 증명서 등)
⑤ 재정(소득) 입증서류 (소득금액증명원, 재직증명서, 계좌거래내역 등)
⑥ 초청인의 신용정보조회서 (전국은행연합회 발행)
⑦ 국적국 또는 거주국의 관할 기관 발급 초청인 및 피초청인 쌍방의 '범죄경력에 관한 증명서' (영주(F-5)자격 소지자 본인이 영주자격 변경 시 '범죄 경력에 관한 증명서'를 이미 제출한 경우 본인은 생략 가능, 단 영주자격 변경 후 해외에서 6개월 이상 체류한 경우 해외 체류기간 동안의 범죄경력증명서 제출 필요)
⑧ 초청인 및 피초청인 쌍방의 건강진단서 (의료법 제3조제2항제3호 병원급 의료기관 또는 지역보건법 제7조 보건소 발행)
⑨ 과거 혼인기록이 있는 경우 혼인 해소 여부 입증서류 (이혼증 등)
제출서류:
- 공통서류(신청서, 표준규격 사진, 여권 사본, 체류지 입증서류, 수수료 등)
- 학위증 또는 졸업증명서
- 경력증명서
- 고용계약서
- 사업자등록증 및 법인등기부등본
- 해외 범죄경력증명서
- 한국어 능력 입증서류 또는 사회통합프로그램 이수 확약서
- 관계 중앙행정기관 추천서
- 신청서, 여권, 외국인등록증, 사진, 수수료, 체류지 입증서류
- 가족관계 입증서류
- 결핵검진확인서(해당자에 한함)
- 해외범죄경력증명서(해당자에 한함)","전자사증 신청 가능 (자격변경 시 관할 출입국관서에 신청)
사증신청: 거주지 관할 재외공관 / 소득요건 심사 없이 F-2-71(단수, 90일) 발급
사증발급인정서 신청: 주체류자의 체류지 관할 출입국·외국인청(사무소·출장소)
신청방법: 직접 방문 또는 대한민국비자포털(www.visa.go.kr) 온라인 신청
사증발급인정서 발급: 소득요건 심사 없이 F-2-71(단수, 90일)",,"1회 부여 체류기간의 상한 5년
체류기간 1년 이하의 단수사증
단수, 90일 (사증 및 사증발급인정서)","난민인정을 받은 자, 고액투자자, 영주자격 상실자, 7년 이상 장기체류자는 체류자격 부여 또는 체류자격 변경 대상이므로 재외공관에서 사증발급 불가.","소득 요건이 1인당 GNI 4배 이상인 사람은 학력 또는 경력을 완화하여 적용 가능
최우수인재 거주(F-2) 자격변경 특례: 주재(D-7) ~ 특정활동(E-7) 또는 거주(F-2) 자격으로 1년 이상 첨단분야에 취업한 사람 중 소득요건을 제외한 최우수인재 자격 기준을 모두 충족한 사람으로서, 1인당 GNI 2배 이상 소득을 유지하고, 관계 중앙행정기관의 추천을 받은 자
소득요건 심사 없이 F-2-71(단수, 90일) 발급",,,,,"영주(F-5) 자격 소지자
주체류자(K-STAR 거주 자격자)",부처 추천 필수: 관계 중앙행정기관의 장이 검증하고 추천,최우수인재 거주(F-2-T) Top-Tier 자격 기준 및 제출서류,,260504 사증민원 자격별 안내 매뉴얼.hwp,p. 297,"data/parsed/raw/visa_manual.md:4696-4722
data/parsed/raw/visa_manual.md:7049-7497
data/parsed/raw/visa_manual.md:7498-8282","F-5, A-1, A-3, E-1, E-5, E-7, D-8, F-2-2, F-2-7, D-10-T, E-7-T, F-5-T, F-2-7S, F-5-S1, F-5-S2","거주, 영주 준비, 결혼이민, 난민, 외국인투자가, 점수제, 인구감소지역, 영주자 배우자","영주자격을 부여받기 위하여 국내 장기체류하려는 자
가. 국민의 미성년 외국인 자녀 또는 영주(F-5) 체류자격을 가지고 있는 사람의 배우자 및 그의 미성년 자녀
바. 외교(A-1)부터 협정(A-3)까지의 체류자격 외의 체류자격으로 대한민국에 7년 이상 계속 체류하여 생활 근거지가 국내에 있는 사람으로서 법무부장관이 인정하는 사람[다만, 교수(E-1)부터 전문직업(E-5)까지 또는 특정활동(E-7) 체류자격을 가진 사람에 대해서는 최소 체류기간을 5년으로 한다]
1회 부여 체류기간의 상한 5년

1. 영주(F-5) 자격 소지자의 배우자에 대한 체류기간 1년 이하의 거주(F-2-3) 단수사증
첨부서류
① 사증발급신청서 (별지 제17호 서식), 여권, 표준규격사진 1매, 수수료
② 국내 배우자의 신원보증서
③ 초청장(붙임1 양식), 혼인배경 진술서(붙임2 양식)
④ 초청인 및 피초청인 양국 간 혼인관계 입증서류

□ 최우수인재 거주(F-2-T)
❍ 사증발급·자격변경
- (대상자) 국내기업과 고용계약을 맺고, 연간 근로소득이 1인당 GNI 3배 이상인 자로서 법무부장관이 정한 요건을 모두 갖춘 사람(부처 추천 필수)
※ 단, 소득 요건이 1인당 GNI 4배 이상인 사람은 학력 또는 경력을 완화하여 적용 가능

❍ (범위) K-STAR 거주·영주 자격을 받은 사람의 배우자 또는 미성년자녀
- (신청장소) 거주지 관할 재외공관
- (사증발급) 소득요건 심사 없이 F-2-71(단수, 90일)
- (사증발급인정서 발급) 소득요건 심사 없이 F-2-71(단수, 90일)","한국 영주권 받기 전에 거주비자는 어떤 사람이 받아요?
한국에서 7년 이상 살면 거주비자로 바꿀 수 있나요?
부동산 투자해도 거주비자가 가능해요?
난민으로 인정받으면 어떤 비자가 나와요?",미검수,[자동 플래그] F-2 sub-program 3종 합본 — 분리 검토 필요
F-2 (F-2-7),F-2,사증,사증발급인정서,F-2-7,점수제 우수인재 (F-2-7) 사증발급인정서 발급 대상.,상장법인 종사자 / 유망산업분야 종사자 / 점수제 우수인재의 배우자·미성년 자녀,합산 점수 80점 이상 (배우자·자녀 사증발급인정서는 주체류자가 F-2-7 보유). 유망산업분야는 전년도 소득 GNI 1.5배 이상.,"① 사증발급인정신청서 (별지 제21호 서식), 여권, 외국인등록증(주체류자가 외국인등록을 마친 사람만), 표준규격사진 1매
② 결핵 진단서 (「외국인 결핵환자 사증발급 및 체류관리 지침」에 따름)
③ 신청자의 고용계약서, 재직증명서, 사업자등록증, 법인등기부등본, 소득금액증명, 학위취득(예정)증명서, 졸업(예정)증명서 등
④ 신청인이 해당하는 점수를 기재한 점수표
⑤ 평가 항목별 점수를 입증하는 서류
⑥ 체류지 입증서류
⑦ 심사관이 추가 제출을 요구한 서류
[배우자·자녀 추가] 가족관계 소명 서류 (주체류자와의 법률상 가족관계 입증)","상장 법인·유망산업분야 종사자: 사업장 주소지 관할 출입국·외국인청 방문 신청 또는 온라인(대한민국비자포털) 신청 — F-2-7 단수 90일.
배우자 및 미성년 자녀: 초청자(F-2-7) 주소지 관할 출입국·외국인청 방문 또는 온라인 신청 — F-2-71 단수 90일.
초청자가 F-2-7S인 경우: 자격변경허가받은 날부터 5년 동안 소득요건 심사 없이 F-2-71 (단수 90일), 5년 경과 후 소득요건 심사 후 충족 시 F-2-71.
주체류자의 소득기준(GNI 이상) 미충족 시 다른 허가요건 충족 시 F-1-12 (단수 90).",,단수 90일,,,,,80점 이상 (점수표는 별도 행 참고),,,,,,260504 사증민원 자격별 안내 매뉴얼.hwp,p. 299,data/parsed/raw/visa_manual.md:4696-4722,"F-1-12, F-2-71, F-2-7S","점수제 우수인재, KOSPI, KOSDAQ, 유망산업, GNI 1.5배, 80점","1. 점수제 우수인재(상장법인·유망산업분야 종사자에 한함) 및 점수제 우수인재의 배우자 및 미성년 자녀
대상
- 상장법인 종사자 : ① 국내 유가증권시장(KOSPI) 또는 코스닥(KOSDAQ)에 상장된 법인 종사자 또는 고용계약을 체결하여 취업이 확정된 외국인
- 유망산업분야 종사자 : 산업통상자원부 고시 제2020-40호, 2020.3.31., 「첨단기술 및 제품의 범위」에 따른 IT, 기술경영, 나노, 디지털전자, 바이오, 수송 및 기계, 신소재, 환경 및 에너지 등의 산업 분야 종사자 또는 고용계약을 체결하여 취업이 확정된 외국인으로 소득금액증명원 상의 전년도 소득이 국민 1인당 GNI 1.5배 이상일 것","한국 상장기업에 취업했는데 거주비자 받을 수 있어요?
점수제로 거주비자 받으려면 몇 점 이상 받아야 해요?
배우자도 같이 비자 받을 수 있나요?
유망산업분야는 소득이 얼마부터 가능해요?",미검수,
F-3 (F-3-19),F-3,사증,사증발급,F-3-19,"D-1, D-2, D-4 ~ E-7, F-2, F-4, H-2 자격자의 배우자 및 미성년 자녀 (1년 이하 단수사증)
취재(D-5) 자격 해당자의 동반 입국자는 국내 지사(국)가 개설되어 있어야 함
재외동포(F-4) 자격 취득자의 가족
방문취업(H-2) 자격 취득자의 가족
상장법인·유망산업분야·전문직 종사자, 유학인재로서의 점수제 우수인재 체류자격(F-2-7)을 받은 사람(주체류자)의 배우자 또는 미성년 자녀
* 점수제 평가항목별 합산 점수가 80점 이상임을 검증 받고 점수제 우수인재 체류자격(F-2-7)을 받은 사람 (즉, F-2-71은 대상 아님)
** 법률상 배우자로서 진정한 혼인관계를 유지하여야 함(사실혼 불인정)
*** 주체류자가 미성년 자녀에 대한 친권 및 양육권을 가지고 있어야 함
외국국적동포의 가족","동반가족 (D-1~E-7, F-2, F-4, H-2 자격자의 배우자 및 미성년 자녀)
재외동포(F-4) 자격 취득자의 가족
방문취업(H-2) 자격 취득자의 가족
배우자 및 미성년 자녀","동반가족
- 문화예술(D-1)부터 특정활동(E-7)까지, 거주(F-2), 재외동포(F-4) 및 방문취업(H-2)의 체류자격에 해당하는 사람의 배우자 및 미성년 자녀로서 배우자가 없는 사람(단, 기술연수(D-3) 체류자격에 해당하는 사람은 제외한다.)
결핵 진단서(「외국인 결핵환자 사증발급 및 체류관리 지침 등」에 따름)
재외동포(F-4) 자격을 취득한 사람의 배우자 및 미성년 자녀
방문취업(H-2) 자격을 취득한 사람의 배우자 및 미성년 자녀
재외동포(F-4) 자격을 취득한 자의 가족 (배우자 및 미성년 자녀)
방문취업(H-2) 자격을 취득한 자의 가족 (배우자 및 미성년 자녀)","- 사증발급신청서 (별지 제17호 서식), 여권, 표준규격사진 1매, 수수료
- 가족관계입증서류(결혼 또는 출생증명서 등)
- 생계유지능력 입증서류 (E-1, E-3, E-4, E-5, F-4, H-2의 경우 제출 면제)
- 신원보증서
- 체류지 등 주거지 입증서류
배우자의 경우:
- 본국의 결혼증명서 원본(공적 서류 입증 필수) 등
- 중국의 경우 거민신분증, 결혼증, 호구부 등
미성년 자녀의 경우:
- 본국의 출생증명서 원본(공적 서류 입증 필수) 등
- 국내 출생증명서(대한민국 내 출생 시)
- 본국의 가족관계증명서 등 친자관계 입증서류
본국의 공적 서류:
- 번역자 확인서 필수 첨부
- 협약국인 경우 아포스티유 확인 필요
- 미체약국인 경우 주재국 대한민국 공관의 영사확인 필요
- 사증발급신청서 (별지 제17호 서식), 여권, 표준규격사진 1매, 수수료
- 재외동포(F-4) 자격을 취득한 사람의 국내거소신고증 또는 사증발급 사항 사본(여권사본 포함)
- 가족관계 입증서류
- 사증발급신청서 (별지 제17호 서식), 여권, 표준규격사진 1매, 수수료
- 방문취업(H-2) 자격을 취득한 사람의 외국인등록증 또는 사증발급 사항 사본(여권사본 포함)
- 가족관계 입증서류
- 사증발급신청서 (별지 제17호 서식), 여권, 외국인등록증(주체류자가 외국인등록을 마친 사람만 해당), 표준규격사진 1매
- 결핵 진단서(「외국인 결핵환자 사증발급 및 체류관리 지침 등」에 따름)
- 주체류자의 고용계약서 사본, 재직증명서, 사업자등록증, 법인등기부등본, 소득금액증명, 학위취득(예정)증명서, 졸업(예정)증명서 등(해당자)
- 가족관계 소명 서류(주체류자와의 법률상 가족관계 입증서류여야 함)
- 점수제 평가를 위한 점수를 기재한 점수표
- 신청인 본인이 기재한 평가 항목별 점수를 소명하는 서류
- 체류지 입증서류
- 심사관이 추가 제출을 요구한 서류
- 사증발급신청서, 여권, 표준규격사진 1매, 수수료
- 재외동포(F-4) 자격을 취득한 사람의 국내거소신고증, 방문취업(H-2) 자격을 취득한 사람의 외국인 등록증 또는 사증발급사항 사본(여권포함)
- 가족관계 입증서류",,,"출입국관리법 시행규칙 [별표 1] 체류자격별 체류기간 상한에 따름
체류기간 1년 이하의 단수사증
1년간 유효한 방문동거(F-3-19, 01년) 복수사증 발급
1년간 유효한 방문동거(F-3-20, 090일) 복수사증 발급
90일간 유효한 단수사증(F-3-18)","기술연수(D-3) 체류자격에 해당하는 사람은 제외
F-2-71은 대상 아님
사실혼 불인정 (법률상 배우자만 인정)","등록외국인과 동거할 목적으로 입국하는 자 및 취재(D-5), 기업투자(D-8) 자격에 해당하는 자와 동반 입국하고자 하는 자에 대한 체류기간 1년 이하의 단수사증은 공관장 재량 발급
생계유지능력 입증서류 및 체류지 입증서류 제출면제: E-1, E-3, E-4, E-5, F-4, H-2, E-7-T, E-7-S1, 기업투자(D-8) 자격 중 50만 불 이상 고액투자자",,,점수제 평가항목별 합산 점수 80점 이상,,초청자의 재직증명서 및 납세사실증명서 등으로 생계유지능력 입증,,,,260504 사증민원 자격별 안내 매뉴얼.hwp,p. 304,"data/parsed/raw/visa_manual.md:4723-4753
data/parsed/raw/visa_manual.md:6182-6796","D-1, D-3, D-5, D-8, E-1, E-3, E-4, E-5, E-7, F-2, F-4, H-2, E-7-T, E-7-S1, F-2-7, F-2-71","동반, 동반가족, 배우자, 미성년 자녀, 단수사증, 신원보증서, 결혼증명서, 출생증명서","동반가족
- 문화예술(D-1)부터 특정활동(E-7)까지, 거주(F-2), 재외동포(F-4) 및 방문취업(H-2)의 체류자격에 해당하는 사람의 배우자 및 미성년 자녀로서 배우자가 없는 사람(단, 기술연수(D-3) 체류자격에 해당하는 사람은 제외한다.)

① 사증발급신청서 (별지 제17호 서식), 여권, 표준규격사진 1매, 수수료
② 가족관계입증서류(결혼 또는 출생증명서 등)
③ 생계유지능력 입증서류 (E-1, E-3, E-4, E-5, F-4, H-2의 경우 제출 면제)
④ 신원보증서
⑤ 체류지 등 주거지 입증서류

2. 재외동포(F-4) 자격을 취득한 자의 가족에 대한 1년간 유효한 동반(F-3-19, 01년) 복수사증
◦ 대상 : 재외동포(F-4) 자격을 취득한 사람의 배우자 및 미성년 자녀
◦ 사증발급 : 1년간 유효한 방문동거(F-3-19, 01년) 복수사증 발급

3. 방문취업(H-2) 자격을 취득한 자의 가족에 대한 1년간 유효한 동반(F-3-20, 090일) 복수사증
◦ 대상 : 방문취업(H-2) 자격을 취득한 사람의 배우자 및 미성년 자녀
◦ 사증발급 : 1년간 유효한 방문동거(F-3-20, 090일) 복수사증 발급

2. 점수제 우수인재(F-2-7)의 배우자 및 미성년자녀에 대한 90일간 유효한 단수사증(F-3-18)
◦ 대상 - 상장법인·유망산업분야·전문직 종사자, 유학인재로서의 점수제 우수인재 체류자격*을 받은 사람(이하 '주체류자'라 함)의 배우자** 또는 미성년 자녀***
* 점수제 평가항목별 합산 점수가 80점 이상임을 검증 받고 점수제 우수인재 체류자격(F-2-7)을 받은 사람을 의미함(즉, F-2-71은 대상 아님)

가. 외국국적동포가족 동반(F-3) 자격 기본 대상
○ 재외동포(F-4) 자격을 취득한 자의 가족 (배우자 및 미성년 자녀)
○ 방문취업(H-2) 자격을 취득한 자의 가족 (배우자 및 미성년 자녀)","한국에서 일하는 사람의 가족이 같이 살러 가려면 어떻게 해요?
배우자랑 자녀가 같이 따라가는 비자는 어떤 자격에서 받을 수 있어요?
기술연수로 한국 가는데 가족이 따라갈 수 있어요?
동반비자 받으려면 어떤 서류 내야 해요?",미검수,
F-3 (전자사증),F-3,사증,전자사증,전자사증,전문인력의 동반자,전문인력의 동반자,"전문 인력의 동반자
- 교수(E-1), 연구(E-3), 기술지도(E-4), 전문직업(E-5) 및 첨단과학기술분야 고용추천서(GOLD CARD)를 발급받은 특정활동(E-7) 자격 외국인의 배우자 및 미성년 자녀로서 배우자가 없는 사람
- 첨단분야 최우수인재(E-7-T)의 배우자 및 미성년 자녀",,동반(F-3) 자격 사증발급 심사 기준 및 절차에 따라 서류제출 및 사증발급,,,,,,,,,,첨단과학기술분야 고용추천서(GOLD CARD) 발급자,,,260504 사증민원 자격별 안내 매뉴얼.hwp,p. 302,data/parsed/raw/visa_manual.md:4723-4753,"E-1, E-3, E-4, E-5, E-7, E-7-T","동반, 전자사증, GOLD CARD, 전문인력","전자사증 제도는 해외 우수인력 및 관광객 유치지원 등을 위한 사증발급 절차 간소화의 일환으로 교수 등, 연구원 등에 대해 재외공관 방문 없이 온라인으로 사증을 발급 받을 수 있는 제도
- 교수(E-1), 연구(E-3), 기술지도(E-4), 전문직업(E-5) 및 첨단과학기술분야 고용추천서(GOLD CARD)를 발급받은 특정활동(E-7) 자격 외국인의 배우자 및 미성년 자녀로서 배우자가 없는 사람","전문직 비자로 한국 가는데 가족도 온라인으로 비자 받을 수 있어요?
교수 비자 가족도 전자비자 신청이 되나요?",미검수,
F-3 (사증발급인정서),F-3,사증,사증발급인정서,사증발급인정서,"D-1, D-2, D-4 ~ E-7, F-2, F-4, H-2 자격자의 배우자 및 미성년 자녀
원칙적으로 동반하는 본인(원자격자)과 함께 사증발급인정신청을 하는 경우에 한하여 사증발급인정서 발급",,,"- 사증발급인정신청서 (별지 제21호 서식), 여권사본, 표준규격사진 1매
- 가족관계입증서류(결혼 또는 출생증명서 등)
- 생계유지능력 입증서류 (E-1, E-3, E-4, E-5, F-4, H-2의 경우 제출 면제)
- 신원보증서
- 체류지 입증서류 (E-1, E-3, E-4, E-5, F-4, H-2의 경우 제출 면제)
배우자의 경우: 본국의 결혼증명서 원본, 중국의 경우 거민신분증, 결혼증, 호구부 등
미성년 자녀의 경우: 본국의 출생증명서 원본, 국내 출생증명서(대한민국 내 출생 시), 본국의 가족관계증명서 등 친자관계 입증서류
본국의 공적 서류: 공인된 번역자 확인서 필수 첨부, 협약국인 경우 아포스티유 확인 필요, 미체약국인 경우 주재국 대한민국 공관의 영사확인 필요",동반하는 본인(원자격자)과 함께 사증발급인정신청,,,,"E-1, E-3, E-4, E-5, F-4, H-2의 경우 생계유지능력 입증서류 및 체류지 입증서류 제출 면제",,,,,,,,,260504 사증민원 자격별 안내 매뉴얼.hwp,p. 305,data/parsed/raw/visa_manual.md:4723-4753,"E-1, E-3, E-4, E-5, F-4, H-2","동반, 사증발급인정서, 가족관계입증, 신원보증서","원칙적으로 동반하는 본인(원자격자)과 함께 사증발급인정신청을 하는 경우에 한하여 사증발급인정서 발급
① 사증발급인정신청서 (별지 제21호 서식), 여권사본, 표준규격사진 1매
② 가족관계입증서류(결혼 또는 출생증명서 등)","동반비자 사증발급인정서는 누가 신청해요?
가족이 본인이랑 같이 사증발급인정서 신청해야 하나요?",미검수,
F-5 (F-5-T),F-5,사증,사증발급,F-5-T,"영주자격 신청 시 외국인투자촉진법에 따라 미화 50만 불 이상을 투자한 외국투자가로 국민을 5인 이상 고용한 자
과학·경영·교육·문화예술·체육 등 특정 분야에서 탁월한 능력이 있는 사람 중 법무부장관이 인정하는 사람
최우수인재 거주(F-2) 자격 보유자
최우수인재 동반가족
외국인등록 마친 최우수인재
우수인재 특별귀화 신청자
저명인사 우수인재
학술분야 연구실적 우수자
문화·예술·스포츠 분야 우수능력자
국내·외 기업 근무자, 외투기업 근무자
신산업·첨단기술 분야 근무자 등 기타 우수인재
우수인재 특별귀화 가점 신청자
우수인재 추천 기관장","최우수인재의 배우자 및 미성년 자녀
최우수인재 본인(우대카드 1매 한정)
과학기술분야 우수인재 (K-STAR 트랙 경유)
전직 국가원수·각료급, 노벨상 등 국제 권위 수상자
4년제 대학 교원, 연구기관 연구원, 패스트트랙 영주 취득자 중 연구실적 우수자
문화·예술·스포츠 분야 국제급 수상자·심사위원·선수
세계 300대 기업·국내 대기업·중견기업 임원, 수출 실적 기업 대표, 외국인투자기업 대표
신산업·첨단기술 근무자, 원천기술 보유자, 지식재산권 보유자, 전문자격사, 국제기구 근무자","법 제46조제1항 각 호의 어느 하나에 해당하지 않는 사람으로서 다음 각 호의 어느 하나에 해당하는 사람
1. 대한민국 「민법」에 따른 성년으로서 별표 1의2 중 10. 주재(D-7)부터 20. 특정활동(E-7)까지의 체류자격이나 별표 1의2 중 24. 거주(F-2) 체류자격으로 5년 이상 대한민국에 체류하고 있는 사람
2. 국민 또는 영주자격(F-5)을 가진 사람의 배우자 또는 미성년 자녀로서 대한민국에 2년 이상 체류하고 있는 사람 및 대한민국에서 출생한 것을 이유로 법 제23조에 따라 체류자격 부여 신청을 한 사람
3. 「외국인투자 촉진법」에 따라 미화 50만 달러를 투자한 외국인투자가로서 5명 이상의 국민을 고용하고 있는 사람
4. 재외동포(F-4) 체류자격으로 대한민국에 2년 이상 계속 체류하고 있는 사람으로서 법무부장관이 인정하는 사람
5. 외국국적동포로서 「국적법」에 따른 국적 취득 요건을 갖춘 사람
7. 국외에서 일정 분야의 박사 학위를 취득한 사람으로서 영주자격(F-5) 신청 시 국내 기업 등에 고용된 사람 또는 국내 대학원에서 정규과정을 마치고 박사학위를 취득한 사람
8. 학사 학위 이상의 학위증 또는 법무부장관이 정하는 기술자격증이 있는 사람으로서 국내 체류기간이 3년 이상이고 영주자격(F-5) 신청 시 국내기업에 고용되어 법무부장관이 정하는 금액 이상의 임금을 받는 사람
9. 과학·경영·교육·문화예술·체육 등 특정 분야에서 탁월한 능력이 있는 사람
10. 대한민국에 특별한 공로가 있다고 법무부장관이 인정하는 사람
11. 60세 이상으로서 법무부장관이 정하는 금액 이상의 연금을 국외로부터 받고 있는 사람
12. 방문취업(H-2) 체류자격으로 취업활동을 하고 있는 사람으로서 거주(F-2) 사목 요건을 갖춘 사람
13. 거주(F-2) 자목 체류자격으로 3년 이상 체류
14. 거주(F-2) 차목 체류자격을 받은 후 5년 이상 계속 투자 상태를 유지
15. 기업투자(D-8) 다목 체류자격으로 3년 이상 체류하면서 투자자로부터 3억원 이상의 투자금을 유치하고 2명 이상의 국민을 고용
16. 5년 이상 투자 상태를 유지할 것을 조건으로 법무부장관이 정하여 고시하는 금액 이상을 투자한 사람
17. 기업투자(D-8) 가목 체류자격을 가지고 연구개발시설의 필수전문인력으로 3년 이상 계속 체류
18. 거주(F-2) 다목 체류자격으로 2년 이상 체류
출입국관리법 시행령 별표 1의3의 3호 해당자
미화 50만 불 이상 투자
국민 5인 이상 정규직(전일제 상용고용 형태) 고용
출입국관리법 시행령 별표1의3 9호 해당자
필수항목 중 1개 이상의 요건을 갖추고, 필수항목과 선택항목의 합산 점수가 다음 어느 하나에 해당할 것
- 필수항목 30점 이상 + 합산 50점 이상 (국내 체류기간 관계없이 취득)
- 필수항목 20~29점 + 합산 100점 이상
- 필수항목 10~19점 + 합산 100점 이상 (외국인등록 후 1년 이상 국내 체류)
F-2 거주 3년 체류
GNI 3배 이상 유지
사회통합프로그램(KIIP) 3단계 이수
배우자 및 미성년 자녀
체류자격은 각 자격에 따라 다름
구직(D-10)·특정활동(E-7) 자격은 동반(F-3) 부여
거주(F-2) 및 영주(F-5) 자격은 최우수인재와 동일하게 각각 거주(F-2), 영주(F-5) 부여 원칙
관계부처가 최우수인재로 추천한 사람으로서 입국 이후 외국인등록을 마친 사람
K-STAR 거주(F-2-7S) 자격 및 K-STAR 영주(F-5-S1)를 거쳐 우수인재 평가기준을 충족한 사람
국적심의위원회에서 우수인재 특별귀화에 적합한 것으로 인정한 사람
다음 ① ~ ③ 중 하나에 해당:
① 국회사무총장, 법원행정처장, 헌법재판소사무처장 또는 중앙행정기관의 장 등이 추천한 사람
② 재외공관장, 지방자치단체의 장, 4년제 대학의 총장 등 추천권자가 추천하는 사람으로서 법무부장관이 심의에 부친 사람
③ 수상, 실적, 경력 등으로 국제적 권위를 인정받고 있거나 우수인재 가점제도 등을 적용하여 법무부장관이 심의에 부친 사람
아래 사항을 모두 충족할 것:
국적심의위원회 심의·의결에 따라 '우수인재 특별귀화' 대상으로 적합할 것
법령을 준수하는 등 품행 단정의 요건을 갖출 것
국어능력과 대한민국의 풍습에 대한 이해 등 대한민국 국민으로서의 기본 소양 갖출 것 (면접 심사 합격 시 인정)
귀화 허가가 국가안전보장·질서유지 또는 공공복리를 해치지 아니한다고 법무부장관이 인정할 것
① 전직 국가원수, 정부 수반 및 각료급 이상, 전직 국제기구 대표 등
② 노벨상, 퓰리처상, 괴테상, 공쿠르상, 맨부커상, 필즈상, 튜링상, 올림픽 동메달 이상 수상자 등
① 국내·외 4년제 대학 부교수 이상으로 1년 이상 재직 + 최근 5년 이내 SCI/SSCI/A&HCI 1편 이상 또는 KCI 2편 이상 또는 권위 있는 저널·학술지·학술대회 2회 이상 발표
② 국내·외 4년제 대학 교원(조교수·강사)으로 3년 이상 재직 + 최근 5년 이내 SCI/SSCI/A&HCI 3편 이상 또는 KCI 5편 이상 또는 권위 있는 저널·학술지·학술대회 5회 이상 발표 (외국국적동포는 2년 이상 경력)
③ 최근 3년 이내 300대 대학(QS, THE 지표) 2년 이상 강의 경력 + 최근 5년 이내 SCI/SSCI/A&HCI 3편 이상 또는 KCI 5편 이상 또는 권위 있는 저널·학술지·학술대회 5회 이상 발표 (외국국적동포는 500대 대학)
④ 국내 학술분야(인문·정치·사회·경제·과학) 국가 연구기관, 공공기관 지정 연구기관, 대학부설 산학협력단·연구소(과학 분야 한정), 기업부설연구소(과학 분야 한정) 연구원 3년 이상 + 최근 5년 이내 SCI/SSCI/A&HCI 3편 이상 또는 KCI 5편 이상 또는 권위 있는 저널·학술지·학술대회 5회 이상 발표 (외국국적동포는 2년 이상)
【패스트트랙 특례】
⑤ 우수인재 패스트트랙 따라 예비 우수인재로서 거주(F-2) 자목 자격 취득 후 점수제 영주(F-5) 자격 취득자 중 SCI/SSCI/A&HCI 3편 이상 또는 KCI 5편 이상 또는 2편 이상의 국내·외 특허 등록 실적
[문화·예술 분야 우수능력자 - 아래 5개 중 2개 이상 충족]
① 자신이 속한 분야에서 뛰어난 능력을 인정받아 국내·외 공신력 있는 단체·기관으로부터 수상 경력
② 인지도 높은 저명 인사 심사를 통해 뛰어난 성과 이룬 사람만 가입할 수 있는 협회의 회원
③ 전문출판물 또는 주요 대중매체에 자신의 우수한 재능 기사 게재 또는 학술기사 게재 경력
④ 공신력 있는 전시회·박람회·경연대회·영화제 등에서 다른 사람 작품 심사하거나 심사위원단 참여 경력
⑤ 국제적 권위있는 예술 전시회·박람회·공연·영화제·음악제 등에서 작품 전시·공연·수상 경력 또는 국제 권위 출판사·음반사와 계약 체결
[스포츠 분야 우수능력자 - 아래 6개 중 2개 이상 충족]
⑤ 국제 권위 체육행사(올림픽, 월드컵 축구 U대회 포함, 세계선수권대회, 페럴림픽 등) 출전 경력 선수 또는 지도자
⑥ 최근 3년 이내 국제 권위 체육대회 개인전 3위 이내, 단체전 8강 이내 입상, 또는 PGA/LPGA 등 20위 이내
소득요건: 일반외국인 GNI 2배 이상, 외국국적동포 GNI 1.5배 이상
또는 상기 기준에 상당하는 흥행수익, 출판, 음반판매, 각종 수상 등 상업적 성공 입증서류
대한장애인체육회 회장의 추천을 받은 우수인재(장애인)는 외국국적동포 기준 적용
① FORTUNE, ECONOMIST 등 세계 유수 경제전문지가 최근 3년 이내 선정한 세계 300대 기업에서 3년 이상 근무 + 「독점규제 및 공정거래에 관한 법률」 적용 대기업 사내이사로 상시 근무 또는 근무 예정 확정 (외국국적동포는 500대 기업에서 1년 이상)
② 세계 300대 기업 3년 이상 근무 + 「중견기업 성장촉진 및 경쟁력 강화에 관한 특별법」 적용 중견기업 사내이사 (외국국적동포는 500대 기업 2년 이상)
③ 상시근로자 수 100인 이상 및 자본금 80억 원 초과 국내 기업에서 3년 이상 사내이사 이상 근무 (외국국적동포는 2년 이상)
④ 3년간 대외수출 실적 연평균 미화 500만 달러 이상인 개인사업자·법인 대표 (중소기업기본법 적용 중소기업, 실질 경영주) (외국국적동포는 미화 200만 달러 이상)
⑤ 외국인투자촉진법상 미화 50만달러 이상 투자한 외국인투자기업 대표이사 이상, 국내 3년 이상 거주, 납세실적 3억원 이상, 국민 30명 이상 고용
소득요건: 일반외국인 GNI 2배 이상, 외국국적동포 GNI 1.5배 이상
[6. 신산업·첨단기술 분야 근무자]
신산업 분야(시스템반도체, 바이오헬스, 미래차, 인공지능 등) 또는 첨단기술 분야(신소재, IT, e-business, BT, NT, 수송기계, 환경·에너지, 디지털가전, 융·복합산업, 소프트웨어)에서 2년 이상 경력자 (외국국적동포 1년 이상) — 국내 소재 기업·연구기관 고용(예정)
[7. 신산업·첨단기술·과학 분야 원천기술 보유자]
상업화되지 않았으나 세계수준의 원천기술 보유자
[8. 국내·외 지식재산권 보유자]
국내·외 지식재산권(특허권·실용신안권·디자인권) 보유 + 특허권 등으로 인한 총 소득 1억원 이상 (양도 수입 포함)
[9. 전문분야 특별한 지식·기술 보유자]
의사·변호사·회계사·기술사 등 전문자격 소지자로 국내 3년 이상 체류 + 해당 분야에서 근무 중 또는 근무 예정 확정
[10. 국제기구 등 근무경력자]
UN·WHO·OECD·IAEA·UNESCO 등 국제기구에서 10년 이상 근무 경력 또는 이에 준하는 자격으로 활동 경력이 대한민국 국익에 기여
소득요건:
- 신산업·첨단기술 분야 근무자: 일반외국인 GNI 2배 이상, 외국국적동포 GNI 1.5배 이상
- 원천기술 보유자: 없음
- 지식재산권 보유자: 특허권 등으로 인한 총 소득 1억원 이상
- 전문분야 자격사: 일반외국인 GNI 2배 이상, 외국국적동포 GNI 1.5배 이상
- 국제기구 근무자: 없음
추천받는 사람의 연구실적, 주요경력 등 우수인재 평가기준 해당여부를 사전에 검토·확인한 후 추천서를 상세하게 작성하고, 기관의 종합의견 기재
추천서는 개인 자격이 아닌 기관의 장 자격으로 작성·제출","- 사증발급신청서 (별지 제17호 서식), 여권, 표준규격사진 1매, 수수료
- 외국인투자기업 등록증명서 사본
- 신원보증서
- 사업자 등록증 사본 및 법인 등기사항전부증명서
- 신청자 본인의 소득금액 증명원(세무서 발급) 및 고용 내국인 5인 이상의 소득금액 증명원(세무서 발급)
- 고용 내국인의 정규직(전일제 상용고용 형태) 고용 입증서류(고용계약서, 정규직 고용확인서 등)
- 신청서, 여권, 표준규격사진 1매, 수수료
- 신원보증서
- 점수제 해당항목 입증서류
- 공통서류(신청서, 표준규격 사진, 여권 사본, 체류지 입증서류, 수수료 등)
- 주 자격자의 여권 사본 또는 외국인등록증
- 본국 정부 발급 가족관계 입증서류(결혼증명서, 출생증명서 등)
- 해외 범죄경력증명서(배우자의 경우)
- ｢국적법 시행규칙｣ 제3조(귀화허가 신청서의 서식 및 첨부서류)에 따른 서류 일체
- 우수인재 국적신청 상세기술서【붙임 10】 및 증빙자료 일체
- 우수인재 가점 항목별 점수표【붙임 11】 및 증빙자료 일체(해당자에 한함)
- 우수인재 추천서 (법무부장관 귀하)
- 추천받는 사람: 성명(한글명·영문명), 생년월일, 국적
- 추천인: 기관명, 직위, 성명, 기관전화번호","법무부장관 승인 필요
① 신청: 최우수인재가 직접 신청
② 접수·발급의뢰: 전담기관 접수 및 발급 의뢰
③ 우대카드 발급: 출입국 우대카드 발급 및 전담기관 송부
④ 송부: 신청인에게 송부
전담기관: 서울출입국·외국인청 '우수인재·투자지원센터'
신청 및 접수 → 국적심의위원회 심의·의결 → 귀화 면접심사 → 귀화·국적회복 허가 → 국적증서 수여 → 외국국적 불행사서약",,"상한 없음 (1회 부여 체류기간 상한 없음)
영주증 유효기간: 발급일로부터 10년
유효기간 만료일 전 영주증을 재발급 받아야 함 (기간 도과 시 과태료 처분)
2018. 9. 21. 이전 영주자격을 취득한 사람:
- 영주자격 취득일부터 10년 경과한 사람은 2020. 9. 20.까지 발급
- 10년 미경과자는 10년 경과한 날부터 2년 이내
발급일로부터 3년 이내 (만료 이후 재발급 가능)","법 제46조제1항 각 호의 어느 하나에 해당하는 사람은 제외
[상실사유]
재입국면제 기간(출국한 날부터 2년 이내) 또는 재입국허가 기간까지 대한민국에 미입국한 경우
[취소사유]
1) 거짓이나 그 밖의 부정한 방법으로 영주자격을 취득한 경우 (반드시 취소)
2) 형법·폭력행위 등 처벌에 관한 법률·성폭력범죄·아동청소년의 성보호·특정범죄 가중처벌·특정경제범죄 가중처벌·마약류관리·보건범죄단속 중 어느 하나에 규정된 죄로 2년 이상의 징역 또는 금고의 형이 확정된 경우
3) 최근 5년 이내에 대한민국 법률을 위반하여 징역 또는 금고의 형을 선고받고 확정된 형기의 합산기간이 3년 이상인 경우
4) 강제 퇴거 사유:
- 형법 내란·외환의 죄
- 살인·강간·강도·성폭력·마약류·특정범죄가중처벌·국가보안법·폭력행위·보건범죄 5년 이상 징역/금고 후 석방된 사람
- 출입국관리법 제12조의3 제1항·제2항 위반 또는 교사·방조
5) 국가안보, 외교관계 및 국민경제 등에 있어서 대한민국의 국익에 반하는 행위를 한 경우","생계유지능력요건 면제
""부득이한 사유""로 영주자격이 상실된 사람은 영주자격으로의 체류자격변경 가능:
- 감염병, 천재지변과 같은 불가항력의 사유
- 급작스런 질병, 사고 등
- 항공기, 선박 등의 결항 또는 지연으로 입국한 날이 재입국허가 면제 또는 허가기간보다 10일을 초과하지 않은 경우
- 그 밖에 부득이한 사유로 허가기간 만료일로부터 6개월 이내에 입국한 경우
영주(F-5) 자격자의 동반 가족은 체류기간이 2년 미만일 경우, 거주(F-2) 자격 부여 대상
위 '패스트트랙'과 상관없이, 연구 실적 등이 「국적법 시행령」의 ""우수 인재 고시""에서 정한 요건을 충족하는 경우 즉시 특별귀화 가능
요건을 현저히 충족하지 못한 경우 국적심의위원회 심의·의결 전에 불허 가능(「국적법」 제22조 제2항 단서)
소득요건 없음",,,"필수항목 총 245점:
- 세계적 저명 인사 (50점): 전직 국가원수/국제기구 전직대표 50점, 노벨상·퓰리처상·서울평화상·괴테상 등 수상자 40점
- 세계적 연구실적 (30점): SCI/SCIE/SSCI/A&HCI 논문 게재 + 정교수/연구 경력
- 세계적 스포츠 스타 (30점): 올림픽 동메달 이상 30점, 세계선수권/아시안게임 동메달 이상 20점
- 세계적 대학 강의 경력 (30점): QS/THE/ARWU/CWUR 200대 대학 근무
- 세계적 기업 근무경력 (30점): UNCTAD/FORTUNE/FORBES/BUSINESS WEEK/ECONOMIST 세계 500대 기업
- 대기업 근무경력 (25점): 국내 상시 근로자 300인 이상, 자본금 80억 초과 기업
- 지식재산권 보유 (25점): 특허권 2개 이상 25점, 1개 20점, 실용신안권/디자인권 1개 이상 + 사업체 운영경력 15점
- 우수 재능 보유 (25점)
선택항목 총 205점:
- 국내 연간소득 (30점): GNI 4배 이상 30점, 3배 이상 20점, 2배 이상 10점, GNI 이상 5점
- 국내자산 (30점): 10억원 이상 30점, 7억 이상 20점, 5억 이상 10점, 3억 이상 5점
- 학력 (20점): 박사 20점, 석사 15점, 학사 10점
- 기본소양 (15점): 사회통합프로그램 5단계 이수 15점, 종합평가 합격 10점, 4단계 이수 8점, 3단계 이수 5점
- 가점 (110점): 국민 고용 5~30점, 경영 경력 5~30점, 추천서 20점, 납세 실적 10점, 사회 봉사 5/10점, 국내 유학 5점, 일·학습연계유학 5점
우수인재 가점 항목별 점수표【붙임 11】 적용
종합 점수표 8개 항목: 국민고용 / 납세실적 / 수출실적 / 사회기여 / 사회참여 / 국내유학 / 국내체류 / 추천서
각 항목별 최대 배점:
- 국민고용 (최대 40점) — 세부내역 및 입증자료 별첨
- 납세실적 (최대 30점) — 세부내역 및 입증자료 별첨
- 수출실적 (최대 30점) — 세부내역 및 입증자료 별첨
- 국내·외 학력 (최대 50점) — 입증자료 별첨
- 사회기여·기부 (최대 20점) — 세부내역 및 입증자료 별첨
- 추천서 (최대 15점) — 입증자료 별첨
- 사회봉사 (최대 15점) — 입증자료 별첨
- 장기간 합법 체류 (최대 10점)",최우수인재 본인에 한하여 1매 발급,,"추천서 가점: 헌법기관장, 중앙부처 장관(급), 국회의원, 광역자치단체장
가점 부여에 대한 최종적인 판단은 법무부 장관이 결정
관계부처 추천
추천권자: 국회사무총장/법원행정처장/헌법재판소사무처장/중앙행정기관의 장
재외공관의 장, 지방자치단체의 장, 4년제 대학의 총장
대한상공회의소 회장, 전국경제인연합회 회장, 한국무역협회 회장, 중소기업중앙회 회장
한국문화예술위원회 위원장, 한국콘텐츠진흥원 원장, 영화진흥위원회 위원장, 대한체육회 회장, 대한장애인체육회 회장
공기업/준정부기관/연구개발목적 공공기관의 장
다문화도시협의회 회원 도시의 장
대한장애인체육회 회장 추천 시 외국국적동포 기준 적용
추천서 항목 (최대 15점)
기관의 장 자격으로 작성·제출 (추천기관명·직인 필요)","특정분야 능력소유자에 대한 점수제 항목 및 점수 (필수 245점, 선택 205점)
국민고용 가점: 1~5명 5점, 6~10명 10점, 11~15명 15점, 16~20명 20점, 21~25명 25점, 26명 이상 30점
경영경력 가점: 자본금 1~5억 5점, 6~10억 10점, 11~15억 15점, 16~20억 20점, 21~25억 25점, 26억 이상 30점
최우수인재 비자 단계별 전환 (D-10/E-7 → F-2 → F-5)
출입국 우대카드 발급 절차 4단계 (신청 → 접수·발급의뢰 → 발급 → 송부)
우수인재 특별귀화 절차 6단계
우수인재 가점 항목별 점수표 — 국민고용/납세/수출/학력/사회기여/추천/봉사/장기체류 등 8개 항목 가점
국민고용 40 / 납세실적 30 / 수출실적 30 / 학력 50 / 사회기여·기부 20 / 추천서 15 / 사회봉사 15 / 장기간 합법 체류 10",,260504 사증민원 자격별 안내 매뉴얼.hwp,p. 307,"data/parsed/raw/visa_manual.md:4723-4753
data/parsed/raw/visa_manual.md:6182-6796
data/parsed/raw/visa_manual.md:7049-7497
data/parsed/raw/visa_manual.md:7498-8282
data/parsed/raw/visa_manual.md:8283-8657
data/parsed/raw/visa_manual.md:8658-8869","D-7, D-8, E-7, F-2, F-4, H-2, F-2-T, E-7-T, D-10-T, D-10, F-3, F-2-7S, F-5-S1","영주, 영주자격, 영주권, 장기체류, 고액투자, 외국인투자, 국민고용, 특정분야 능력소유자","1. 대한민국 「민법」에 따른 성년으로서 별표 1의2 중 10. 주재(D-7)부터 20. 특정활동(E-7)까지의 체류자격이나 별표 1의2 중 24. 거주(F-2) 체류자격으로 5년 이상 대한민국에 체류하고 있는 사람
2. 국민 또는 영주자격(F-5)을 가진 사람의 배우자 또는 미성년 자녀로서 대한민국에 2년 이상 체류하고 있는 사람
3. 「외국인투자 촉진법」에 따라 미화 50만 달러를 투자한 외국인투자가로서 5명 이상의 국민을 고용하고 있는 사람

1. 고액투자외국인에 대한 영주사증 발급
가. 대상(출입국관리법 시행령 별표 1의3의 3호)
영주자격 신청 시 외국인투자촉진법에 따라 미화 50만 불 이상을 투자한 외국투자가로 국민을 5인 이상 고용한 자

2. 특정분야의 능력소유자에 대한 영주사증 발급 : 법무부장관 승인 필요
가. 대상(출입국관리법 시행령 별표1의3 9호)
과학․경영․교육․문화예술․체육 등 특정 분야에서 탁월한 능력이 있는 사람 중 법무부장관이 인정하는 사람
나. 요건(생계유지능력요건 면제)

상실사유
○ 재입국면제 기간(출국한 날부터 2년 이내) 또는 재입국허가 기간까지 대한민국에 미입국한 경우
취소사유
1) 거짓이나 그 밖의 부정한 방법으로 영주자격을 취득한 경우
○ 영주증 유효기간 : 발급일로부터 10년

- `최우수인재 거주(F-2)' 자격으로 3년 경과, GNI 3배 이상 유지, 사회통합프로그램(KIIP) 3단계 이수 등 요건 충족 시 최우수인재 영주(F-5) 자격 부여

❍ (대상) 배우자 및 미성년 자녀
- 구직(D-10)․특정활동(E-7) 자격은 동반(F-3) 부여
- 거주(F-2) 및 영주(F-5) 자격은 최우수인재와 동일하게 각각 거주(F-2), 영주(F-5) 부여 원칙

❍ (대상) 관계부처가 최우수인재로 추천한 사람으로서 입국 이후 외국인등록을 마친 사람
❍ (혜택) 출입국 우대심사대 및 공항 보안검색 전용통로 이용을 통한 간이한 출입국절차 적용
❍ (유효기간) 발급일로부터 3년 이내

❍ K-STAR 거주(F-2-7S) 자격 및 K-STAR 영주(F-5-S1)를 거쳐 우수인재 평가기준을 충족한 사람으로서 국적심의위원회*에서 우수인재 특별귀화에 적합한 것으로 인정한 사람, 다음 ① ~ ③ 중 하나에 해당하는 사람
① 국회사무총장, 법원행정처장, 헌법재판소사무처장 또는 중앙행정기관의 장 등이 추천한 사람

❍ 국적심의위원회 심의·의결에 따라 '우수인재 특별귀화' 대상으로 적합할 것
❍ 국어능력과 대한민국의 풍습에 대한 이해 등 대한민국 국민으로서의 기본 소양(素養)을 갖추고 있을 것
❍ ｢국적법 시행규칙｣ 제3조(귀화허가 신청서의 서식 및 첨부서류)에 따른 서류 일체

① 전직 국가원수, 정부 수반 및 각료급 이상, 전직 국제기구 대표 등
② 노벨상, 퓰리처상, 괴테상, 공쿠르상, 맨부커상, 필즈상, 튜링상, 올림픽 동메달 이상 수상자 등

① 국내·외 4년제 대학에서 부교수 이상*으로 1년 이상 재직한 경력이 있거나 재직 중인 사람으로서 최근 5년 이내 SCI, SSCI, A&HCI 등에 등재된 학술지에 1편 이상 논문 게재 또는 KCI 등재된 학술지 등에 2편 이상 논문 게재
【패스트트랙 특례】
⑤ 우수인재 패스트트랙에 따라 예비 우수인재로서 출입국관리법 시행령 별표 1의2 24.거주(F-2) 자목 자격을 취득하였다가 점수제에 따른 영주(F-5) 자격을 취득한 자로서, SCI, SSCI, A&HCI 등에 등재된 학술지에 3편 이상 논문 게재

⑤ 국제적으로 권위있는 예술 전시회, 박람회, 공연, 영화제, 음악제 등에서 작품을 전시, 공연 또는 수상한 경력이 있는 자 또는 국제적으로 권위 있는 출판사, 음반사 등과 계약을 체결한 사람
⑤ 국제적으로 권위 있는 체육행사, 대회 등[예, 올림픽, 월드컵 축구(U대회 포함), 세계(주니어)선수권대회, 월드컵 대륙별·간(주니어)국제 대회, 페럴림픽]에 출전한 경력이 있는 선수 또는 지도자
일반외국인: GNI 2배 이상 / 외국국적동포: GNI 1.5배 이상

① FORTUNE, ECONOMIST 등 세계 유수 경제전문지가 최근 3년 이내 선정한 세계 300대 기업에서 3년 이상 근무한 경력이 있는 사람으로서 「독점규제 및 공정거래에 관한 법률」을 적용받는 대기업에서 사내이사로 상시 근무하거나 근무 예정이 확정된 사람
⑤ 「외국인투자촉진법」상 미화 50만달러 이상 투자한 외국인투자기업(개인 또는 법인)의 대표이사 이상의 직으로 국내 3년 이상 거주하고 납세실적 3억원 이상, 국민 30명 이상 고용하고 있는 사람

신산업 분야 또는 첨단기술 분야에서 2년 이상 경력이 있는 사람으로서 국내소재 기업 또는 연구기관에 고용된 사람
* 신산업 분야 : 시스템반도체, 바이오헬스, 미래차, 인공지능 등
** 첨단기술 분야: 신소재분야, IT, e-business, BT, NT, 수송기계, 환경·에너지, 디지털가전, 융·복합산업, 소프트웨어
국내·외 지식재산권(특허권, 실용신안권, 디자인권)을 보유하고 특허권 등으로 인한 총 소득이 1억원 이상인 사람
UN, WHO, OECD, IAEA, UNESCO 등의 국제기구에서 10년 이상 근무한 경력이 있거나 이에 준하는 수준의 자격을 갖춘 자

￭ 국민고용(최대 40점)
￭ 납세실적(최대 30점)
￭ 수출실적(최대 30점)
￭ 국내·외 학력(최대 50점)
￭ 사회기여·기부(최대 20점)
￭ 추천서(최대 15점)
￭ 사회봉사(최대 15점)
￭ 장기간 합법 체류(최대 10점)

￭ 추천받는 사람의 연구실적, 주요경력 등 우수인재 평가기준
해당여부를 사전에 검토·확인한 후 추천서를 상세하게 작성 하고, 기관의 종합의견 기재
￭ 추천서는 개인 자격이 아닌 기관의 장 자격으로 작성·제출","한국에 오래 살았는데 영주권 어떻게 받아요?
한국인이랑 결혼해서 자녀 있는데 영주자격 받을 수 있어요?
한국에서 박사학위 받으면 영주권 신청이 가능한가요?
영주자격은 체류기간 상한이 따로 있나요?",미검수,
F-6 (F-6-1),F-6,사증,사증발급,F-6-1,"국민의 배우자(F-6-1)에 대한 체류기간 90일 이하의 단수사증
국제결혼 안내프로그램 대상 국가
자녀양육(F-6-2)을 위해 입국하고자 하는 자에 대한 체류기간 90일 이하의 단수사증","F-6-1 (국민의 배우자): 한국에 혼인이 유효하게 성립되어 있고, 우리 국민과 결혼생활을 지속하기 위해 국내 체류를 하고자 하는 외국인
F-6-2 (자녀양육): 국민과 혼인관계(사실상의 혼인관계를 포함)에서 출생한 미성년 자녀를 혼인관계 단절 후 국내에서 양육하거나 양육하려는 부 또는 모
F-6-3 (혼인단절): 국민인 배우자와 혼인한 상태로 국내에 체류하던 중 그 배우자의 사망·실종, 그 밖에 자신에게 책임이 없는 사유로 정상적인 혼인관계를 유지할 수 없는 사람
국민과 혼인관계(사실상의 혼인관계 포함)에서 출생한 미성년 자녀를 양육하거나 양육하려는 부 또는 모","국민의 배우자
국민과 혼인관계(사실상의 혼인관계*를 포함한다)에서 출생한 자녀를 양육하고 있는 부 또는 모로서 법무부장관이 인정하는 사람
국민인 배우자와 혼인한 상태로 국내에 체류하던 중 그 배우자의 사망이나 실종, 그 밖에 자신에게 책임이 없는 사유로 정상적인 혼인관계를 유지할 수 없는 사람으로서 법무부장관이 인정하는 사람
2026년 기준 소득요건 (초청인 과거 1년간 연간소득 세전):
- 2인 가구 25,195,752원
- 3인 가구 32,154,216원
- 4인 가구 38,968,428원
- 5인 가구 45,340,314원
- 6인 가구 51,335,712원
- 7인 가구 57,090,900원
- 8인 가구 이상: 1인당 5,755,188원씩 증가","1. 기본서류
- 비자 신청서(사증발급 신청서)
- 여권용 사진 1매
- 신청인(외국인 배우자) 여권 원본 (잔여 유효기간 6개월 이상) 및 사본 1부
- 비자 신청 수수료
- 외국인 배우자 초청장 (한국인 배우자가 한글로 작성)
- 신원보증서
- 외국인 배우자의 결혼배경진술서 (외국인 배우자가 영어로 작성)
(한국인 배우자 준비 서류)
- 한국인 배우자 여권 사본 1부
- 기본증명서(상세), 혼인관계증명서(상세), 가족관계증명서(상세), 주민등록등본 (발급일로부터 3개월 이내)
- 국제결혼 안내프로그램 이수증
- 건강진단서 원본
(외국인 배우자 준비 서류)
- 결혼증명서 원본 (필요 시)
- 범죄경력증명서 원본 (발급일로부터 3개월 이내)
- 건강진단서 원본
- 해당 국가에 특별히 적용되는 서류 (예: 필리핀 CFO 교육이수증)
2. 한국인 배우자의 소득요건 관련 서류
- 소득금액증명 원본 (국세청 홈택스 또는 세무서 발급)
- 신용정보조회서 1부 (한국신용정보원)
- 근로/사업/기타소득/재산 활용 시 각각 입증서류
3. 외국인 배우자의 의사소통 요건 관련 서류 (택1)
- 한국교육원 한국어강좌 2단계 또는 세종학당 초급1A+1B 수료증 (120시간 이상)
- 한국어능력시험(TOPIK) 1급 이상
- 지정된 한국어 교육기관 이수증
- 한국어 관련 대학(원) 학위증
- 외국국적동포 입증서류
- 한국 1년 이상 체류 입증서류
4. 한국인 배우자의 주거요건 관련 서류
- 자가인 경우: 등기부등본
- 임대인 경우: 등기부등본 + 임대차계약서 사본 1부
5. 교제 입증 서류
- 교제 경위, 혼인의 진정성을 입증할 수 있는 서류 (5쪽 이내)
- 결혼중개업체를 통한 경우: 등록증 사본, 보증보험증권 사본, 계약서 사본
- 지인 소개의 경우: 소개자 신분증 사본
본국의 공적 서류는 협약국인 경우 아포스티유, 미체약국인 경우 영사확인 필요
번역자 확인서 필수 첨부
- 사증발급신청서 (별지 제17호 서식), 여권, 표준규격사진 1매, 수수료
- 가족(친자)관계 입증서류: 자녀의 기본증명서, 출생증명서, 유전자 검사 확인서류 등
- 자녀양육을 입증할 수 있는 서류: 양육권내용이 포함된 판결문 등, 자녀의 5촌 이내의 한국인 친척(부 또는 모 포함)의 양육 입증 확인서 등
- 범죄경력증명서 및 건강진단서
사실혼 관계에서 자녀가 출생한 경우 그 사실을 증명하는 서류","입국 후 90일 이내에 외국인등록 및 체류기간 연장
입국 후 90일 이내에 외국인등록 및 체류기간 연장 고지",,"1회 부여 체류기간의 상한 3년
체류기간 90일 이하의 단수사증 (미국인은 복수사증)","사실혼은 주관적으로 혼인의 의사가 있고, 또 객관적으로는 사회통념상 가족질서의 면에서 부부공동생활을 인정할 만한 실체가 있는 경우에 성립
혼인의사 없이 단순 동거를 한 경우, 법률상 보호를 받을 수 없는 중혼적 사실혼 관계인 경우에는 사실혼 관계로 볼 수 없음","소득요건 면제: ① 부부 사이에 태어난 자녀가 있는 경우 ② 비자 신청일로부터 1년 이상 외국에서 동거 ③ 과거 외국인 배우자가 F-6 자격으로 한국 체류한 적이 있는 경우
의사소통 면제: ① 부부 사이에 태어난 자녀가 있는 경우 ② 과거 F-6 자격으로 체류한 적이 있는 경우
국제결혼안내프로그램 면제: ① 외국인 배우자 국가에서 6개월 이상 또는 제3국 장기사증 계속 체류로 교제 입증 ② 외국인 배우자가 91일 이상 합법 체류로 교제 입증 ③ 임신, 출산, 인도적 고려
소개 경위 서류 면제: ① 자녀 있음 ② 과거 F-6 체류 경험",,,,,한국인 배우자가 한글로 외국인 배우자 초청장 작성 및 소득·주거·의사소통 요건 입증,재외공관장은 특히 필요하다고 인정되는 경우 제출서류 일부 가감 및 추가 서류 징구 가능,결혼이민 사증 제출서류 및 소득요건 (2026년 기준),,260504 사증민원 자격별 안내 매뉴얼.hwp,p. 313,data/parsed/raw/visa_manual.md:4723-4753,,"결혼이민, 국민의 배우자, 자녀양육, 혼인단절, 국제결혼 안내프로그램, 소득요건, 의사소통 요건, 친자관계","국민의 배우자
국민과 혼인관계(사실상의 혼인관계*를 포함한다)에서 출생한 자녀를 양육하고 있는 부 또는 모로서 법무부장관이 인정하는 사람
국민인 배우자와 혼인한 상태로 국내에 체류하던 중 그 배우자의 사망이나 실종, 그 밖에 자신에게 책임이 없는 사유로 정상적인 혼인관계를 유지할 수 없는 사람으로서 법무부장관이 인정하는 사람

1. 국민의 배우자(F-6-1)에 대한 체류기간 90일 이하의 단수사증 발급
(단, 미국인에 대해서는 복수사증 발급)
☞ 입국 후 90일 이내에 외국인등록 및 체류기간 연장
가. 국제결혼 안내프로그램 대상 국가

2. 자녀양육 (F-6-2)을 위해 입국하고자 하는 자에 대한 체류기간 90일 이하의 단수사증 발급
② 가족(친자)관계 입증서류
- 자녀의 기본증명서, 출생증명서, 유전자 검사 확인서류 등 가족관계를 확인할 수 있는 서류
③ 자녀양육을 입증할 수 있는 서류
- 양육권내용이 포함된 판결문 등, 자녀의 5촌 이내의 한국인 친척(부 또는 모 포함)의 양육 입증 확인서 등 기타 이에 준하는 서류","한국인이랑 결혼했는데 어떤 비자 받아야 해요?
한국인 배우자와 사별했는데 한국에서 계속 살 수 있어요?
한국인이랑 결혼해서 낳은 아이를 한국에서 키우려면 어떤 비자가 필요해요?
사실혼 관계도 결혼이민 비자 받을 수 있어요?",미검수,
G-1 (C-3-3),G-1,사증,사증발급,C-3-3,"외국인 환자 유치기관의 초청을 받지 않고, 국내 의료기관에서 진료 또는 요양할 목적으로 입국하고자 하는 외국인 환자
외국인 환자의 간병 등을 위해 동반입국이 필요한 배우자 등 동반가족 및 간병인",,"외교(A-1)부터 결혼이민(F-6)까지, 관광취업(H-1) 또는 방문취업(H-2) 체류자격에 해당하지 않는 사람으로서 법무부장관이 인정하는 사람
국내 병원과 송출국가간 환자송출계약을 체결하고 송출국가에서 진료비 등을 지원하는 외국인환자에 대하여 간병인 동반입국 허용","- 사증발급신청서 (별지 제17호 서식), 여권, 표준규격사진 1매, 수수료
- 국·내외 의료기관 또는 요양기관에서 발급한 치료 또는 요양을 소명할 수 있는 병원진단서, 의사소견서 등 입증자료
- 국내 의료기관 또는 요양기관에서 치료 또는 요양관련 예약 입증자료
- 치료비·체재비 등 부담능력 또는 재정능력 입증서류
- 가족관계 및 간병인 입증서류",,,"1회 부여 체류기간의 상한 1년
의료관광(C-3-3) 단수사증","외교(A-1) 내지 결혼이민(F-6), 관광취업(H-1) 및 방문취업(H-2) 자격에 해당하는 활동은 G-1 활동범위에서 제외",,,,,,,"재외공관장은 초청의 진정성, 초청자 및 피초청자의 자격 확인 등을 심사하기 위해 추가 서류를 요구할 수 있음",,,260504 사증민원 자격별 안내 매뉴얼.hwp,p. 323,data/parsed/raw/visa_manual.md:4754-5320,"A-1, F-6, H-1, H-2","기타, 잔여 자격, 인도적 체류, 의료관광, 외국인 환자, 간병인","외교(A-1)부터 결혼이민(F-6)까지, 관광취업(H-1) 또는 방문취업(H-2) 체류자격에 해당하지 않는 사람으로서 법무부장관이 인정하는 사람

1. 외국인 환자에 대한 의료관광(C-3-3) 단수사증 발급
가. 발급 대상
외국인 환자 유치기관의 초청을 받지 않고, 국내 의료기관에서 진료 또는 요양할 목적으로 입국하고자 하는 외국인 환자
외국인 환자의 간병 등을 위해 동반입국이 필요한 배우자 등 동반가족 및 간병인","다른 비자에 안 맞는 경우에는 어떤 체류자격을 받을 수 있어요?
기타 체류자격은 얼마나 머물 수 있어요?
한국에서 치료받으러 오는데 어떤 비자 받아야 해요?
외국인 환자 의료관광 비자 신청할 때 무슨 서류가 필요해요?",미검수,
"G-1 (C-3-3, G-1-10)",G-1,사증,사증발급인정서,"C-3-3, G-1-10","외국인 환자 유치기관의 초청에 의해 국내 의료기관에서 진료 또는 요양할 목적으로 입국하고자 하는 외국인 환자
외국인 환자의 간병 등을 위해 동반입국이 필요한 배우자 등 동반 가족 및 간병인
초청자: 「의료법」상 외국인 환자 유치의료기관 또는 유치업자로 등록한 자
외국인환자 유치기관",,,"- 사증발급인정신청서 (별지 제21호 서식), 여권사본, 표준규격사진 1매
- 의료기관에서 발급한 의료목적 입증서류
- 치료 및 체류 비용 조달 능력을 입증할 수 있는 서류
- 사업자등록증 사본 및 유치기관 등록증 사본
- 동반가족 입증서류 및 간병인 입증서류
동반가족 입증 서류: 본국 또는 국내 소재 본국대사관에서 발행한 가족관계 확인서류 (결혼증명서, 가족관계기록사항에 관한 증명서 또는 출생증명서 등)","외국인 환자(가족) 초청은 유치기관으로 등록한 초청자가 온라인(대한민국 비자포털)신청을 통해서만 허용
신청기관: 초청자의 사업장 소재지 관할 출입국·외국인청(사무소·출장소)",,,"회원자격 정지 및 취소, 회원 재가입 제한
출입국관리법 위반 범칙금:
- 101~300만원: 1월 정지
- 301~500만원: 3월 정지
- 501만원 이상 통고처분 또는 고발: 회원자격 취소
고액 부당 수수료 요구: 1회 적발 1월 정지, 2회 적발 회원자격 취소
개인정보 누설: 1회 적발 1월 정지, 2회 적발 회원자격 취소
허위서류 제출 (출입국관리법 제7조의2 또는 제26조 위반): 과실 1월 정지, 고의적 회원자격 취소
유치기관 등록 취소: 보건복지부장관이 유치기관 등록을 취소한 경우
불법체류율에 따른 제재 (최근 6개월 기준):
- 입국인원 1~10명: 1명 발생 서면경고, 2명 1월 정지, 3명 3월 정지, 4명 이상 회원자격 취소
- 11~20명: 2명 서면경고, 3명 1월 정지, 4명 3월 정지, 5명 이상 회원자격 취소
- 21명 이상: 불법체류율 5~15% 서면경고, 16~20% 1월 정지, 21~30% 3월 정지, 31% 이상 회원자격 취소
회원자격이 취소된 유치기관은 취소일로부터 2년간 재가입 제한","유치기관이 피초청인에 대하여 신원보증을 하는 경우 치료 및 체류 비용 조달 능력 서류 제출 생략
대한민국비자포털을 통해 유치기관으로 등록한 경우 사업자등록증 등 생략
취소사유가 있더라도 사무소장이 인정하는 경우 본부 승인을 받아 회원자격 취소 면제 가능
보건복지부장관이 등록을 취소하였으나 유치기관등록증을 재발급받은 경우 등록증 발급일부터 회원자격 다시 부여",,,,,외국인 환자 유치의료기관 또는 외국인 환자 유치업자가 초청,,의료관광 유치기관 행정제재 기준 (불법체류율 및 위반 종류별),,260504 사증민원 자격별 안내 매뉴얼.hwp,p. 323~324,data/parsed/raw/visa_manual.md:4754-5320,"C-3-3, G-1-10","외국인환자, 사증발급인정서, 유치기관, 의료관광, 행정제재, 회원자격 취소, 불법체류율","1. 외국인환자(C-3-3, G-1-10)에 대한 사증발급인정서 발급
가. 신청대상
외국인 환자 유치기관의 초청에 의해 국내 의료기관에서 진료 또는 요양 할 목적으로 입국하고자 하는 외국인 환자
외국인 환자의 간병 등을 위해 동반입국이 필요한 배우자 등 동반 가족* 및 간병인

1. 회원자격 정지 및 취소, 회원 재가입 제한
가. 일반적 행정제재
회원자격이 취소된 유치기관은 취소일로부터 2년간 재가입 제한
2. 불법체류자 발생에 따른 초청자의 행정제재","외국인 환자가 유치기관 초청으로 한국 오려면 사증발급인정서 어떻게 신청해요?
유치기관은 누가 등록할 수 있어요?
환자 가족이나 간병인도 같이 사증발급인정서를 받을 수 있나요?
의료관광 유치기관이 위반하면 어떤 제재를 받아요?",미검수,
H-1,H-1,사증,사증발급,,,,"대한민국과 관광취업에 관한 협정이나 양해각서를 체결한 국가의 국민으로서 관광을 주된 목적으로 하면서 이에 수반되는 관광경비 충당을 위하여 단기간 취업 활동을 하려는 자
취업 형태: 계약직, 시간제 아르바이트 등 고용형태와 무관
국가별 취업기간 및 최대 취업 가능 시간:
- 이스라엘: 3개월, 1주 25시간, 최대 300시간
- 호주, 이탈리아, 벨기에: 6개월, 1주 25시간, 최대 625시간
- 덴마크: 9개월, 1주 25시간, 최대 950시간
- 캐나다: H-1 체류기간, 1주 40시간, 최대 2,080시간
- 그 외: H-1 체류기간, 1주 25시간, 최대 1,300시간","- 사증발급신청서, 사진, 여권, 왕복항공권 (왕복항공권이 없는 경우 상당금액 예치서류 인정)
- 예금잔고증명서 등 일정기간(3개월) 체류할 수 있는 경비 입증서류
- 범죄경력증명서, 건강진단서 (상호주의에 따라 제출 여부 결정)
- 보험증서
- 재학증명서 또는 최종학력증명서 (단, 미국은 한-미 WEST 프로그램 양해각서에 따름)
- 관광취업 활동계획서 (대략적인 내용도 가능하며 인터뷰 등을 통하여 확인된 경우에는 제출 생략 가능)
기타 재외공관장이 필요하다고 인정하는 서류","신청기관: 협정체결국을 관할하는 재외공관
오스트리아 국민은 협정에 따라 주일본 대사관, 주중국 대사관, 주상하이 총영사관, 주홍콩 총영사관, 주타이베이 대표부에서 사증발급 신청 가능","상대 국가에서 우리나라 국민에게 수수료(워킹홀리데이 사증 관련)를 징수할 경우 상호주의에 따라 상대 국가 국민에게도 수수료 징수
2018년 기준 일본, 프랑스, 칠레, 홍콩, 스페인은 우리나라 국민에게 워킹홀리데이 사증 심사 수수료를 받지 않고 있어, 해당국가 국민에게도 동일하게 사증 심사수수료 면제","협정상의 체류기간 (국가별 상이)
국가별 사증종류, 유효기간, 체류기간:
- 홍콩: H-1(복수), 유효기간 3개월, 체류기간 1년
- 일본: H-1(단수), 유효기간 1년, 체류기간 1년
- 미국: H-1(복수), 유효기간 1년 6개월, 체류기간 1년 6개월
- 캐나다, 영국: H-1(복수), 유효기간 2년(24개월), 체류기간 2년(24개월)
- 그 외 국가: H-1(복수), 유효기간 1년, 체류기간 1년","취업 제한 직종 (E-1 ~ E-7자격):
- 접객원, 무용수, 가수, 악사, 곡예사 등 유흥접객업소 종사 직종 (E-6)
- 의사, 변호사, 교수, 항공기조종사, 회화강사 등 전문 직종과 E-7 직종
- 사행행위, 단란주점, 유흥주점, 풍속영업 등 선량한 풍속에 반하는 업종
- 청소년 출입·고용 금지 업소 (키스방, 대딸방, 전립선마사지, 유리방, 성인PC방, 휴게텔, 인형체험방 등)
- 학원의 설립·운영 및 과외교습에 관한 법률에서 규정하고 있는 개인과외 교습 행위
학업 제한:
- D-2(유학)활동에 해당하는 정규 학업과정 불가
- 외국어 교육 보조 활동을 겸하면서 행하는 학업 불가 (예: 회화지도 활동)
국가별 학업기간 제한:
- 호주: 4개월
- 캐나다, 아일랜드, 덴마크, 홍콩, 오스트리아, 이스라엘, 벨기에, 뉴질랜드: 6개월
- 그 외: H-1 체류기간","호주, 일본은 협정문상 18~25세이나 상호협의에 따라 30세 이하로 확대
상대 국가에서 우리나라 국민에게 범죄경력증명서를 요구하지 않는 나라(호주, 홍콩, 체코, 폴란드)는 범죄경력증명서 요구 생략 및 인터뷰/진술서로 대체 가능
상대 국가에서 건강검진 서류 요구하지 않는 경우 인터뷰로 대체 가능
대한민국 내 보장이 가능한 의료보험 가입자는 신체 건강한 사람으로 간주",,,,"국가별 사증발급 수량(쿼터):
- 호주, 독일, 스웨덴, 덴마크, 무제한
- 캐나다 12,000명
- 영국 5,000명
- 뉴질랜드 3,000명, 일본 10,000명
- 미국, 프랑스 2,000명
- 스페인 1,000명
- 아일랜드, 홍콩 1,000/800명
- 대만 800명, 이탈리아 500명, 체코 300명, 오스트리아 300명, 헝가리 100명
- 이스라엘, 네덜란드, 포르투갈, 벨기에, 폴란드, 아르헨티나 200명
- 칠레 100명, 안도라 50명",,,"협정체결 국가별 사증종류·유효기간·체류기간·쿼터
국가별 워킹홀리데이 취업·학업 기간 및 추가 요건",,260504 사증민원 자격별 안내 매뉴얼.hwp,p. 330,data/parsed/raw/visa_manual.md:4754-5320,"D-2, E-1, E-6, E-7","관광취업, 워킹홀리데이, 협정국가, 국가별 쿼터, 유효기간, 활동계획서, 왕복항공권, 연령제한","대한민국과 관광취업에 관한 협정이나 양해각서를 체결한 국가의 국민 으로서 관광을 주된 목적으로 하면서 이에 수반되는 관광경비 충당을 위하여 단기간 취업 활동을 하려는 자

협정체결 국가별 사증종류, 유효기간, 체류기간
홍 콩 H-1(복수) 3개월 1년
일 본 H-1(단수) 1년 1년
미 국 H-1(복수) 1년 6개월 1년 6개월
캐나다, 영국 H-1(복수) 2년(24개월) 2년(24개월)

❍ 사증발급신청서, 사진, 여권, 왕복항공권
❍ 왕복항공권이 없는 경우 상당금액 예치서류 인정
❍ 예금잔고증명서 등 일정기간(3개월) 체류할 수 있는 경비 입증서류
❍ 범죄경력증명서, 건강진단서
❍ 보험증서

가. 협정국가 국민일 것
다. 사증발급 신청시 18세 이상 30세 이하일 것
바. 의료보험 등에 가입할 것
○ 대한민국 체류기간 중 보장액 4,000만원 이상 의료보험 등에 가입
아. 관광취업프로그램에 참여한 경험이 없을 것","워킹홀리데이 비자는 어떤 나라 사람이 받을 수 있어요?
관광취업 비자는 어디서 신청해요?
워킹홀리데이 비자 수수료는 얼마예요?
나라마다 워킹홀리데이 비자 유효기간이 다르나요?",미검수,
H-2,H-2,사증,사증발급,,외국인이 단순노무업종에서 취업할 가능성이 있는 사증 신청자,,,"기업대표 신원보증서 (피보증인 인적사항 + 신원보증인 정보):
1. 피보증인(소속직원) 인적사항:
- 국적, 성명(영문/한자), 생년월일, 성별
- 직위, 학력, 재직기간, 전화번호, 거주국 주소
2. 신원보증인(기업대표):
- 국적, 성명, 생년월일, 체류자격
- 회사명, 자본금, 직원 수, 전화번호, 회사 소재지
3. 보증내용: 피보증인이 단순노무업종에서 취업할 경우 체류허가 취소 및 입국제한 조치에 대해 이의 제기 불가
- 신원보증인 서명 또는 인",법무부장관에게 제출,,,"'26. 2. 12.부터 방문취업(H-2)과 재외동포(F-4)로 이원화된 동포 체류자격을 재외동포(F-4) 자격으로 통합하여 중국 및 CIS 지역 동포들에게도 재외동포(F-4) 사증을 발급하고, 방문취업(H-2) 사증의 신규 발급을 중단합니다.
다른 체류자격에서 방문취업(H-2) 자격으로 자격변경할 수 없음
H-2 취업 활동 제외업종 (한국표준산업분류 기준):
E. 수도, 하수 및 폐기물 처리, 원료 재생업:
- ① 수도업(36): 제외
- ② 환경 정화 및 복원업(39): 제외
- 단, 하수·폐수·분뇨 처리업(37)과 폐기물 수집·운반·처리·원료 재생업(38)은 허용
G. 도매 및 소매업:
- ③ 자동차 및 부품 판매업(45): 제외
- 단, 도매 및 상품 중개업(46), 소매업(47)은 허용
H. 운수 및 창고업:
- ④ 육상 운송 및 파이프라인 운송업(49): 제외, 단 육상 여객 운송업(492), 택배업(49401, 택배서비스사업체 하역·적재 단순종사원에 한함) 허용
- ⑤ 수상 운송업(50), ⑥ 항공 운송업(51): 제외
- ⑦ 창고 및 운송 관련 서비스업(52): 제외, 단 냉장·냉동창고업(내륙 한정), 물류 터미널 운영업(하역·적재 단순종사원), 기타 항공 운송지원 서비스업(하역·적재), 항공·육상 화물 취급업(식육 운반/택배 하역·적재) 허용
J. 정보통신업:
- ⑧ 출판업(58): 제외, 단 서적·잡지·기타 인쇄물 출판업(581)은 허용
- ⑨ 우편 및 통신업(61), ⑩ 컴퓨터 프로그래밍·시스템 통합 및 관리업(62), ⑪ 정보서비스업(63): 제외
- 단, 영상·오디오 기록물 제작 및 배급업(59), 방송 및 영상·오디오물 제공 서비스업(60)은 허용
K. 금융 및 보험업:
- ⑫ 금융업(64), ⑬ 보험업(65), ⑭ 금융 및 보험관련 서비스업(66): 제외
L. 부동산업(68): 제외
M. 전문, 과학 및 기술 서비스업:
- ⑯ 연구개발업(70), ⑰ 전문 서비스업(71), ⑱ 건축기술·엔지니어링 및 기타 과학기술서비스업(72): 제외
- 단, 기타 전문, 과학 및 기술 서비스업(73)은 허용
N. 사업시설 관리, 사업 지원 및 임대 서비스업:
- ⑲ 사업시설 관리 및 조경 서비스업(74): 제외, 단 사업시설 유지·관리 서비스업(741)과 건물·산업설비 청소업(7421)은 허용
- ⑳ 고용 알선 및 인력 공급업(751): 제외, 단 가사서비스 제공기관 취업은 허용
- 단, 여행사·기타 여행보조 서비스업(752), 경비·경호 및 탐정업(753), 기타 사업 지원 서비스업(759), 임대업; 부동산 제외(76)는 허용
O. ㉑ 공공 행정, 국방 및 사회보장 행정(84): 제외
P. ㉒ 교육 서비스업(85): 제외
U. ㉓ 국제 및 외국기관(99): 제외
허용 산업분류 (제외업종에 포함되지 않은 산업):
- I. 숙박 및 음식점업(55~56)
- Q. 보건업 및 사회복지 서비스업(86~87)
- R. 예술, 스포츠 및 여가관련 서비스업(90~91)
- S. 협회 및 단체, 수리 및 기타 개인 서비스업(94~96)
- T. 가구 내 고용활동 및 달리 분류되지 않은 자가소비 생산활동(97~98)","기존에 방문취업(H-2) 사증을 받은 동포에게는 외국인 등록을 하면 체류기간 최대 3년이 부여되며, 일정한 요건을 충족할 경우 허용범위 내에서 체류기간 연장이 가능
취업 목적: 고용부 ""취업기간 만료자 취업활동 기간연장"" 확인서 받은 경우 추가 1년 10개월 연장",,,,,"방문취업(H-2)의 취업활동은 가능업종의 고용주가 「외국인근로자의 고용에 관한 법률」 제12조에 따라 내국인 구인노력을 하고 특례고용가능확인을 받아 방문취업(H-2) 동포를 고용한 경우에 한함
신원보증인은 기업대표로서 피보증인(소속 직원)의 단순노무 취업 시 체류허가 취소 및 입국제한 조치에 동의",,"H-2 방문취업 서비스업 허용 제외업종 일람 (대분류 E, G, H, J, K, L, M, N, O, P, U)",,260504 사증민원 자격별 안내 매뉴얼.hwp,p. 416,"data/parsed/raw/visa_manual.md:5321-6181
data/parsed/raw/visa_manual.md:6797-7048",F-4,"방문취업, 신규 발급 중단, 동포 체류자격 통합, F-4 통합, 취업 제외업종, 한국표준산업분류, 단순노무, 특례고용가능확인","□ 동포 체류자격 통합에 따라 방문취업(H-2) 사증의 신규 발급 중단
○ '26. 2. 12.부터 방문취업(H-2)과 재외동포(F-4)로 이원화된 동포 체류자격을 재외동포(F-4) 자격으로 통합하여 중국 및 CIS 지역 동포들에게도 재외동포(F-4) 사증을 발급하고, 방문취업(H-2) 사증의 신규 발급을 중단합니다.

2. 서비스업 (허용 제외업종 지정)
❍ 다음 산업 분야에서의 활동을 제외
【주의】 방문취업(H-2)의 취업활동은 가능업종의 고용주가 「외국인근로자의 고용에 관한 법률」 제12조에 따라 내국인 구인노력을 하고 특례고용가능확인을 받아 방문취업(H-2) 동포를 고용한 경우에 한하며, 취업개시일로부터 15일 이내 방문취업(H-2) 자격자가 취업개시신고를 하거나 고용주가 근로개시신고를 하여야 함

1. 피보증인(소속직원) 인적사항
2. 신원보증인(기업대표)
3. 보증내용
○ 신원보증인은 위 피보증인(소속 직원)이 대한민국에 입국하여 단순노무업종에서 취업할 경우 출입국관리법 상 체류허가 취소 및 입국제한 조치에 대해 이의를 제기하지 아니함","방문취업 비자는 이제 새로 발급 안 되나요?
중국 동포가 한국에서 일하고 싶으면 어떤 비자 받아야 해요?
기존 방문취업 비자 가진 사람은 어떻게 되나요?
방문취업 비자로 어떤 업종에서는 일 못 해요?",미검수,
H-2,H-2,사증,외국인등록,,'26. 2. 12. 이전 방문취업(H-2) 사증을 발급받아 국내에 입국한 동포,,,"- 한국어능력 입증서류 (별첨 2)
- 해외 범죄경력증명서 (별첨 1)
- 여권, 천연색 사진 1매(6개월 이내 촬영), 외국인등록신청서, 수수료, 조기적응프로그램 교육 이수증
- 법무부 지정 병원에서 발급한 건강진단서 (별첨 4)
- 유학생 부모의 경우: 유학자격 소지자의 재학증명서 및 외국인등록증 사본 (유학생과 동반신청시 제출 생략)",방문취업 사증으로 입국한 동포는 입국일로부터 90일 이내에 체류지 관할 출입국·외국인청(사무소·출장소)에 외국인등록 신고,,"외국인등록 시 체류기간 최대 3년 부여
한국어능력 입증서류를 제출한 경우에 한하여 체류기간 3년 부여, 미제출 시 체류기간 1년 부여",,"종전, 취업희망 방문취업자가 취업교육 시 받았던 건강진단은 생략 (중복 방지)",,,,,,,,,260504 사증민원 자격별 안내 매뉴얼.hwp,p. 379,data/parsed/raw/visa_manual.md:5321-6181,F-4,"방문취업, 외국인등록, 한국어능력, 건강진단서, 조기적응프로그램","○ 방문취업 사증으로 입국한 동포는 입국일로부터 90일 이내에 체류지 관할 출입국ㆍ외국인청(사무소ㆍ출장소)에 아래 서류를 준비하여 외국인등록을 신고하시면 됩니다.
⇒ 여권, 천연색 사진 1매(6개월 이내 촬영), 외국인등록신청서, 수수료, 조기적응프로그램 교육 이수증
※ 한국어능력 입증서류를 제출한 경우에 한하여 체류기간 3년을 부여하고, 한국어능력 입증서류를 제출하지 않는 경우 체류기간 1년 부여","방문취업 비자로 입국하면 외국인등록은 언제까지 해야 해요?
외국인등록할 때 어떤 서류를 가져가야 해요?
한국어 시험 점수가 있으면 체류기간이 더 길어지나요?",미검수,
H-2,H-2,사증,고용변동 신고,,"방문취업 허용업종에 최초 취업을 개시한 방문취업(H-2) 자격 소지자
최초 취업개시 후 근무처를 변경한 방문취업(H-2) 자격 소지자",,,"- 특례고용가능확인서 사본
- 표준근로계약서 사본
- 사업자등록증 사본","신고시기:
- 최초로 취업을 개시한 경우: 취업을 개시한 날로부터 15일 이내
- 근무처를 변경한 경우: 근무처를 변경한 날로부터 15일 이내
신고방법:
- 사전예약, 인터넷 신고 또는 팩스신고, 대행신고 가능
- 인터넷 신고: 【Hi-korea】> 전자민원 > 민원사무명 【H-2의 취업개시신고 또는 근무처변경신고】
- 팩스 신고: 방문취업 동포 취업개시 등 신고서를 작성, 대표 팩스번호(1577-1346)로 송부
- 대행신고: 청(사무소·출장소)에 등록된 대행사를 통해 신청
'14.10.13. 이후 법무부와 고용노동부의 취업개시 및 근로개시 신고방식 일원화에 따라 고용노동부에서 전송된 취업개시신고 인정",,,신고의무를 위반한 자는 출입국관리법 제100조제2항에 의거 100만원 이하 과태료 부과대상,,,,,,"사용자는 내국인 구인노력(15일간) 등을 하였음에도 인력을 채용하지 못한 경우, 고용노동부 고용지원센터에 ""특례고용가능확인서"" 발급 신청
사용자는 고용지원센터의 ""외국인구직자 명부""에 등재된 자 중에서 ""특례고용가능확인서""에 기재된 허용인원의 범위 내에서 동포 고용",,,,260504 사증민원 자격별 안내 매뉴얼.hwp,p. 380~381,data/parsed/raw/visa_manual.md:5321-6181,,"방문취업, 취업개시신고, 근무처변경, 특례고용가능확인서, 표준근로계약서","○ 신고시기
- 최초로 취업을 개시한 경우 ⇒ 취업을 개시한 날로부터 15일 이내
- 근무처를 변경한 경우 ⇒ 근무처를 변경한 날로부터 15일 이내
○ 신고의무를 위반한 자는 다음과 같이 처벌을 받습니다.
- 출입국관리법 제100조제2항에 의거 100만원 이하 과태료 부과대상임","방문취업으로 일 시작하면 신고는 언제까지 해야 해요?
근무처가 바뀌면 어떻게 신고해요?
취업개시 신고 안 하면 어떻게 되나요?",미검수,
H-2,H-2,사증,체류기간 연장,,,,"고용부에서 ""취업기간 만료자 취업활동 기간연장 확인서""를 받은 경우 입국일(또는 체류자격변경허가일)로부터 4년 10개월 내에서 허가
(감염병 확산, 천재지변 등의 사유로 체류기간 직권 연장 시 6년 이내 연장 가능)
결핵(결핵의심 포함) 등 진단을 받았지만, 외국인등록을 하고 체류기간 연장허가를 신청할 경우에는 ""외국인 결핵환자 사증발급 및 체류관리 지침""에 따라 처리",,,,입국일로부터 4년 10개월 이내 (특별한 경우 6년 이내),"원칙적 기준: 초범은 범칙금 500만 원 이상, 재범은 최근 3년 이내 합산 금액이 700만원 이상이면 체류 불허 후 출국조치
최근 3년 이내에 3회 이상 범칙금 처분을 받은 경우 금액에 관계없이 체류불허 후 출국조치
취업 목적 외 방문취업 자격 소지자가 취업 활동을 한 경우 출입국관리법에 따라 범칙금 부과 가능",,,,,,,"고용부 ""취업기간 만료자 취업활동 기간연장 확인서"" 필요",,,260504 사증민원 자격별 안내 매뉴얼.hwp,p. 382,data/parsed/raw/visa_manual.md:5321-6181,,"방문취업, 체류기간 연장, 취업기간 만료, 4년 10개월","○ 고용부에서 ""취업기간 만료자 취업활동 기간연장 확인서""를 받은 경우 입국일(또는 체류자격변경허가일)로부터 4년 10개월 내에서 허가
○ (원칙적 기준) 초범은 범칙금 500만 원 이상, 재범은 최근 3년 이내 합산 금액이 700만원 이상이면 체류 불허 후 출국조치","방문취업 비자 연장은 최대 얼마까지 받을 수 있어요?
취업기간 만료자 확인서는 어디서 받아요?
벌금이 있으면 비자 연장이 안 되나요?",미검수,
"F-4 (F-4-41, F-4-42)",F-4,사증,사증발급,"F-4-41, F-4-42","외국국적동포
재외공관에서 재외동포(F-4) 사증을 신청하는 사람
국내에서 재외동포(F-4) 거소신고, 체류기간 연장 및 체류자격 변경허가를 신청하는 사람
재외동포(F-4) 자격 신청자",외국국적동포,"출생에 의하여 대한민국의 국적을 보유하였던 사람(대한민국정부 수립 전에 국외로 이주한 동포를 포함)으로서 외국국적을 취득한 사람 (F-4-41)
위에 해당하는 사람의 직계비속으로서 외국국적을 취득한 사람 (F-4-42)
동포 체류자격(F-4) 통합에 따라, 모든 국가에 동일한 기준을 적용하여 동포에게 재외동포(F-4) 체류자격을 부여
제출 대상:
- 재외공관에서 재외동포(F-4) 사증을 신청하는 사람
- 국내에서 재외동포(F-4), 영주(F-5) 자격으로 체류자격 변경허가, 외국인 등록 또는 거소신고를 신청하는 사람
제출 범위:
- 국적국
- 제3국 (신청일 기준 최근 5년 이내 1년 이상 연속 거주한 경우에 한함)
인증 절차:
- 아포스티유 협약 미가입국가: 범죄경력증명서 발급 국가 주재 대한민국 공관의 영사 확인
- 아포스티유 협약 가입국가: 범죄경력증명서 발급 국가의 권한있는 기관의 아포스티유 확인
유효기간: 사증발급 또는 체류자격 변경 신청일로부터 6개월 이내 발급된 서류
유효기간: 사회통합프로그램 사전평가 및 TOPIK 점수는 성적발표일로부터 2년 이내
영주(F-5) 자격변경시 제외 (별도 기준 적용)
출입국관리법 제18조제1항, 동법 시행령 제23조제3항, 동법 시행규칙 제27조의 2에 따라 「재외동포(F-4) 자격의 취업활동 제한범위 고시」(법무부 고시 제2026-35호, 2026.2.12.)에서 정한 제한 직업에 취업하지 않을 것을 서약
위반할 경우 범칙금 처분 및 체류기간 연장 불허 등 출입국관리법에 따른 처벌 가능","- 한국어능력 입증서류 (별첨 2)
- 해외 범죄경력증명서 (별첨 1)
- 가족관계기록사항에 관한 증명서, 제적등본, 호구부, 거민증 및 출생증명서 등으로 외국국적동포임을 증명하는 서류
F-4-41 (대한민국 국민이었던 자):
- 본인이 대한민국의 국민이었던 사실을 증명하는 서류 (가족관계기록사항에 관한 증명서, 제적등본 또는 폐쇄등록부 등)
- 외국국적을 취득한 원인 및 연월일을 증명하는 서류
F-4-42 (직계비속):
- 직계존속이 대한민국의 국민이었던 사실을 증명하는 서류
- 여권 등 본인과 직계존속의 외국국적 취득원인 및 연월일을 증명하는 서류
- 직계존비속의 관계임을 증명하는 서류(출생증명서 등)
- 범죄경력증명서 원본과 공증된 번역본 (번역자 인적사항·연락처 기재 및 신분증 사본 첨부)
- 범죄경력이 없는 경우: 번역본, 번역자 확인서(신청인 본인 불가) 및 번역자 신분증 사본으로 '공증된 번역본' 대신 제출 가능
- 발급기관: 제출 대상자의 국적국(제3국)에 소재하는 권한 있는 기관이 발급한 공적문서 (국적국/제3국 내 모든 범죄경력 포함)
- 미국: FBI본부의 범죄경력증명서 원칙, 주정부에서 발급한 미국 전역 포함 증명서도 인정
- 캐나다: 캐나다 연방경찰(RCMP) 지문 기반 범죄경력증명서(Certificated Criminal record checks)만 인정
- 중국: 발급기관·양식·명칭 통일되어 있지 않아 ""범죄경력 증명에 상응하는 모든 문서(파출소 발급본 포함)"" 인정
한국어능력 입증서류 (택1):
- 사회통합프로그램 사전평가 점수표 (21점 이상)
- 사회통합프로그램 교육확인서 (1단계 이수 이상)
- 한국어능력시험(TOPIK) 성적증명서 (1급 이상)
- 세종학당 수료증 (초급 1B 과정 이상)
재외동포(F-4) 취업활동 제한직업 비취업 서약서:
- 성명, 국적, 성별, 생년월일, 휴대전화
- 여권번호, 여권 발급일자, 여권 유효기간
- 대한민국 안의 주소
- 신청인 서명 또는 인
행정정보 공동이용 동의서:
- 신청인 서명
- 신청인의 배우자 서명 (해당자)
- 신청인의 부 또는 모 서명 (해당자)
서약서는 한글 또는 영문으로 작성",,,,"'18.5.1. 개정 재외동포법 시행으로 '18.5.1. 이후 최초로 대한민국 국적을 이탈하였거나 국적을 상실한 남성은 병역이행 또는 면제처분이 없으면 40세 되는 해 12월 31일까지 재외동포(F-4) 체류자격 부여 제한
재외동포(F-4) 자격부여 제한대상:
- 재외동포법 제5조 제2항 제1호 및 제2호에 해당하는 경우
- 「특정강력범죄의 처벌에 관한 특례법」제2조에서 규정한 특정강력범죄로 형을 선고받은 사람
- 사회적 중대범죄(마약, 보이스피싱, 상습(3회 이상) 음주운전)로 금고 이상의 형 선고
- 기타 범죄로 금고 이상의 형 선고 또는 집행유예 선고 후 5년 미경과
- 국내법 위반으로 선고받은 벌금 총액이 700만 원 이상인 사람으로 완납일로부터 3년이 경과하지 않은 사람
- 출입국관리법 위반으로 처분받은 범칙금 총액이 700만 원 이상인 사람으로 완납일로부터 3년이 경과하지 않은 사람
- 해외 범죄경력이 있는 경우 (별첨 1)
재외동포(F-4) 취업 제한:
- 단순노무행위를 하는 경우
- 사행행위 등 선량한 풍속 기타 사회질서에 반하는 행위
- 기타 공공의 이익이나 국내 취업질서 등의 유지를 위하여 그 취업을 제한할 필요가 있다고 인정되는 경우
- 상기 경우를 제외하고는 취업 활동의 제한을 받지 않음
[특정 강력범죄]
재외동포(F-4): 사증발급 및 자격변경 불허
영주(F-5): 품행단정 미충족으로 허가제한
[사회적 중대 범죄 - 마약, 보이스 피싱, 3회 이상 음주운전]
재외동포(F-4): 선고일로부터 7년 간 사증발급 및 자격변경 불허
영주(F-5): 품행단정 미충족으로 허가제한
[협박, 공갈, 사기]
영주(F-5): 자격변경 불허
[기타 범죄로 금고 이상의 형에 준하는 형]
재외동포(F-4): 선고일로부터 5년 간 사증발급 및 자격변경 불허
영주(F-5): 선고일로부터 10년 간 품행단정 미충족으로 허가제한
방문취업(H-2), 재외동포(F-4) 신청자의 경우 협박, 공갈, 사기죄도 기타 범죄로 봄
재외동포(F-4) 자격의 취업활동 제한범위:
1. 일반 기준:
가. 단순노무행위를 하는 경우 (붙임 1 참조)
나. 선량한 풍속이나 그 밖의 사회질서에 반하는 행위:
- 사행행위 등 규제 및 처벌 특례법 제2조제1항제1호 등의 사행행위 영업장소 등에 취업
- 식품위생법 제36조제3항 등의 유흥주점 등에서 유흥종사자로 근무
- 풍속영업의 규제에 관한 법률 제2조 등 풍속영업 중 선량한 풍속에 반하는 영업장소 등에 취업
다. 그 밖에 공공의 이익이나 국내 취업질서 등을 유지하기 위하여 그 취업을 제한할 필요가 있다고 인정되는 경우 (붙임 2 참조)
단순노무 직업 (대분류 9):
- 이삿짐 운반원, 우편 집배원, 택배원, 늘찬배달원(퀵서비스), 식음료 정기배달원, 신문 정기배달원, 음식점 배달원
- 건물 청소원, 운송장비 청소원, 시설장비 청소원, 거리 및 공공장소 청소원
- 쓰레기 수거원, 재활용품 수거원
- 아파트 경비원, 그 외 건물관리원
- 전단지 배포원 및 벽보원
- 산불 감시원, 계기 검침원, 가스 점검원, 주차 관리원
- 구두 미화원, 세탁원 및 다림질원, 검표원, 환경 감시원
공공의 이익 제한 직업 (대분류 4 서비스, 5 판매):
- 발 관리사, 목욕 관리사, 혼례 종사원, 노래방 서비스원
- PC방·비디오방·만화방 종사원
- 골프장 캐디, 주류 서비스 종사원(소믈리에 등)
- 노점 및 이동 판매원","범칙금 처분: 한국중앙자원봉사센터(☏1365) 발급 실적확인서로 6개월 이상에 걸쳐 봉사시간 100시간 이상 확인되는 경우(1일 봉사시간 최대 6시간)에는 자격부여 제한 기간을 1년으로 감경
허용되는 취업활동이라도 국내법령에 의하여 일정한 자격을 요하는 때에는 그 자격을 갖추어야 함
면제 대상 (공통):
- 만 14세 미만인 사람
- 대한민국 출생 또는 만 14세 미만에 입국하여 만 14세 이후 해외에서 6개월 이상 연속 체류하지 않은 사람
- 사증 발급 시 해외 범죄경력증명서를 제출하고 사증 발급일로부터 3개월 이내 국내에서 체류자격변경을 신청하는 사람
- 발급 제한 연령 또는 거주요건 미충족으로 발급이 어려운 사람 (예: 만 18세 미만 캐나다인)
- 천재지변, 전쟁 등으로 발급 불가능한 경우 (소명 필요)
- 국가유공자/독립유공자, 그 유족 및 특별공로(국익증진) 동포
재외동포(F-4) 면제: 만 60세 이상인 사람
영주(F-5) 면제: 국내 10년 이상 계속 합법 체류, 고액 투자자(F-5-5), 첨단분야 박사(F-5-9), 일반분야 박사(F-5-15), 특정분야 능력소유자(F-5-11), 특별공로자(F-5-12) 신청자
예외 기준:
인구감소지역 중 법무부장관이 정한 지역특화형 비자 사업 대상 시·군·구에 거소를 두거나 거소가 속한 광역시 또는 도 내에서 제1호 가목 또는 다목의 취업활동을 하는 재외동포(F-4)는 취업활동의 제한을 받지 않음 (다만, 나목은 제한)
지역특화형 비자 시범지역에 거주하는 재외동포(F-4)로서 사전에 체류자격 외 활동허가를 신청하는 경우는 예외",,,,,,,"재외동포 사증발급 세부대상별 추가 서류 (F-4-41 / F-4-42)
해외 범죄경력증명서 제출 기준 및 면제 대상
해외 범죄경력 유형별 재외동포(F-4) 및 영주(F-5) 자격 처리기준
F-4 취업활동 제한 직업 목록 (단순노무 + 공공이익 제한)",,260504 사증민원 자격별 안내 매뉴얼.hwp,p. 383,"data/parsed/raw/visa_manual.md:5321-6181
data/parsed/raw/visa_manual.md:6182-6796
data/parsed/raw/visa_manual.md:6797-7048","C-3-8, H-2, F-5, F-5-5, F-5-9, F-5-11, F-5-12, F-5-15","재외동포, 외국국적동포, 직계비속, 가족관계기록사항, 제적등본, 외국국적 취득, 취업제한, 단순노무","○ 출생에 의하여 대한민국의 국적을 보유하였던 사람(대한민국정부 수립 전에 국외로 이주한 동포를 포함)으로서 외국국적을 취득한 사람
○ 위에 해당하는 사람의 직계비속으로서 외국국적을 취득한 사람입니다.
※ '18.5.1. 개정 재외동포법 시행으로 '18.5.1. 이후 최초로 대한민국 국적을 이탈하였거나 국적을 상실한 남성은 병역이행 또는 면제처분이 없으면 40세 되는 해 12월 31일까지 재외동포(F-4) 체류자격 부여 제한

① 출생에 의하여 대한민국 국적을 보유하였던 자로서 외국국적을 취득한 사람(F-4-41)
• 본인이 대한민국의 국민이었던 사실을 증명하는 서류
② ①의 직계비속으로서 외국국적을 취득한 사람 (F-4-42)
• 직계존속이 대한민국의 국민이었던 사실을 증명하는 서류

○ 재외동포(F-4) 소지자는 아래의 경우 취업할 수 없습니다. (별첨7 참조)
- 단순노무행위를 하는 경우
- 사행행위 등 선량한 풍속 기타 사회질서에 반하는 행위를 하는 경우
- 기타 공공의 이익이나 국내 취업질서 등의 유지를 위하여 그 취업을 제한할 필요가 있다고 인정되는 경우

❍ 재외공관에서 재외동포(F-4) 사증을 신청하는 사람
❍ 국내에서 재외동포(F-4), 영주(F-5) 자격으로 체류자격 변경허가, 외국인 등록 또는 거소신고를 신청하는 사람
❍ 제출 대상자의 국적국(제3국)에 소재하는1) 권한 있는 기관2)이 발급한 공적문서로서, 국적국(제3국) 내에서의 모든 범죄경력이 포함되어 있는 증명서

❍ 「특정강력범죄의 처벌에 관한 특례법」제2조에서 규정한 ""특정 강력범죄""로 국적국(제3국)에서 형을 선고받은 사실이 있는 사람
- (마약, 보이스 피싱, 3회 이상 음주운전) 다음의 자격별 기준으로 처리
❍ 기타 범죄*로 외국에서 금고 이상의 형에 준하는 형을 선고받은 사람

❍ 사회통합프로그램 사전평가 점수표 (21점 이상)
❍ 사회통합프로그램 교육확인서 (1단계 이수 이상)
❍ 한국어능력시험(TOPIK) 성적증명서 (1급 이상)
❍ 세종학당 수료증 (초급 1B 과정 이상)

□ 재외동포(F-4) 자격의 취업활동 제한범위
1. 일반 기준
가. 단순노무행위를 하는 경우([붙임 1] 참조)
나. 선량한 풍속이나 그 밖의 사회질서에 반하는 행위를 하는 경우
다. 그 밖에 공공의 이익이나 국내 취업질서 등을 유지하기 위하여 그 취업을 제한할 필요가 있다고 인정되는 경우([붙임 2] 참조)

상기 본인은 출입국관리법 제18조제1항, 동법 시행령 제23조제3항, 동법 시행규칙 제27조의 2에 따라 「재외동포(F-4) 자격의 취업활동 제한범위 고시」(법무부 고시 제2026-35호, 2026.2.12.)에서 정한 재외동포(F-4) 자격의 취업활동 제한 직업에 취업하지 않을 것을 서약합니다.
이를 위반할 경우 범칙금 처분 및 체류기간 연장 불허 등 출입국관리법에 따른 처벌을 받을 수 있음을 안내받았습니다.","재외동포 비자는 누가 받을 수 있어요?
부모님이 한국 사람이었던 외국 국적자도 재외동포 비자 받을 수 있나요?
재외동포 자격이 모든 국적에 똑같이 적용되나요?
재외동포 사증 신청할 때 어떤 서류를 내야 해요?",미검수,
F-4,F-4,사증,체류자격 변경,,,,"대상별 제출서류가 국내에서 발급되거나 출입국정보시스템으로 확인이 가능한 경우에 한하여 국내에서 자격변경 가능
CIS 지역 국가 동포가 과거에 동포 사증(C-3-8, H-2, F-4)을 발급받은 적이 있는 경우에는 동포 입증자료 제출 시 국내에서 체류자격 변경 가능
지역특화동포(F-4-R) 자격을 소지한 사람이 특례 적용을 포기하고 일반 재외동포(F-4-41, F-4-42) 자격으로 변경을 희망하는 경우 변경 가능
조기적응프로그램: 재외동포(F-4) 자격변경 신청이나 거소신고증 발급 시 의무 이수
과거 범죄 경력이 없는 경우 1회에 한해 제출 유예 허용","- 재외동포 통합신청서(별지 제1호서식), 여권 및 사본, 표준규격사진 1매
- 체류지 입증서류
- 결핵진단서
- 조기적응프로그램 이수증
- 수수료
- 동포임을 입증할 수 있는 서류
- 해외 범죄경력증명서 (별첨 1)
- 한국어 능력 입증서류 (별첨 2)",,,,,"조기적응프로그램 이수 면제대상: 국내 초·중·고교에 재학 중이거나 졸업한 사람, 만 6세 이하 또는 만 65세 이상인 사람, 장기체류 자격으로 국내에서 3년 이상 체류한 사람, 이전에 조기적응프로그램을 이수한 사람, 사회통합프로그램 1단계 이상 이수 중이거나 이수한 사람, 중증장애인",,,,,,,,,260504 사증민원 자격별 안내 매뉴얼.hwp,p. 384,data/parsed/raw/visa_manual.md:5321-6181,,"재외동포, 체류자격 변경, 통합신청서, 조기적응프로그램, 결핵진단서","○ 재외동포 통합신청서(별지 제1호서식), 여권 및 사본, 표준규격사진 1매, 체류지 입증서류, 결핵진단서, 조기적응프로그램* 이수증, 수수료
- 동포임을 입증할 수 있는 서류, 해외 범죄경력증명서(별첨 1), 한국어 능력 입증서류(별첨 2)
* (조기적응프로그램) 재외동포(F-4) 자격변경 신청이나 거소신고증 발급 시 조기적응프로그램을 의무적으로 이수한 후 자격변경 신청이 가능","국내에서 재외동포 자격으로 바꾸려면 어떤 서류가 필요해요?
조기적응프로그램은 꼭 이수해야 하나요?
어떤 경우에 조기적응프로그램이 면제되나요?",미검수,
F-4,F-4,사증,거소신고,,재외동포(F-4) 사증으로 입국한 동포,,,"- 재외동포 통합신청서(별지 제1호서식), 여권 및 사본, 표준규격사진 1매
- 체류지 입증서류
- 조기적응프로그램 이수증
- 수수료","국내 거소신고: 90일 이상 체류하고자 하는 경우 입국일부터 90일 이내 거소신고
체류기간연장 신청 시 제출서류:
- 신청서, 수수료, 한국어능력 입증서류, 체류지 입증서류(임대차 계약서 등)",,체류기간은 '한국어능력 입증서류 제출기준(별첨2) 등'에 따라 최대 3년까지 부여,법을 위반한 사람은 체류기간연장허가가 제한될 수 있음,,,,,,,,,,260504 사증민원 자격별 안내 매뉴얼.hwp,p. 385,data/parsed/raw/visa_manual.md:5321-6181,,"재외동포, 거소신고, 체류기간 연장, 한국어능력","○ 90일 이상 체류하고자 하는 경우 입국일부터 90일 이내 거소신고
○ 제출서류 : 재외동포 통합신청서(별지 제1호서식), 여권 및 사본, 표준규격사진 1매, 체류지 입증서류, 조기적응프로그램 이수증*, 수수료
○ 체류기간은 '한국어능력 입증서류 제출기준(별첨2) 등'에 따라 최대 3년까지 부여됩니다.","재외동포로 한국 들어왔는데 거소신고는 어떻게 해요?
재외동포 비자 연장은 최대 얼마까지 가능해요?
거소신고는 입국 후 며칠 안에 해야 해요?",미검수,
F-4,F-4,사증,체류자격외 활동허가,,재외동포(F-4) 체류자격으로 변경한 동포가 과거 방문취업(H-2) 자격으로 취업개시 신고를 한 사업장에서 계속하여 일하고자 하는 경우,,방문취업(H-2)으로 체류하며 취업개시 신고를 한 사실이 있는 동포,"- 재외동포 통합신청서(별지 제1호서식), 여권 및 사본, 거소신고증
- 단순노무 업종 취업사실을 입증할 수 있는 공적서류(건강보험 가입내역, 소득금액증명원 등)
- 근로계약서, 사업자등록증, 수수료",,,1회 부여 기간은 재외동포(F-4) 자격의 체류기간의 범위 내에서 근로계약 기간에 따라 부여,,출입국관리정보시스템(ICRM)으로 확인되는 경우 제출 면제 가능,,,,,,,,,260504 사증민원 자격별 안내 매뉴얼.hwp,p. 387,data/parsed/raw/visa_manual.md:5321-6181,H-2,"재외동포, 체류자격외 활동허가, 방문취업 사업장, 단순노무","□ 방문취업(H-2)으로 체류하며 취업개시 신고를 한 사실이 있는 동포는 다음의 서류를 제출하여 체류자격 외 활동허가를 받을 수 있습니다.
○ 재외동포 통합신청서(별지 제1호서식), 여권 및 사본, 거소신고증, 단순노무 업종 취업사실을 입증할 수 있는 공적서류(건강보험 가입내역, 소득금액증명원 등)*, 근로계약서, 사업자등록증, 수수료","방문취업으로 일하다가 재외동포 되면 같은 회사에서 계속 일할 수 있나요?
재외동포가 단순노무 사업장에서 계속 일하려면 어떤 허가가 필요해요?",미검수,
F-5 (F-5-6),F-5,사증,체류자격 변경,F-5-6,"외국국적동포
재외동포(F-4) 자격으로 대한민국에 2년 이상 계속 체류하고 있는 사람
국내 거소신고한 경우 국외에서 거주한 기간도 2년 이상 계속 체류기간에 포함
「재외동포의 출입국과 법적지위에 관한 법률」제2조제2호의 외국국적동포로 「국적법」에 따른 국적취득요건을 갖춘 사람
방문취업(H-2) 자격으로 제조업, 농·축산업, 어업, 간병인, 가사보조인으로 취업활동을 하고 있는 사람
방문취업(H-2) 4년 이상 자격 소지자
K-STAR 거주 또는 점수제 우수인재 거주 자격자
K-STAR 영주 자격자의 동반가족
F-5 자격변경 예정자 중 최근 10년 이내 국내법 위반 사실 확인자
K-STAR 영주 신청자","최우수인재 거주(F-2) 자격자
과학기술분야 석·박사 학위 소지자 중 K-STAR 거주 또는 점수제 우수인재 거주 3년 이상 체류자
K-STAR 영주(F-5-S1) 자격자의 배우자·미성년자녀
영주(F-5)자격 변경 허가 예정자 중 국내법 위반 확인자","[생계유지 능력]
소득 주체: 신청인, 배우자(사실혼 제외), 자녀, 부모(배우자의 부모 제외) 중 생계를 같이 하는 사람
- 신청자 본인의 소득 또는 자산이 기준액의 50% 이상이어야 함 (미성년 자녀 양육/미성년 자녀 제외)
소득 산정기간: 신청일이 속하는 연도의 이전 1년
인정되는 소득: 「소득세법」제4조제1항(종합소득) 합산하여 인정, 소득세 납부한 경우만 인정
연간소득 심사 기준: 신청일 기준 전년도 1인당 국민총소득(GNI), 예외적으로 전전년도 GNI
자산 기준: 전년도 '가계금융·복지조사' 가구당 평균 순자산
[기본 소양]
- 사회통합프로그램 5단계 이수한 사람
- 영주용 또는 귀화용 종합평가에서 60점(100점 만점) 이상 득점한 사람
아래 어느 하나의 요건을 갖춘 사람:
- 영주자격신청 시 연간 소득이 한국은행고시 전년도 일인당 국민총소득(GNI) 이상인 사람 (동거가족과 합산하는 경우 신청인의 소득이 연간 소득요건 기준액의 50% 이상)
- 해외로부터 연금을 받는 60세 이상의 자로서 연간 연금액이 한국은행 고시 전년도 일인당 국민총소득(GNI) 이상인 사람
- 전년도 재산세 납부실적이 50만 원 이상인 자 또는 본인명의 순자산이 전년도 '가계금융·복지조사 결과'의 평균순자산 이상을 보유하고 있는 사람
- 대한민국 기업과의 연간 교역실적이 20억 원 이상인 사람
- 대한민국에 미화 50만 불 이상을 투자한 사람
- 거주국 정부가 공인한 동포단체 대표 또는 법인기업체 대표로서 재외공관의 장이 추천한 사람
국적법상 다음 어느 하나의 귀화·국적회복 요건을 갖춘 사람:
① 일반귀화 대상자 (국적법 제5조)
② 간이귀화 대상자 (국적법 제6조제1항제1호) - 부 또는 모가 대한민국 국민이었던 사람
③ 간이귀화 대상자 (국적법 제6조제2항) - 혼인귀화
④ 특별귀화 대상자 (국적법 제7조제1항제1호) - 국적회복 동포의 자녀, 혼인귀화자의 자녀, 독립유공자 후손
⑤ 국적회복 대상자 (국적법 제9조제1항)
아래 모든 요건을 충족하는 사람:
- 동일업체에서 근무처를 변경하지 않고 4년 이상 계속 근무하고 있는 경우 (재외동포(F-4) 자격 변경자 포함)
- 한국산업인력공단 등에서 실시하는 기술·기능 자격(별첨 18)을 취득한 경우 또는 영주자격신청 시 연간 소득이 한국은행고시 전년도 일인당 국민총소득(GNI) 70% 이상인 경우(본인의 소득만 인정)
한국산업인력공단 등에서 실시하는 기술·기능 자격을 취득한 경우 또는 GNI 70% 이상 소득 조건
최우수인재 거주(F-2) 자격으로 3년 이상 체류
연간 근로소득 1인당 GNI 3배 이상
사회통합프로그램 3단계 이상 이수
법무부장관이 정한 요건을 모두 갖춘 사람
법무부장관 선정한 대학의 과학기술분야 석·박사 학위 소지자
점수제 요건 충족(90/200점)
K-STAR 거주(F-2-7S) 자격으로 3년 이상 국내에서 계속 체류
또는 점수제 우수인재 거주(F-2-7) 자격으로 3년 이상 국내에서 계속 체류
(품행단정) 다음 어느 하나에 해당하지 않을 것
- 대한민국 법률 위반 금고 이상의 실형 선고받고 형 집행 종료/면제 5년 미경과
- 대한민국 법률 위반 금고 이상의 형 집행유예 선고받고 판결 확정 5년 미경과
- 대한민국 법률 위반 벌금형 선고받고 납부일로부터 3년 미경과
- 출입국관리법 제7조1항/4항 또는 제12조1항/2항 위반일로부터 5년 미경과
- 신청일부터 최근 5년간 출입국관리법 3회 이상 위반(과태료 제외)
- 강제퇴거명령 받고 출국한 날부터 7년 미경과 또는 출국명령 받고 출국한 날부터 5년 미경과
- 최근 3년간 출입국관리법 위반 500만원 이상 범칙금 처분 또는 합산 범칙금 700만원 이상
- 대한민국 법률 위반에 따른 벌금·추징금 등 미납자 (납부 의무 벗어난 후 3년 경과자 제외)
- 외국에서 특정강력범죄·협박·공갈·사기·보이스피싱·마약 등 범죄로 형 선고받은 사실 확인
(생계유지능력 및 기본소양) 점수제 항목 중 '한국어능력' 및 '연간 소득' 항목 심사로 대체
(준법시민교육) 법 위반자 대상 시행 (영주(F-5) 자격 취득 예정자 중 국내법 위반 확인자, 품행단정 결격사유자 제외)
Ⅲ. K-STAR 영주 자격 요건과 동일하게 적용
점수제 영주자의 배우자·미성년자녀(F-5-18)에 대한 체류지침 적용
영주(F-5)자격 변경 허가 예정자 중 신청일로부터 최근 10년 이내 국내법 위반 사실이 확인된 자","- 해외 범죄경력증명서 (별첨 1)
소득 요건 충족 시: 소득금액 증명
연금 요건 충족 시: 연금증서(사본) 및 연금입금통장
자산 요건 충족 시: 부동산 등기부 등본, 부동산 매매계약서, 임대차 계약서, 재산세 납세내역증명 또는 전·월세계약서, 신용정보조회서 등
교역실적 요건 충족 시: 재직증명서, 등기부등본 또는 사업자등록증 사본, 수출입 실적 증명서(선하증권 또는 송장 등), 연간 납세 증명서
투자 요건 충족 시: 사업자 등록증사본 또는 등기부 등본, 사업장 및 주택임대차계약서 기타 외국인투자기업증명서 등 국내투자 증빙자료
추천 요건 충족 시: 재외공관장 추천서
공통 제출서류:
- 신청서
- 여권 및 본국 신분증 사본(원본 제시) 등 외국국적동포 입증서류
- 외국인등록증(거소신고증)
- 사회통합프로그램 한국이민영주적격과정이수증 또는 한국이민영주적격시험 합격증 (국적회복, 특별귀화대상자는 제출면제)
- 생계유지능력 입증서류 (국적회복, 특별귀화대상자는 제출면제)
① 일반귀화: 가족관계등록부 등 가족관계 증빙자료
② 간이귀화(제6조제1항제1호): 부 또는 모가 대한민국 국민이었음을 입증하는 서류, 친자관계 입증서류(원본제시), 국내 거주 혈족(8촌 이내) 1인 이상의 친척관계확인서, 가계도, 보증인 친척들의 제적등본·족보, 상봉 경위서, 주민등록등본, 주민등록증 사본, 편지·KBS 이산가족 결연 확인서·유전자 감정 결과(선택)
③ 간이귀화(혼인): 외국국적동포입증서류 및 결혼증 사본, 한국인 배우자의 기본증명서·혼인관계증명서·가족관계증명서·주민등록등본·주민등록증 사본, 혼인 진정성 입증자료
④ 특별귀화: 외국국적동포 입증서류(호구부, 친척관계공증), 친자관계 입증서류, 직계존속·귀화허가자·독립유공자 후손 입증서류
⑤ 국적회복: 신청인의 기본증명서·가족관계증명서·제적등본, 외국국적 취득 관련 서류
혼인파탄자: 혼인관계증명서(이혼사실 기재), 배우자 유책사유 판결문 또는 공인된 여성단체 확인서
이름·생년월일 불일치 시: 외국 대사관 동일인 확인증명서, NAME CHANGE 증서, 국내 친척 동일인 확인 공증, 본인 및 부모관계 입증서류 중 택1
신청서, 표준규격 사진, 여권 사본, 체류지 입증서류, 수수료
- 공통서류(신청서, 표준규격 사진, 여권 사본, 체류지 입증서류, 수수료 등)
- 고용계약서, 재직증명서, 소득금액증명원
- 납부내역증명, 납세증명서, 지방세 납세증명서(세금체납여부확인)
- 사업자등록증 및 법인등기부등본
- 한국어 능력 입증서류 (사회통합프로그램 3단계 이상 또는 한국어능력시험(TOPIK) 3단계 이상)
(기본서류)
- 신청서, 여권, 외국인등록증, 수수료(수입인지), 체류지 입증서류, 해외범죄경력증명서, 신원보증서
(추가서류)
- 신청인이 해당하는 점수를 기재한 점수표【붙임 6】
- 신청인이 기재한 평가 항목별 점수를 입증하는 서류【붙임 7】
[공통]
- 학력: 학위취득증명서 등
- 연구경력: 경력증명, 재직증명, 계약서 등 (postdoc 및 연구 개발 등 경력 폭넓게 인정)
- 연구실적: 학술지 사본 (Web of Science 인용데이터베이스 검색)
- 기본소양: 한국어능력시험(TOPIK) 성적표 또는 사회통합프로그램 이수증 (사회통합프로그램 이수증은 사회통합정보망에서 확인하므로 제출 불요)
- 연간소득:
  · 근로소득만 있는 경우: 소득금액증명원(근로소득자용)
  · 사업소득만 있는 경우: 소득금액증명원(종합소득세 신고자용)
  · 근로소득과 사업소득 모두 있는 경우: 소득금액증명원(근로소득자용) + 소득금액증명원(종합소득세 신고자용) + 종합소득세·농어촌특별세 과세표준확정신고 및 납부계산서
  · 상장법인 취업(예정)자로서 소득금액증명 제출이 불가한 경우: 연봉이 기재된 고용계약서
[가점]
- 지방거주·근무: 주소지 입증자료 (ICRM상의 외국인등록기록 확인)
- 추천: 공문 또는 기관 직인이 날인된 추천서
- 봉사: 1365자원봉사포털 또는 VMS 출력 서류 등
[감점]
- 국내법 위반: 제출 불요 (경찰청 온라인범죄조회시스템, 필요시 관련 서류 제출 요구)","관할 출입국관서 신청
교육신청: 사회통합정보망(www.socinet.go.kr)에서 온라인 신청",수수료(수입인지),,,"[생계유지 능력 면제]
- 재외동포 2년 이상 자격소지(F-5-6) 중: 대한민국 기업과 연간 교역실적 20억 원 이상, 미화 50만 불 이상 투자, 동포단체 대표/법인기업체 대표로 재외공관장 추천
- 국적취득 요건 구비 동포(F-5-7) 중: 국적회복 요건/특별귀화 요건
[생계유지 능력 완화]
- 방문취업 4년 이상 자격 소지자(F-5-14): GNI 70% 이상인 경우 인정
- 사회통합프로그램 5단계 이수, 국내 초·중·고교 모두 졸업하거나 국내 학사 이상 학위 취득자: GNI 70% 이상 인정
- 자원봉사 실적(6개월 이상에 걸쳐 봉사시간 100시간 이상): GNI 80% 이상 인정
[기본 소양 면제]
- 재외동포 2년 이상 자격 소지자 (F-5-6)
- 국적취득 요건 구비 동포(F-5-7) 중 국적회복 요건/특별귀화 요건 갖춘 사람
- 방문취업 4년 이상 자격 소지자(F-5-14)
- 비면제 영주자격 신청자 중 미성년외국인 또는 면제 영주자격 요건 갖춘 사람
국적회복, 특별귀화 대상자: 사회통합프로그램·생계유지능력 입증서류 제출 면제
소속업체의 임금체불, 휴폐업 등 불가피한 사유로 3개월 이내 동일 업종으로 근무처를 변경한 경우 계속 취업으로 인정
고용관계가 지속되면서 산재 등 업무 상의 부상 또는 질병으로 휴업한 기간은 1년의 범위 내에서 기간 인정
4년 이상 근무하고 완전출국 후 1년 이내 방문취업(H-2) 자격으로 재입국하여 동일업체 또는 동일업종에서 2년 이상 종사하고 있는 경우 4년 이상 계속 근무한 경우로 인정
개별 심사 과정에서 심사의 정확성과 효율성을 위해 규정된 서류 이외에 추가서류 제출을 요구할 수 있음
가점 활용: 연구 경력 및 실적 등이 다소 미흡하더라도 지방 거주, 한국어 등 추가 가점 취득 시 영주자격 취득 기회 부여
교육 제외 대상 (교육참여 불요):
1) 과거 '준법시민교육'을 이수한 자로서 추가 법위반 사실이 없는 자
2) 법 위반 횟수가 1회 이하이며 불기소처분 또는 100만원 이하의 벌금·범칙금·과태료를 부과받은 자(처분·부과 면제 포함)
사건종결일(불기소처분일, 벌금 등 납부일)부터 위반 기간을 계산하여 10년 경과 시 제외
석·박사통합과정에서 석사과정 수료 및 박사과정 재학중으로 거주(F-2-7S) 자격을 받은 유학생은 통합과정 박사과정 학위 취득해야 함
소득금액증명 제출 불가능한 경우(최근 취업 등): 예외적으로 고용계약서상의 연봉 상담 금액으로 연간소득 산정
소득 소명서류 미제출, 미취업자, 최저임금 미만자는 0점
사회통합프로그램 이수증은 사회통합정보망에서 확인하므로 제출 불요",,,"F-5-14 영주자격 부여 자격 종목 및 등급:
제조업(62):
- 기계 분야: 공조냉동기계, 궤도장비정비, 사출금형, 프레스금형, 기계정비, 기계가공조립, 농업기계, 메카트로닉스, 생산자동화, 일반기계, 자동차정비, 전자부품장착, 정밀측정, 조선 (산업기사 이상), 사출금형설계, 프레스금형설계 (기사 이상)
- 재료 분야: 용접, 금속재료, 주조, 표면처리 (산업기사 이상), 금속가공 (기사 이상)
- 전기·전자: 전기, 전기철도, 전자, 전자계산기 (산업기사 이상)
- 건설: 건설재료시험, 콘크리트, 토목 (산업기사 이상)
- 섬유·의복: 섬유 (산업기사 이상)
- 환경·에너지: 폐기물처리, 에너지관리 (산업기사 이상)
건설업(17):
- 건설 분야: 콘크리트, 철도토목, 건축목공, 실내건축, 조경 (산업기사 이상)
- 기계: 공조냉동기계 (산업기사 이상)
- 재료: 용접 (산업기사 이상)
농업(5): 농림어업 - 유기농업, 축산 (산업기사 이상)
어업(8): 농림어업 - 수산양식, 어로 (산업기사 이상), 식품가공 - 수산제조 (산업기사 이상), 건설 - 잠수 (산업기사 이상)
점수제 요건 90/200점 충족 필요
기본항목 (최대 150점): 학력 30점, 연구 경력 60점, 연구 실적 60점
가점항목 (최대 50점): 한국어 능력 10점, 연간소득 10점, 지방 거주 10점, 봉사 10점, 추천 10점
학력: 석사 20점, 박사 30점
연구경력: 4년이상~5년 60점, 3년이상~4년미만 50점, 2년이상~3년미만 40점, 1년이상~2년미만 30점
연구실적: SCI급/KCI급 논문, 국내·외 특허 등록 (단독·공동·발명자 구분, 신청일로부터 5년 이내, 합산 최대 60점)
한국어능력: 사회통합프로그램 5단계 및 토픽 5급 최대 10점, 사회통합프로그램 1단계 및 초급 1단계 1점
연간소득: 5천만 원 이상 10점, 4천만 원 이상 9점, 3천만 원 이상 8점, 2천5백만 원 이상 7점, 2천만 원 이상 6점, 2천만 원 미만~최저임금 이상 5점
추천: 중앙행정기관의 장 10점, 4년제 총장 등 7점, 상장기업의 장 5점
봉사: 신청일 기준 3년 내 실적, 150시간 이상 10점, 100시간 이상 7점, 50시간 이상 5점
지방 거주·근무(비수도권): 3년 이상 5점, 3년 미만~2년 이상 3점, 2년 미만~1년 이상 1점 (인구감소지역은 5점 가산)
감점항목 (최대 10점): 출입국관리법 위반 통고처분 300이상 -10/100~300미만 -7/50~100미만 -5, 형사처벌 전력 벌금형 200이상 -10/200미만 -7
평가항목별 배점(최대 총 200점) ※ 총 200점 중 90점 획득 필요
[기본 항목 최대 150점]
가. 학력 (최대 30점): 박사 30 / 석사 20 (법무부장관 선정 K-STAR 비자트랙 참여대학 32개교 학위증, 수료 및 명예 석·박사 제외)
나. 연구경력 (최대 60점): 4년이상~5년 60 / 3년이상~4년미만 50 / 2년이상~3년미만 40 / 1년이상~2년미만 30 (신산업·첨단기술분야 및 IT기업, 국가 연구기관, 산학협력단, 기업부설연구소 등 연구원, postdoc 포함, 최근 5년 내 합산, 1년 이상 제출 경력 없는 경우 0점)
다. 연구실적 (최대 60점): 논문 SCI/SSCI/A&HCI 단독·교신저자 20점/편, 공동저자 10점/편 (KCI급은 각 10/5); 특허 단독 20/건, 공동 10/건, 발명자 5/건 (5년 이내, 논문·특허 합산 최대 60점)
[가점 항목 최대 50점]
라. 한국어능력·사회통합프로그램 (최대 10점): 고급 TOPIK 5급 이상/사통 5단계 10, 4급/4단계 8, 3급/3단계 6, 2급/2단계 5, 1급/1단계 1
마. 연간소득 (최대 10점): 5천만원 이상 10, 4천만원 이상 9, 3천만원 이상 8, 2천5백 이상 7, 2천만원 이상 6, 2천만원 미만~최저임금 이상 5 (전년도 소득금액증명 기준)
바. 추천 (최대 10점): 중앙행정기관의 장 등 10, 4년제 총장 등 7, 상장기업의 장 등 5
바. 봉사 (최대 10점): 150시간 이상 10, 100시간 이상 7, 50시간 이상 5 (신청일 기준 최근 1~3년 이내 국내 봉사실적, 1365자원봉사포털·VMS 인증)
바. 지방 거주·근무 비수도권 (최대 10점): 3년 이상 5, 3년 미만~2년 이상 3, 2년 미만~1년 이상 1; 인구감소지역은 5점 가산
[감점 항목 최대 10점]
출입국관리법 통고처분: 300 이상 -10, 100~300 미만 -7, 50~100 미만 -5 (신청일로부터 5년 이내)
형사처벌 전력 벌금형: 200 이상 -10, 100~200 미만 -7, 200 미만 -5 (신청일로부터 3년 기준, 3년 이내 300만원 이상 벌금형/벌금형 이상 형사처벌은 결격사유)",,주체류자(K-STAR 영주),동포단체 대표 또는 법인기업체 대표: 재외공관장 추천서,"외국국적동포 영주자격 기본요건 및 면제·완화 대상
F-5-6 재외동포 2년 이상 영주자격 부여 대상별 제출서류
F-5-7 국적취득 요건 구비 동포의 귀화 유형별 추가 서류
F-5-14 영주자격 부여 자격 종목 및 등급 (제조업 62종, 건설업 17종, 농업 5종, 어업 8종)
K-STAR 영주(F-5-S1) 점수제: 기본 150 + 가점 50 + 감점 최대 -10 = 200점 기준 90점 이상
구분 | 기본항목(최대 150점) | 가점항목(최대 50점)
학력(30) / 연구경력(60) / 연구실적(60) | 한국어능력(10) / 연간소득(10) / 지방거주(10) / 봉사(10) / 추천(10)
K-STAR 영주(F-5-S1) 점수제 - 기본 150 + 가점 50 - 감점 최대 10 = 최대 200점, 90점 이상 획득 필요
학력 박사 30 / 석사 20
연구경력 60-50-40-30 (4년이상~5년 / 3년~4년 / 2년~3년 / 1년~2년)
연구실적 논문 단독·교신 20점/편(SCI), 공동 10/편 / 특허 단독 20, 공동 10, 발명자 5/건
한국어능력 10-8-6-5-1 (고급-중급-초급)
연간소득 10-9-8-7-6-5
지방거주 비수도권 5-3-1
감점 통고처분 -10/-7/-5, 벌금형 -10/-7/-5",,260504 사증민원 자격별 안내 매뉴얼.hwp,p. 394~395,"data/parsed/raw/visa_manual.md:5321-6181
data/parsed/raw/visa_manual.md:6182-6796
data/parsed/raw/visa_manual.md:7049-7497
data/parsed/raw/visa_manual.md:7498-8282
data/parsed/raw/visa_manual.md:8283-8657","F-4, H-2, F-2, F-2-7S, F-5-S1, F-5-18","영주, 외국국적동포, 생계유지능력, 기본소양, 재외동포, GNI, 교역실적, 투자","○ 본인 또는 동반가족이 생계를 유지할 능력이 있을 것
○ 대한민국에 계속 체류하는데 필요한 기본 소양을 갖출 것
○ 품행이 단정할 것
- 방문취업 4년 이상 자격 소지자(F-5-14)는 GNI 70% 이상인 경우 인정

□ 재외동포(F-4) 자격으로 대한민국에 2년 이상 계속 체류하고 있는 사람으로서 아래 어느 하나의 요건을 갖춘 사람 (체류자격 약호 : F-5-6)
○ 영주자격신청 시 연간 소득이 한국은행고시 전년도 일인당 국민총소득(GNI) 이상인 사람
○ 대한민국에 미화 50만 불 이상을 투자한 사람

□「재외동포의 출입국과 법적지위에 관한 법률」제2조제2호의 외국국적동포로 「국적법」에 따른 국적취득요건을 갖춘 사람(F-5-7)
① 일반귀화 대상자 (국적법 제5조, 단, 국적법 제5조 제1의2호 요건은 제외)
⑤ 국적회복 대상자 (국적법 제9조제1항)

□ 방문취업(H-2) 자격으로 제조업, 농․축산업, 어업, 간병인, 가사보조인으로 취업활동을 하고 있는 사람으로서 아래 모든 요건을 충족하는 사람(체류자격 약호 : F-5-14)
○ 동일업체에서 근무처를 변경하지 않고 4년 이상 계속 근무하고 있는 경우 (재외동포(F-4) 자격 변경자 포함)
○ 한국산업인력공단 등에서 실시하는 기술․기능 자격(별첨 18)을 취득한 경우 또는 영주자격신청 시 연간 소득이 한국은행고시 전년도 일인당 국민총소득(GNI) 70%이상인 경우(본인의 소득만 인정)

[별첨 9] 영주(F-5-14)부여 자격 종목 및 등급
제조업(62) - 기계, 재료, 전기·전자, 건설, 섬유·의복, 환경·에너지
건설업(17) - 건설, 기계, 재료
농업(5) - 농림어업
어업(8) - 농림어업, 식품가공, 건설

최우수인재 거주(F-2) 자격으로 3년 이상 체류하며 연간 근로소득 1인당 GNI 3배 이상 및 사회통합프로그램 3단계 이상 이수한 자로, 법무부장관이 정한 요건을 모두 갖춘 사람

② 고용계약서, 재직증명서, 소득금액증명원
④ 납부내역증명, 납세증명서, 지방세 납세증명서(세금체납여부확인)
⑥ 한국어 능력 입증서류*

❍ 법무부장관 선정한 대학의 과학기술분야 석·박사 학위 소지자로서 아래의 요건 중 어느 하나에 해당하고 【붙임 5】 점수제 요건을 충족하는 사람(90/200점)
- K-STAR 거주(F-2-7S) 자격으로 3년 이상 국내에서 계속 체류
- 점수제 우수인재 거주(F-2-7) 자격으로 3년 이상 국내에서 계속 체류

❍ (기본 항목) 학력, 연구 경력, 연구 실적으로 구성
- (학력) 선정대학의 과학기술분야 석·박사 대상으로 적용되는 것으로 기본적으로 석사 20점, 박사 30점 부여
- (연구경력) 4년이상∼5년 60점, 3년이상∼4년미만 50점, 2년이상∼3년미만 40점, 1년이상∼2년미만 30점

❍ 대한민국 법률을 위반하여 금고 이상의 실형의 선고를 받고 그 형의 집행이 종료되거나 집행이 면제된 날부터 5년이 경과되지 않은 사람
❍ 최근 3년간 ｢출입국관리법｣을 위반하여 500만원 이상의 범칙금 처분을 받았거나, 합산한 범칙금 금액이 700만원 이상인 사람
(생계유지능력 및 기본소양) K-STAR 영주 점수제 항목 및 점수표[붙임 5]'(라) 한국어능력' 및 '(마) 연간 소득' 항목 심사로 대체

❍ (기본서류) 신청서, 여권, 외국인등록증, 수수료(수입인지), 체류지 입증서류, 해외범죄경력증명서, 신원보증서
❍ (추가서류)
- 신청인이 해당하는 점수를 기재한 점수표【붙임 6】
- 신청인이 기재한 평가 항목별 점수를 입증하는 서류【붙임 7】

❍ Ⅲ. K-STAR 영주 3- 자격 요건과 동일하게 적용
❍ 점수제 영주자의 배우자·미성년자녀(F-5-18)에 대한 체류지침 적용

1-2) 대상 : 영주(F-5)자격 변경 허가 예정자 중 신청일로부터 최근 10년 이내 국내법 위반 사실이 확인된 자. 다만, 아래에 해당하는 자는 제외(교육참여 불요)
1) 과거 ""준법시민교육""을 이수한 자로서 추가 법위반 사실이 없는 자

(1) 평가항목별 배점(최대 총 200점) ※ 총 200점 중 90점 획득
가. 학력(최대 30점) — 박사 30 / 석사 20
나. 연구경력(최대 60점) — 4년이상∼5년 60 / 3년이상∼4년미만 50 / 2년이상∼3년미만 40 / 1년이상∼2년미만 30
라. 한국어능력·사회통합프로그램 이수(최대 10점) — 고급 10 / 중급 8·6 / 초급 5·1

〇 근로소득만 있는 경우: 소득금액증명원(근로소득자용)
〇 사업소득(자영업자, 사업자 등)만 있는 경우: 소득금액증명원(종합소득세 신고자용)
〇 상장법인 취업(예정)자로서 소득금액증명 제출이 불가한 경우: 연봉이 기재된 고용계약서 제출
봉사 - 1365자원봉사포털(www.1365.go.kr) 또는 사회복지자원봉사 인증관리시스템(www.vms.or.kr)을 통해 출력된 서류 등","재외동포 동포가 영주권 받으려면 소득 요건이 어떻게 되나요?
방문취업으로 오래 일했으면 영주 신청할 때 혜택이 있나요?
사회통합프로그램은 영주 신청에 꼭 필요해요?
어떤 사람은 생계유지능력 요건이 면제되나요?",미검수,
F-3,F-3,사증,외국인등록,,외국국적동포가족 동반(F-3) 및 방문동거(F-1) 자격자,,,"- 여권, 통합신청서, 표준규격사진 1매
- 가족관계입증서류
- 수수료
- 체류지 입증서류","외국인등록: 90일 이상 체류하고자 하는 경우 입국일부터 90일 이내 외국인 등록
체류기간 연장: 주 체류자격자의 체류기간 범위 내에서 연장
체류자격 변경: 사증발급이 원칙이며, 국내 자격변경은 제한적으로 허용",,주 체류자격자의 체류기간 범위 내,,,,,,,,,,,260504 사증민원 자격별 안내 매뉴얼.hwp,p. 398,data/parsed/raw/visa_manual.md:6182-6796,"F-1, F-4, H-2","동반, 방문동거, 외국인등록, 체류기간 연장, 가족관계입증","□ 외국인등록
○ 90일 이상 체류하고자 하는 경우 입국일부터 90일 이내 외국인 등록
○ 제출서류 : 여권, 통합신청서, 표준규격사진 1매, 가족관계입증서류, 수수료, 체류지 입증서류 등
□ 체류기간 연장
○ 주 체류자격자의 체류기간 범위 내에서 연장","동포 가족 동반비자로 한국 들어왔는데 외국인등록은 언제까지 해요?
동반비자 체류기간 연장은 어떻게 받아요?",미검수,
F-2,F-2,사증,전자사증,,"첨단분야 최우수인재 비자 (F-2-T, E-7-T 등) 신청자",,"해외 범죄경력 심사기준:
- 공적 확인(아포스티유 첨부 또는 대한민국 재외공관 영사확인)을 받은 자국정부 발급 범죄경력증명서
- 접수일 기준 6개월 이내에 발급된 것
- 자국 재외공관장이 발급한 범죄경력증명서는 원칙적으로 불허 (단, 본국 정부의 확인을 거쳐 발급되었음이 명백하게 입증되는 경우, 예외적 제출 허용)",,"전담기관: 서울출입국·외국인청 '우수인재·투자지원센터'
처리업무: 전자사증발급 전담 심사, 출입국우대카드 신청 등
전자사증 발급 절차:
① 신청: 외국인 본인 또는 고용주 대리 신청 (대한민국 비자포털 기업 회원가입)
② 접수·심사: 사증발급 심사기준에 따라 전담기관이 사증 심사
③ 사증발급: 심사결정 후 결과 통보
④ 입국: 전자사증발급확인서 소지하고 입국
심사 원칙: 비대면 방식의 심사진행을 고려하여 탑티어 요건, 관계부처 추천 여부, 제출서류 확인 등
신청 방식: 입증 서류를 전자적 방식으로 첨부하되 누락 및 추가 서류 확인 철저",,,,,,,,,외국인 본인 또는 해당 인재를 고용하고자 하는 고용주가 외국인을 대리하여 전자사증 신청,,,,260504 사증민원 자격별 안내 매뉴얼.hwp,p. 436,data/parsed/raw/visa_manual.md:7049-7497,"F-2-T, E-7-T, D-10-T","거주, Top-Tier, 전자사증, 우수인재·투자지원센터, 비자포털","□ 전담기관을 통한 전자적 방식의 사증발급
❍ 전담기관 지정
- (전담기관) 서울출입국·외국인청 '우수인재·투자지원센터'
- (처리업무) 전자사증발급 전담 심사, 출입국우대카드 신청 등
❍ 전자사증 발급","탑티어 비자는 어떻게 신청해요?
전자사증 신청은 누가 할 수 있어요?
탑티어 비자 심사하는 전담기관은 어디예요?
탑티어 비자 신청할 때 범죄경력증명서는 어떤 형식이어야 하나요?",미검수,
F-5 (F-5-T),F-5,사증,체류기간 연장,F-5-T,,,,"신청서, 표준규격 사진, 여권 사본, 체류지 입증서류, 수수료
- 공통서류(신청서, 표준규격 사진, 여권 사본, 체류지 입증서류, 수수료 등)
- 재직증명서 (이직한 경우 첨단 분야 해당 여부 확인)
- 사업자등록증 및 법인등기부등본
- 소득금액증명원
- 해외 범죄경력증명서(6개월이상 출국 시)
- 사회통합프로그램 1단계 이수(사회통합프로그램 사전평가 21점 이상) 또는 한국어능력시험(TOPIK) 1급 취득",,,,,개별 심사 과정에서 심사의 정확성과 효율성을 위해 규정된 서류 이외에 추가서류 제출을 요구할 수 있음,,,,,,,,,260504 사증민원 자격별 안내 매뉴얼.hwp,p. 441~443,data/parsed/raw/visa_manual.md:7498-8282,F-2,"최우수인재 영주, 체류기간 연장, 재직증명서, 소득금액증명원, 사회통합프로그램","① 공통서류(신청서, 표준규격 사진, 여권 사본, 체류지 입증서류, 수수료 등)
② 재직증명서
⑥ 사회통합프로그램 1단계 이수(사회통합프로그램 사전평가 21점 이상) 또는 한국어능력시험(TOPIK) 1급 취득","최우수인재 영주 비자 연장하려면 무슨 서류 내요?
영주 연장할 때 한국어 시험 점수가 꼭 있어야 해요?
이직했는데 연장할 수 있어요?",미검수,
F-2 (F-2-7S),F-2,사증,체류자격 변경,F-2-7S,"K-STAR 비자트랙 참여대학 석·박사 학위 취득(예정)자
단기사증 또는 합법적 체류자격 소지자
F-2 자격 변경·연장 예정자 중 국내법 위반 사실 확인자
최근 5년 이내 연속 6개월 이상 해외체류 이력자","K-STAR 비자트랙 참여대학 과학기술분야 석·박사
K-STAR 거주 자격자의 배우자·미성년자녀
거주(F-2)자격 변경 및 연장 허가 예정자 중 국내법 위반 사실 확인자
신청일 기준 최근 5년 이내 연속하여 6개월 이상 해외 체류 사실이 있는 사람","법무부장관 선정 K-STAR 비자트랙 참여대학의 석·박사 학위 취득(예정)자
선정대학의 석사 학위 취득 예정자 또는 취득 후 1년 이내인 자
선정대학의 박사 학위과정 재학생·수료생 또는 박사학위 취득 후 1년 이내인 자
석·박사 통합과정 재학생 (석사과정 수료 + 박사과정 재학 중) 인정
선정대학에서 박사학위 취득 후 박사후연구원(Postdoc) 자격으로 과학기술분야 연구에 참여 중인 자
(품행단정) 결격사유에 해당하지 않을 것
- 신청일로부터 5년 이내에 금고 이상의 형(집행유예 포함) 선고받은 사실이 없을 것 (외국 정부 처벌 포함)
- 신청일로부터 3년 이내에 출입국관리법 3회 이상 위반 + 통고처분 금액 합계 500만 원 이상이 아닐 것
- 신청일로부터 3년 이내에 대한민국 법률 위반으로 300만 원 이상 벌금형 선고받지 않을 것
- 신청 시 또는 신청일로부터 최근 3년 이내에 허위서류 제출하지 않을 것
- 출입국관리법 제11조에 따른 입국금지 사유에 해당하지 않을 것
(준법시민교육) 법 위반자(거주(F-2) 자격변경 및 연장 허가 예정자 중 국내법 위반 사실 확인된 자) 대상 시행
(취업활동) 취업 제한 분야에 종사한 사실이 없을 것 — 신청일 이전 3년 이내 취업 제한 분야에 취업한 사실이 없을 것
(공중보건) 결핵 등 전염병 등이 없을 것 — 외국인 결핵환자 사증발급 및 체류관리 지침 등에 따름
Ⅱ. K-STAR 거주 자격 요건과 동일하게 적용
주체류자의 배우자가 단기사증을 소지하거나 합법적 체류자격을 소지한 경우 혼인관계 등 확인·심사 후 F-2-71로 자격변경 허가
교육이수 여부 확인: 이민통합지원센터 업무담당자가 교육이수자에 대한 이수확인서 발급, ICRM 참고사항에 '준법시민교육 교육이수 완료' 기재
체류담당자는 반드시 '교육이수 완료' 확인 후 자격변경 및 연장 허가
지침 시행 후 준법시민교육 대상자가 최초 연장 신청한 경우 다음 연장 시까지 준법시민교육 이수하도록 안내 (이후 2회부터 법 위반사항 적발 시 이수해야 연장 가능)
범죄경력증명서 요건:
발급 대상 국가에 소재하는 권한 있는 기관이 발급한 공적 문서로서, 해당 국가에서의 모든 범죄경력이 포함되어야 함
아포스티유 협약 가입국가: 발급 국가의 아포스티유 확인
아포스티유 협약 미가입국가: 발급 국가 주재 대한민국 공관의 영사 확인
유효기간: 발급일로부터 6개월 이내 (발급일 이후 6개월 이상 해외 체류한 사실이 없는 경우 유효한 것으로 인정)","신청서, 여권, 외국인등록증, 사진, 수수료, 체류지 입증서류, 해외범죄경력증명서(연장은 6개월 이상 해외 체류 시에만), 결핵 진단서(해당자), 대학 총장 추천서(발급일로부터 1년간 유효)
- 석·박사 학위 취득(예정)자: 학위취득(예정)증명서 또는 졸업(예정)증명서
- 석·박사 통합과정: 석사과정 수료를 확인할 수 있는 서류, 박사과정에 해당하는 통합과정 재학증명서
- 박사과정 수료생: 박사과정 수료증명서
- 박사후연구원: 박사과정 학위취득증명서 또는 졸업증명서, 지정대학의 공식 자격으로 박사후연구원으로서 연구에 참여 중임을 입증할 수 있는 서류
- 해당 체류국의 범죄경력증명서
- 최근 5년 이내 6개월 이상 체류 국가가 2개 이상일 경우 모두 제출
- 범죄경력증명서 원본과 공증된 번역본 (번역자 인적사항 및 연락처 기재, 신분증 사본 첨부)","주체류자의 K-STAR 거주 체류자격 신청 시 동반 신청 가능
배우자 및 미성년자녀는 주체류자의 체류기간과 동일하게 F-2-71로 자격변경 허가 (주체류자의 체류만료일까지 기간 부여)
주체류자가 F-2-7S자격으로 5년 경과 후 점수제 거주(F-2-7), K-STAR 영주(F-5-S1) 또는 기타 취업자격 변경 시 그 변경된 자격에 따라 체류자격변경 허가
교육신청: 사회통합정보망(www.socinet.go.kr)에서 온라인 신청",,"1회 3년 이내 부여(최장 5년 이내)
주체류자의 체류기간과 동일
발급일로부터 6개월 이내","수사·재판이 진행 중인 경우 사법 당국 최종 판단까지 심사 지연 자제, 체류기간 6개월 이내로 허가
마약중독 등 공중위생에 직접적 위해를 끼칠 우려가 있는 자는 사증발급 및 체류 억제
주체류자가 허가 대상일지라도 배우자 및 미성년자녀가 범죄요건 등 결격사유에 해당하는 경우 불허
취업제한 분야 또는 국내 노동시장·사회경제질서에 부정적 영향을 미칠 수 있는 직종 취업 시 체류기간연장 제한 또는 체류허가 취소 가능
「사행행위 등 규제 및 처벌 특례법」 제2조제1항제1호 및 동법 시행령 제1조의2 등에서 규정하고 있는 사행행위 영업
「식품위생법」 제36조 및 동법시행령 제21조제8호 등에서 규정하고 있는 단란주점영업, 유흥주점영업
「풍속영업의 규제에 관한 법률」 제2조 및 동법시행령 제2조 등에서 규정하고 있는 풍속영업 중 선량한 풍속에 반하는 영업
- 단란주점영업 및 유흥주점영업
- 불특정인 사이의 신체적 접촉 또는 은밀한 부분의 노출 등 성적 행위가 이루어지는 영업으로 청소년 출입·고용금지업소
- 청소년유해매체물 및 청소년유해약물 등을 제작·생산·유통하는 청소년 출입·고용금지업소
기타 체류자의 신분을 벗어난 활동 및 법무부장관이 취업을 제한할 필요가 있다고 인정되는 분야
청소년 출입·고용금지업소 결정 고시[성평등가족부고시 제2025-1호, 2025. 12. 1., 일부개정] 영업 예시: 키스방, 대딸방, 전립선마사지, 유리방, 성인PC방, 휴게텔, 인형체험방 등","사증발급 신청 대상 아님
박사과정 수료생 또는 석·박사 통합과정에 재학 중인 자는 학위취득(예정)증명서 제출 생략
국내 대학에 제출한 사본 교부받은 경우도 해외범죄경력증명서로 인정
고려대(세종), 연세대(미래), 한양대(ERICA) 캠퍼스의 경우, 부총장 명의의 추천서 가능
교육 제외 대상 (교육참여 불요):
1) 과거 '준법시민교육'을 이수한 자로서 추가 법위반 사실이 없는 자
2) 법 위반 횟수가 1회 이하이며 불기소처분 또는 100만 원 이하의 벌금·범칙금·과태료를 부과받은 자(처분·부과 면제 포함)
사건종결일(불기소처분일, 벌금 등 납부일)부터 위반기간을 계산하여 10년 경과(자격변경 신청자) 및 5년 경과(체류기간 연장 신청자) 시 제외
룸카페 등 장소 제공을 주된 목적으로 하는 영업의 경우 벽면 투명·출입문 투명·잠금장치 없음·가림막 없음 4요건 충족 시 청소년 출입·고용금지업소에서 제외
제출 면제 기준:
- 신청일 기준 만 14세 미만인 사람
- 대한민국 출생 또는 만 14세 미만에 입국하여 만 14세 이후 해외에서 6개월 이상 연속 체류하지 않은 사람
- 사증 발급 시 해외범죄경력증명서를 제출하고 사증 발급일로부터 3개월 이내 국내에서 체류자격변경을 신청하는 사람
- 재외공관 사증발급 또는 국내 자격변경 시 범죄경력증명서 제출한 사람(면제대상 포함)으로서 국내 체류허가 기간 중 해외 6개월 이상 체류하지 않은 사람
- 신청일까지 국내에서 10년 이상 계속하여 합법 체류한 사람 (6개월 이상 연속 해외 체류 없어야 함)
- 범죄경력증명서 발급대상 국가기준에 따라 발급 제한 연령이거나 거주요건 미충족으로 발급이 어려운 사람 (소명 필요, 예: 만 18세 미만 캐나다인 등)
- 천재지변, 전쟁 등으로 범죄경력증명서 발급이 불가능하거나 그에 준하는 사정이 있다고 재외공관의 장 또는 출입국·외국인청장 등이 인정하는 사람
개별 사안에 따라 해외범죄경력서 징구 필요성이 인정되는 경우, 해당 해외범죄경력서 제출",,,,대학별 인원 쿼터 별도 제한 없음,주체류자(K-STAR 거주 F-2-7S),"법무부장관 선정 대학의 총장 추천
대학 총장 추천서 (발급일로부터 1년간 유효)",,,260504 사증민원 자격별 안내 매뉴얼.hwp,p. 446~448,"data/parsed/raw/visa_manual.md:7498-8282
data/parsed/raw/visa_manual.md:8283-8657","D-2, F-5-S1, F-2-7, F-5","K-STAR 비자트랙, 과학기술분야, 석·박사, 박사후연구원, K-STAR 거주, 품행단정, 결격사유, 취업제한 분야","❍ 법무부장관 선정 K-STAR 비자트랙 참여대학【붙임 1】의 석·박사 학위 취득(예정)인 자로서 다음 요건 중 어느 하나에 해당할 것
- 선정대학의 석사 학위 취득 예정자 또는 취득 후 1년 이내인 자
- 선정대학에서 박사학위 취득 후 선정대학의 '박사후연구원(Postdoc)' 자격으로 과학기술분야 연구에 참여 중인 자

❍ 신청일로부터 5년 이내에 금고 이상의 형(집행유예를 포함)을 선고받은 사실이 있는 경우(외국 정부로부터 처벌받은 경우를 포함)
❍ 신청일로부터 3년 이내에 출입국관리법 3회 이상 위반한 사람 중 통고처분 금액의 합계가 500만 원 이상에 해당하는 경우
❍ 신청일 이전 3년 이내 취업 제한 분야【붙임 3】에 취업한 사실이 없을 것

❍ (체류자격) K-STAR 거주(F-2-7S)
❍ (체류기간) 1회 3년 이내 부여(최장 5년 이내)

❍ (공통서류) 신청서, 여권, 외국인등록증, 사진, 수수료, 체류지 입증서류, 해외범죄경력증명서*(연장은 6개월 이상 해외 체류 시에만 제출), 결핵 진단서(해당자), 대학 총장 추천서**(발급일로부터 1년간 유효)
❍ 박사후연구원: 박사과정 학위취득증명서 또는 졸업증명서, 지정대학의 공식 자격으로 박사후연구원으로서 연구에 참여 중임을 입증할 수 있는 서류

❍ Ⅱ. K-STAR 거주 2- 자격 요건과 동일하게 적용
❍ 주체류자의 배우자가 단기사증을 소지하거나 합법적 체류자격을 소지한 경우 혼인관계 등을 확인 및 심사한 후 F-2-71로 체류자격 변경 허가
❍ 주체류자가 허가 대상일지라도 배우자 및 미성년자녀가 범죄요건 등 결격사유에 해당하는 경우 불허

'22.7월부터 거주(F-2)자격 취득 및 연장 예정자, 영주(F-5)자격 취득 예정자를 대상으로 법질서 교육 등 준법시민교육 실시
1-1) 대상 : 거주(F-2)자격 변경 및 연장 허가 예정자 중 국내법 위반 사실*이 확인된 자
1) 과거 ""준법시민교육""을 이수한 자로서 추가 법위반 사실이 없는 자

〇 「사행행위 등 규제 및 처벌 특례법」 제2조제1항제1호 및 동법 시행령 제1조의2 등에서 규정하고 있는 사행행위 영업
〇 「식품위생법」 제36조 및 동법시행령 제21조제8호 등에서 규정하고 있는 단란주점영업, 유흥주점영업
【영업 예시】 키스방, 대딸방, 전립선마사지, 유리방, 성인PC방, 휴게텔, 인형체험방 등

〇 신청일 기준 최근 5년 이내 연속하여 6개월 이상 해외 체류 사실이 있는 경우 해당 체류국의 범죄경력증명서 제출
- (아포스티유 협약 가입국가) 발급 국가의 아포스티유 확인
- (아포스티유 협약 미가입국가) 발급 국가 주재 대한민국 공관의 영사 확인
〇 발급일로부터 6개월 이내","한국 대학에서 과학기술 박사하고 있는데 K-STAR 비자로 바꿀 수 있어요?
석사 졸업한 지 얼마 안 됐는데 신청 가능한가요?
박사후연구원도 K-STAR 거주 받을 수 있어요?
K-STAR 거주 받으려면 어떤 결격사유에 걸리면 안 되나요?",미검수,
F-2 (F-2-71),F-2,사증,체류자격 부여,F-2-71,국내 출생 미성년자녀,국내 출생 K-STAR 거주(F-2-7S)의 미성년자녀,국내에서 출생한 K-STAR 거주(F-2-7S)의 미성년자녀,,,,주체류자의 체류기간과 동일,,,,,,,,,,,260504 사증민원 자격별 안내 매뉴얼.hwp,p. 454,data/parsed/raw/visa_manual.md:7498-8282,F-2-7S,"K-STAR 동반가족, 체류자격 부여, 국내 출생, 미성년자녀","❍ (대상) 국내에서 출생한 K-STAR 거주(F-2-7S)의 미성년자녀
❍ (기준) 주체류자의 체류기간과 동일하게 K-STAR의 동반가족(F-2-71) 부여","한국에서 아이가 태어났는데 K-STAR 동반가족 자격을 받을 수 있어요?
아이 체류기간은 어떻게 정해져요?",미검수,
F-2 (F-2-71),F-2,사증,체류기간 연장,F-2-71,,K-STAR 거주 동반가족(F-2-71) 배우자·미성년자녀,주체류자가 자격요건을 모두 갖추고 생계를 같이하는 경우,,,,"주체류자의 체류기간과 동일, 미성년자녀는 만 25세 미만까지 연장 가능",,주체류자가 자격요건을 모두 갖추고 생계를 같이하는 경우 미성년자녀가 성인이 되더라도 만 25세 미만까지 체류기간 연장 허가,,,,,,,,,260504 사증민원 자격별 안내 매뉴얼.hwp,p. 454,data/parsed/raw/visa_manual.md:7498-8282,,"K-STAR 동반가족, 체류기간 연장, 미성년자녀, 만 25세","❍ 배우자 및 미성년자녀는 주체류자의 체류기간과 동일하게 F-2-71 자격 유지
❍ 주체류자가 자격요건을 모두 갖추고 생계를 같이하는 경우 미성년자녀가 성인이 되더라도 만 25세 미만까지 체류기간 연장 허가","K-STAR 동반가족 자녀가 성인이 되면 비자가 어떻게 돼요?
25살까지 한국에 머물 수 있나요?
배우자 체류기간은 누구 기준으로 정해져요?",미검수,
