비자코드,상위코드,사증·체류,신청종류,신청상황,대상자,자격요건,절차,수수료,사증유효기간,1회부여 체류기간,체류상한,제한,예외,의무사항,점수표,쿼터,초청자,추천·승인기관,제출서류,예상질문,출처,선행자격,다음단계,동반가족,키워드,검수상태,검수메모
공통,공통,체류,공통사항,"외교(A-1), 공무(A-2), 협정(A-3), 영주(F-5), 난민인정자(F-2)·그 가족(F-1), 인도적체류허가자·난민신청자·그 가족(G-1), 무국적자를 제외한 모든 장기 체류자격 외국인

취업이 가능한 체류자격을 가진 외국인

만 6세 이상 만 18세 이하의 모든 체류자격 외국인 (등록·거소외국인)

결핵 고위험국가(35개국) 국민의 사증신청·외국인등록·체류허가 신청 시","결핵 고위험국가 35개국: 네팔, 동티모르, 러시아, 말레이시아, 몽골, 미얀마, 방글라데시, 베트남, 태국, 스리랑카, 우즈베키스탄, 인도, 인도네시아, 중국, 캄보디아, 키르기스스탄, 파키스탄, 필리핀, 라오스, 카자흐스탄, 타지키스탄, 우크라이나, 아제르바이잔, 벨라루스, 몰도바공화국, 나이지리아, 남아프리카공화국, 에티오피아, 케냐, 콩고민주공화국, 모잠비크, 짐바브웨, 앙골라, 페루, 파푸아뉴기니","원칙: 여권 유효기간 범위 내에서 체류기간 부여
잔여 체류기간 내에서 사실상 여권 재발급이 불가능한 경우 1회에 한하여 여권 유효기간 6개월 이하인 경우라도 6개월로 간주하여 6개월 이내에서 체류허가 기간 부여

주재(D-7), 기업투자(D-8), 무역경영(D-9), 교수(E-1)~선원취업(E-10), 거주(F-2), 재외동포(F-4), 결혼이민(F-6), 방문취업(H-2)

국내 90일 초과 체류 목적 사증 신청자
단기체류자격 중 계절근로자(C-4-1~4)
국내 체류 외국인 결핵환자가 가족 등을 간병인으로 초청하는 경우
과거 결핵진단서 제출 후 완전출국 후 새로운 장기체류사증 발급받으려는 경우

[표]
출입국관리법 제87조 등에 따른 체류 관련 수수료 일람","신고시기: 외국인등록 시, 체류자격 변경허가/체류자격외 활동허가/근무처 변경·추가허가(신고)/체류자격 부여허가/체류기간 연장허가 신청 시, 직업 변경 시

공통: 초·중·고교 최초 입학 또는 재학 여부 변경(상급학교 진학 포함) 시 15일 이내 신고
각종 체류허가 시: 외국인등록(거소신고), 체류자격 변경허가, 체류자격외 활동허가, 근무처 변경·추가 허가(신고), 체류자격 부여허가, 체류기간 연장허가 신청 시","체류자격 외 활동허가: 12만원
근무처의 변경·추가: 12만원
체류자격 부여: 8만원
체류자격 변경허가: 10만원 (결혼이민 F-6: 4만원, 영주 F-5: 20만원)
체류기간 연장허가: 6만원 (결혼이민 F-6: 3만원)
단수재입국허가: 3만원
복수재입국허가: 5만원
외국인등록증/거소등록증 발급 및 재발급: 3만 5천원
출입국/외국인등록/국내거소신고 사실증명: 2천원",,,여권 유효기간 범위 내,"적용 제외: 외교(A-1), 공무(A-2), 협정(A-3) 자격 소지자
만 6세 미만 소아 및 임신부 (만 6세 이후 최초 체류허가 신청 시 제출)
고령 또는 질병으로 거동이 불가능한 사람","재외동포(F-4) 자격은 연 소득금액 기재 불요. 국세청과 정보연계로 소득금액증명 제출 생략

미취학자는 미취학으로 표시 (학교명 입력 불요)

출국 행선지가 결핵 고위험국가가 아닌 경우 결핵진단서 제출 대상 아님","직업 및 연간 소득금액을 관할 출입국·외국인관서에 신고

신고내용은 초등학교/중학교/고등학교 중 어느 학교에 재학하는지",,,,,"[필수서류]
외국인 직업 신고서
통합신청서(신고서)의 연 소득금액란 작성

[필수서류]
재학증명서 등 재학 중임을 증명할 수 있는 서류
통합신청서(신고서)의 재학 여부란

[필수서류]
결핵진단서",체류허가 수수료는 얼마인가요? / 외국인 결핵진단서는 어떤 경우에 제출하나요? / 재학증명서 제출 의무가 있는 외국인은 누구인가요?,공통사항: 각종 체류허가 등에 관한 심사수수료 (p. 4),-,-,-,"공통사항, 행정 일반",보류,"5개 공통사항(수수료, 여권유효기간, 직업·소득신고, 재학증명서, 결핵진단서)을 한 행에 통합. 매뉴얼 라인 50-328 범위. 출처 페이지를 p.4~9로 보정 권장. || [자동정정] [예상질문] 적용: '' → '체류허가 수수료는 얼마인가요? / 외국인 결핵진단서는 어떤 경우에 제출하나요? / 재학증명' || [검토필요] [출처] 검토필요: 현재='공통사항: 각종 체류허가 등에 관한 심사수수료 (p. 4)' / 제안='공통사항: 심사수수료/여권유효기간/직업·소득신고/재학증명서/결핵진단서 (p. 4~9)' (사유: 현재 출처는 첫 항목만 명시. 실제 행에는 5개 공통사항이 통합되어 있어 페이지 범위를 4~9로 확장하고 항목 5개를 모두 명시함이 정확) || [2차] 출처를 p.4~9 범위 + 5개 공통사항 항목 모두 명시로 확정. 1차 자동정정(예상질문)은 검증 통과. || [2차검토필요] [출처] 검토필요: 현재='공통사항: 각종 체류허가 등에 관한 심사수수료 (p. 4)' / 제안='공통사항: 심사수수료/여권유효기간/직업·소득신고/재학증명서/결핵진단서 (p. 4~9)' (사유: )"
A-1,A-1,체류,공통사항,,외교사절단·영사기관 구성원과 가족,"대한민국정부가 접수한 외국정부의 외교사절단이나 영사기관의 구성원, 조약 또는 국제관행에 따라 외교사절과 동등한 특권과 면제를 받는 자와 그 가족",,,,재임기간 (1회 부여 체류기간 상한),재임기간 (1회 부여 체류기간 상한),,,,,,,,,외교(A-1) 비자는 누가 받을 수 있나요? / A-1 체류기간은 얼마까지 가능한가요? / 외교관 가족도 A-1 자격으로 입국할 수 있나요?,A-1 외교 / 자격 해당자 및 활동범위 (p. 11~13),외국 정부에서 외교사절단·영사기관 구성원으로 파견,"A-2 공무, F-2 거주 (장기체류 변경)",동반가족도 A-1 (배우자·자녀),"외교, 외교관, 공무·외교, 협정",완료,외교(A-1) 자격 해당자/체류기간 정확. 예상질문 채우면 챗봇 활용 향상. || [자동정정] [예상질문] 적용: '' → '외교(A-1) 비자는 누가 받을 수 있나요? / A-1 체류기간은 얼마까지 가능한가요? /' || [3차요약] 외교(A-1): 외국정부 외교사절단·영사기관 구성원 및 동등 특권 보유자와 동반가족. 체류상한=재임기간 (p.13).
A-1,A-1,체류,체류자격외 활동허가,"1. 주한외국공관원 가족 (상호주의 적용 29개국 국민)
2. 외교(A-1) 국제기구 직원의 동반가족 (배우자/미성년 자녀, 상호주의 비적용)","상호주의 적용 29개국: 일본, 스리랑카, 방글라데시, 이스라엘, 미국, 캐나다, 독일, 영국, 프랑스, 스웨덴, 체코, 폴란드, 러시아, 네덜란드, 벨기에, 헝가리, 뉴질랜드, 덴마크, 노르웨이, 아일랜드, 호주, 파키스탄, 인도, 싱가폴, 포르투갈, 스위스, 에콰도르, 콜롬비아, 페루","1. 외교부장관(외교사절담당관)의 추천을 받은 자
2. 대한민국과 협정을 체결하여 국내에 주소지를 둔 국제기구에서 외교(A-1) 자격으로 근무 중인 직원의 배우자/미성년 자녀","1. (주한외국공관) 외교부 외교사절담당관실로 고용추천서 발급 공한 요청
2. (외교부) 관할 출입국·외국인관서에 고용추천서 공문 발송
3. (동반가족 또는 대리인) 관할 출입국·외국인관서에 체류자격외 활동허가 신청서류 제출",12만원 (주한미국 공관원의 동반가족은 상호주의에 따라 수수료 면제),,,근로계약 범위 내에서 최장 2년 (주한미국대사관 공관원가족은 재임기간 및 고용계약 기간 범위 내 최장 3년),"취업허용 범위: 문화예술(D-1), 종교(D-6), 교수(E-1), 회화지도(E-2), 연구(E-3), 기술지도(E-4), 전문직업(E-5), 예술흥행(E-6) [호텔·유흥 E-6-2 제외], 특정활동(E-7) [숙련기능점수제 E-7-4 제외]
단순노무분야(D-3, E-9, E-10, H-2 등) 제외","주한캐나다대사관 공관원가족: 단순노무분야를 제외한 모든 체류자격
주한미국대사관 공관원가족: 출입국관리법시행령 별표1 및 별표1의2 취업활동 제한 없음, 수수료 면제",,,,,외교부(외교사절담당관),"[필수서류]
여권
통합신청서
외교부(외교사절담당관)에서 받은 고용추천서 (주한외국공관원 가족 케이스)
해당 체류자격별 체류자격외 활동 필요서류 (자격요건 등 구비)",A-1 자격외활동허가 대상 국가는 어디인가요? / 주한미국대사관 공관원 가족 수수료는? / 단순노무 분야도 자격외활동 가능한가요?,A-1 외교 / 체류자격외 활동허가 (p. 13~14),외국 정부에서 외교사절단·영사기관 구성원으로 파견,"A-2 공무, F-2 거주 (장기체류 변경)",동반가족도 A-1 (배우자·자녀),"외교, 외교관, 공무·외교, 협정",완료,"A-1 체류자격외 활동허가 핵심 정보 정확. 추천기관 컬럼 보완 권장. || [자동정정] [추천·승인기관] 적용: '' → '외교부(외교사절담당관)' || [2차 검증] 추천기관 1차 정정 검증 통과. 예상질문 보완 권장. || [2차자동정정] [예상질문] 적용: '' → 'A-1 자격외활동허가 대상 국가는 어디인가요? / 주한미국대사관 공관원 가족 수수료는? /' || [3차요약] A-1 자격외활동: 주한외국공관원 가족(상호주의 29개국). E-1~E-7 등 취업, 최장 2년, 주한미국가족 최장 3년·수수료 면제 (p.13~15)."
A-1,A-1,체류,체류자격 부여,출생일부터 90일 이내 신청,외교(A-1) 자격 소지자의 국내 출생 자녀,,,,,,재임기간 (부양자 A-1 자격 유지 동안),,,,,,,,"[필수서류]
신청서(별지 제34호 서식)
여권
출생증명서 사본
대사관 협조공한
부양자의 외국공관원 신분증",,A-1 외교 / 체류자격 부여 (출생자) (p. 463),외국 정부에서 외교사절단·영사기관 구성원으로 파견,"A-2 공무, F-2 거주 (장기체류 변경)",동반가족도 A-1 (배우자·자녀),"외교, 외교관, 공무·외교, 협정",완료,"A-1 출생자 체류자격 부여. 제출서류는 일치. 출처 p.463 검증 필요(부록일 수 있음). 대상자·체류상한 컬럼 보완 권장. || [자동정정] [체류상한] 적용: '' → '재임기간 (부양자 A-1 자격 유지 동안)' | [대상자] 적용: '' → '외교(A-1) 자격 소지자의 국내 출생 자녀' || [검토필요] [출처] 검토필요: 현재='A-1 외교 / 체류자격 부여 (출생자) (p. 463)' / 제안='A-1 외교 / 체류자격 부여 (출생자) (p. 14)' (사유: 매뉴얼 본문 페이지 번호 체계로는 p.14 부근. 'p. 463'은 부록 페이지 참조 가능성이 있어 확인 필요. 본문 위치는 라인 339) || [2차 정정] 출처 p.463 → p.14로 확정. 1차 자동정정(체류상한, 대상자) 검증 통과. || [2차검토필요] [출처] 검토필요: 현재='A-1 외교 / 체류자격 부여 (출생자) (p. 463)' / 제안='A-1 외교 / 체류자격 부여 (출생자) (p. 14)' (사유: ) || [3차요약] A-1 출생자 체류자격 부여: 90일 이내 신청, 부양자 A-1 자격 유지 동안. 신청서·여권·출생증명서·대사관 협조공한·부양자 신분증 (p.15)."
A-1,A-1,체류,체류자격 변경,"외교사절단·영사기관 구성원, 조약/국제관행상 외교특권자, 또는 그 동반가족이 외교(A-1) 자격 이외의 자격으로 입국 시 외교(A-1) 자격으로 변경",,청장·사무소장·출장소장 위임,,,,,"외교(A-1), 체류기간(재직기간 내)",,,,,,,,"[필수서류]
신청서, 여권
구성원: 자국 대사관의 협조 공문, 파견·재직을 증명하는 서류
외교특권자: 파견·재직을 증명하는 서류
동반가족: 출생증명서, 가족관계증명서 등 가족관계 입증서류, 본인의 신분증 및 파견·재직 증명 서류",,A-1 외교 / 체류자격 변경허가 (p. 14),외국 정부에서 외교사절단·영사기관 구성원으로 파견,"A-2 공무, F-2 거주 (장기체류 변경)","동반가족도 A-1 (배우자·자녀)

[표]
외교(A-1) 자격 부여 대상 동반가족 범위 6개 항목

1. 법적 혼인관계의 배우자
2. 민법 제4조에 따른 미성년인 미혼 동거 자녀
3. 「초·중등교육법」 학교 정규학생으로 등록된 20세 이하 미혼 동거자녀
4. 대학 이상 학술 연구기관 정규 과정 26세 이하 미혼동거 자녀
5. 본인 또는 배우자의 60세 이상 부모 (소득활동 비종사)
6. 민법상 성년의 미혼동거 자녀로 별도 생계유지가 불가능한 장애인","외교, 외교관, 공무·외교, 협정",완료,[3차요약] A-1 체류자격 변경: 외교사절단·영사기관 구성원 및 동반가족이 A-1 이외 자격으로 입국 시 A-1로 변경. 동반가족 6개 범위 명시 (p.15~16).
A-1,A-1,체류,체류기간 연장,재임기간 범위 내 체류기간 연장,,,,수수료 면제,,,재임기간 범위 내,,,,,,,,"[필수서류]
체류자격 변경허가와 동일 (수수료 면제)",,A-1 외교 / 체류기간 연장허가 (p. 15),외국 정부에서 외교사절단·영사기관 구성원으로 파견,"A-2 공무, F-2 거주 (장기체류 변경)",동반가족도 A-1 (배우자·자녀),"외교, 외교관, 공무·외교, 협정",완료,"[3차요약] A-1 체류기간 연장: 재임기간 범위 내, 수수료 면제. 제출서류는 변경허가와 동일 (p.16)."
A-1,A-1,체류,재입국허가,출국한 날로부터 1년 이내 재입국하려는 경우 면제. 단수사증을 소지한 외교(A-1)~협정(A-3) 소지자 중 재임기간 내 재입국 시 가능,,,,,국내 재임기간 내에서 단·복수재입국허가 (공항만도 복수 가능),,국내 재임기간 내에서 단·복수재입국허가 (공항만도 복수 가능),,재임기간 중 유효한 복수사증이 있는 경우는 재입국이 불필요,,,,,,"[필수서류]
신청서(별지34호)
여권
외교관 신분증
대사관 협조 공한
재직 증명 서류",,A-1 외교 / 재입국허가 (p. 14~15),외국 정부에서 외교사절단·영사기관 구성원으로 파견,"A-2 공무, F-2 거주 (장기체류 변경)",동반가족도 A-1 (배우자·자녀),"외교, 외교관, 공무·외교, 협정",완료,A-1 재입국허가 정보 정확. '사증유효기간' 컬럼에 재입국허가 내용 중복 입력됨 - 비움 권장. || [검토필요] [사증유효기간] 검토필요: 현재='국내 재임기간 내에서 단·복수재입국허가 (공항만도 복수 가능)' / 제안='(비움 또는 N/A)' (사유: '사증유효기간'은 사증 자체의 유효기간(개월)을 위한 컬럼. 재입국허가 기간은 '체류상한'에 이미 동일 내용이 있어 중복. '사증유효기간' 컬럼) || [3차요약] A-1 재입국허가: 출국 1년 이내 면제. 단수사증자는 재임기간 내 재입국 신청 가능. 복수사증 보유 시 불필요 (p.17).
A-1,A-1,체류,외국인등록,외국인등록 면제 대상이나 본인이 원할 경우 외국인등록증 발급,,,,,,,,,"등록외국인에게 부여되는 각종 의무(등록사항변경 신고, 체류지 변경 신고 등)도 적용 면제",,,,,,"[필수서류]
신청서(별지 제34호)
여권원본
반명함판 천연색 사진 (3.5×4.5cm)
주한외국공관원 신분증 등 신분 입증서류",,A-1 외교 / 외국인등록 (p. 15),외국 정부에서 외교사절단·영사기관 구성원으로 파견,"A-2 공무, F-2 거주 (장기체류 변경)",동반가족도 A-1 (배우자·자녀),"외교, 외교관, 공무·외교, 협정",완료,[3차요약] A-1 외국인등록: 면제 대상이나 원하면 외국인등록증 발급 가능. 등록 시 등록사항변경·체류지 변경 신고 등 의무도 면제 (p.17).
A-2,A-2,체류,공통사항,,외국정부·국제기구 공무수행자와 가족,대한민국정부가 승인한 외국정부 또는 국제기구의 공무를 수행하는 자와 그 가족,,,,공무수행기간 (1회 부여 체류기간 상한),공무수행기간 (1회 부여 체류기간 상한),,,,,,,,,,A-2 공무 (p. 15~16),외국 정부 파견 공무원,"A-1 외교, F-2 거주",동반가족도 A-2,"공무, 정부 파견, 공무·외교",완료,A-2 공무 공통사항 정확. 대상자 컬럼 보완으로 row 1과 일관성 확보 권장. || [자동정정] [대상자] 적용: '' → '외국정부·국제기구 공무수행자와 가족' || [3차요약] 공무(A-2): 외국정부·국제기구 공무수행자와 가족. 체류상한=공무수행기간 (p.17).
A-2,A-2,체류,체류자격외 활동허가,"주한외국공관원 가족 (상호주의 29개국), 국제기구 직원의 동반가족","상호주의 적용 29개국: 일본, 스리랑카, 방글라데시, 이스라엘, 미국, 캐나다, 독일, 영국, 프랑스, 스웨덴, 체코, 폴란드, 러시아, 네덜란드, 벨기에, 헝가리, 뉴질랜드, 덴마크, 노르웨이, 아일랜드, 호주, 파키스탄, 인도, 싱가폴, 포르투갈, 스위스, 에콰도르, 콜롬비아, 페루",,외교부 추천 → 출입국·외국인관서에 공문 발송 → 가족/대리인이 신청서류 제출,12만원,,,근로계약 범위 내 최장 2년,"단순노무분야(D-3, E-9, E-10, H-2) 제외","주한캐나다대사관 공관원가족: 단순노무분야를 제외한 모든 체류자격. 주한미국대사관 공관원가족: 출입국관리법시행령 별표1·1의2 취업활동 제한 없음, 수수료 면제",,,,,외교부(외교사절담당관),"[필수서류]
여권, 통합신청서
외교부 고용추천서 (외국공관원 가족 케이스)",,A-2 공무 / 체류자격외 활동허가 (p. 16),외국 정부 파견 공무원,"A-1 외교, F-2 거주",동반가족도 A-2,"공무, 정부 파견, 공무·외교",완료,"A-2 자격외활동허가. row 2(A-1)와 비교하면 대상자/예외/추천기관 누락. 데이터 일관성 보완 필요. || [자동정정] [대상자] 적용: '' → '상호주의 적용 29개국: 일본, 스리랑카, 방글라데시, 이스라엘, 미국, 캐나다, 독일, ' | [예외] 적용: '' → '주한캐나다대사관 공관원가족: 단순노무분야를 제외한 모든 체류자격. 주한미국대사관 공관원가족' | [추천·승인기관] 적용: '' → '외교부(외교사절담당관)' | [출처] 적용: 'A-2 공무 / 체류자격외 활동허가 (p. 14)' → 'A-2 공무 / 체류자격외 활동허가 (p. 16)' || [3차요약] A-2 자격외활동: 주한외국공관원 가족(상호주의 29개국). 최장 2년, 단순노무 제외, 주한미국가족 수수료 면제·취업 제한 없음 (p.17~18)."
A-2,A-2,체류,체류자격 부여,출생일부터 90일 이내 신청,공무(A-2) 자격 소지자의 국내 출생 자녀 등 부양가족,,,,,,공무수행기간 (부양자 A-2 자격 유지 동안),,,,,,,,"[필수서류]
본인: 신청서(별지 제34호 서식), 여권, 파견·재직을 입증하는 서류 또는 자국 소속부처 장의 협조공문
부양가족: 신청서, 여권, 출생증명서 등 신분관계 입증서류, 부양자의 공무수행을 증명하는 신분증",,A-2 공무 / 체류자격 부여 (p. 18),외국 정부 파견 공무원,"A-1 외교, F-2 거주",동반가족도 A-2,"공무, 정부 파견, 공무·외교",완료,"[2차 정정] A-2 체류자격 부여 - 대상자/체류상한 컬럼 보완. A-1과 일관성 확보. || [2차자동정정] [대상자] 적용: '' → '공무(A-2) 자격 소지자의 국내 출생 자녀 등 부양가족' | [체류상한] 적용: '' → '공무수행기간 (부양자 A-2 자격 유지 동안)' || [3차요약] A-2 체류자격 부여: 출생일 90일 이내 신청. 본인은 파견·재직 서류, 부양가족은 신분관계 입증서류 (p.19)."
A-2,A-2,체류,체류자격 변경,외국정부·국제기구 공무수행자 및 그 동반가족이 공무(A-2) 자격 이외의 자격으로 입국 시 공무(A-2) 자격으로 변경,,,,,,,,,,,,,,,"[필수서류]
본인: 신청서, 여권, 파견·재직을 입증하는 서류 또는 자국 소속부처 장의 협조공문
부양가족: 신청서, 여권, 출생증명서 등 신분관계 입증서류, 부양자의 공무수행 증명 신분증",,A-2 공무 / 체류자격 변경허가 (p. 18),외국 정부 파견 공무원,"A-1 외교, F-2 거주","동반가족도 A-2

[표]
공무(A-2) 동반가족 범위 6개 항목","공무, 정부 파견, 공무·외교",완료,"[2차 정정] A-2 체류자격 변경 - 신청상황 보완. A-1과 일관성 확보. || [2차자동정정] [신청상황] 적용: '' → '외국정부·국제기구 공무수행자 및 그 동반가족이 공무(A-2) 자격 이외의 자격으로 입국 시' || [3차요약] A-2 체류자격 변경: A-2 이외 자격 입국자가 A-2로 변경. 본인은 파견·재직 서류, 부양가족은 신분관계 서류 (p.19)."
A-2,A-2,체류,체류기간 연장,,,,,,,,,주재 목적이 아닌 단기 공무수행 목적 입국자가 90일 이상 장기체류 희망 시 출국하여 장기사증을 발급받아 입국해야 함,대한민국과의 협정 또는 상호주의에 따라 예외적으로 장기 체류자격 변경 또는 체류기간 연장 허용,,,,,,,,A-2 공무 / 체류기간 연장허가 (p. 16~18),외국 정부 파견 공무원,"A-1 외교, F-2 거주",동반가족도 A-2,"공무, 정부 파견, 공무·외교",완료,[3차요약] A-2 체류기간 연장: 단기 공무 목적 입국자가 90일 이상 장기체류 시 출국 후 장기사증 발급. 협정·상호주의 예외 허용 (p.19).
A-3,A-3,체류,공통사항,,,"대한민국정부와 협정에 의하여 외국인등록이 면제되거나 면제할 필요가 있다고 인정되는 자와 그 가족
SOFA: 한미 상호방위조약 제4조에 의한 시설과 구역 및 합중국 군대 지위에 관한 협정
Fulbright 협정: 한미 정부 간 교육에 관한 양해각서 (`50.4.28. 발효), 강의·연구 지원, ETA 지원, 국제교육행정가 연수",,,,,신분존속기간 또는 협정상의 체류기간,,,,,,,,,,A-3 협정 (p. 18~19),SOFA·국제협정 적용 대상자,F-2 거주,동반가족도 A-3,"SOFA, 협정, 미군, Fulbright",완료,"[3차요약] 협정(A-3): 외국인등록 면제 협정 적용자와 가족. SOFA(한미 상호방위), Fulbright 협정 포함. 체류상한=신분존속기간/협정기간 (p.21)."
A-3,A-3,체류,체류자격외 활동허가,"협정(A-3) 자격 소지자, 교수(E-1) 내지 특정활동(E-7) 활동",,,A-3 사증으로 입국하지 않고 입국 후 A-3 자격변경 받은 경우에도 체류자격외 활동 허용,,,,,,,,,,,,"[필수서류]
신청서(별지34호), 여권, 수수료
복무확인서
S.O.F.A ID 카드
해당 자격 관련 서류
SPONSOR인 경우 소속 기관장(고용주)의 동의서",,A-3 협정 / 체류자격외 활동허가 (p. 19~20),SOFA·국제협정 적용 대상자,F-2 거주,동반가족도 A-3,"SOFA, 협정, 미군, Fulbright",완료,"A-3 자격외활동 정보 정확. 출처 페이지(p. 202) 검증 필요. || [자동정정] [출처] 적용: 'A-3 협정 / 체류자격외 활동허가 (p. 202)' → 'A-3 협정 / 체류자격외 활동허가 (p. 19~20)' || [3차요약] A-3 자격외활동: 협정(A-3) 소지자, 교수(E-1)~특정활동(E-7) 활동. SOFA ID·복무확인서 등 제출 (p.21)."
A-3,A-3,체류,체류자격 부여,"국내 출생자, 출생일로부터 90일 이내 신청 (90일 이내 출국 시 별도 허가 불필요)",,,,,,,,,,,,,,,"[필수서류]
신청서(별지 제34호 서식), 여권
출생증명서 등 가족관계 입증서류
부양자의 신분증명서
초청계약자 등이 발급한 복무확인서·재직증명서 또는 초청계약서",,A-3 협정 / 체류자격 부여 (p. 20),SOFA·국제협정 적용 대상자,F-2 거주,동반가족도 A-3,"SOFA, 협정, 미군, Fulbright",완료,"[3차요약] A-3 출생자 체류자격 부여: 90일 이내 신청, 90일 이내 출국 시 별도 허가 불필요. 출생증명서·부양자 신분증·복무확인서 등 제출 (p.21)."
B-1,B-1,체류,공통사항,,,대한민국과 사증면제협정을 체결한 국가의 국민으로서 협정에 의한 활동을 하려는 자,,,,,협정상의 체류기간,사증면제협정 입국자는 원칙적으로 체류기간 연장이나 체류자격 변경허가를 하지 않음. 협정기간 초과 시 반드시 사증을 발급받아 입국해야 함,,,,,,,,,B-1 사증면제 (p. 19~22),사증면제 협정국 국민,자격변경 원칙 불가 (독일·캐나다 등 예외),-,"사증면제, 단기방문, 무비자",완료,"[3차요약] 사증면제(B-1): 사증면제협정 체결국 국민. 협정상 체류기간 내, 연장·자격변경 원칙 불가. 초과 시 사증 발급 후 입국 (p.23~24)."
B-2,B-2,체류,공통사항,,,관광·통과 등의 목적으로 대한민국에 사증 없이 입국하려는 자,,,,,법무부장관이 따로 정하는 기간,관광통과 목적 입국자도 원칙적으로 체류기간 연장이나 체류자격 변경 불가,,,,,,,"[필수서류]
신청서(34호 서식), 여권 원본, 수수료
체류기간 연장의 필요성을 소명하는 서류",,B-2 관광통과 (p. 23),관광통과 입국,자격변경 원칙 불가,-,"관광통과, 단기방문",완료,"[3차요약] 관광통과(B-2): 관광·통과 목적 사증 없이 입국. 법무부장관 정한 기간 내, 연장·자격변경 원칙 불가 (p.25)."
C-1,C-1,체류,공통사항,,,"외국 신문/방송/잡지/보도기관 파견 단기 취재·보도자, 외국 보도기관과의 계약 단기 취재·보도자, 외국 언론사 지사설치 준비 단기 취재·보도자",,,,"90일 (1회 부여 체류기간 상한, 최장체류기간 90일)","90일 (1회 부여 체류기간 상한, 최장체류기간 90일)",,,,,,,,"[필수서류]
신청서(34호 서식), 여권 원본, 수수료
체류기간연장 필요성 소명 서류 (본사의 취재명령서/파견증명서, 외신 보도증 사본 또는 본사발생 재직증명서 등)",,C-1 일시취재 (p. 24),90일 이내 일시취재,D-5 취재 (장기),-,"단기취재, 언론",완료,[3차요약] 일시취재(C-1): 외국 보도기관 파견·계약·지사설치 준비 단기 취재·보도자. 최장 90일 (p.25~26).
C-3,C-3,체류,공통사항,,,"시장조사, 업무연락, 상담, 계약 등 상용활동
관광, 통과, 요양, 친지방문, 친선경기, 행사/회의 참가, 문화예술, 일반연수, 강습, 종교의식, 학술자료 수집 등 90일 이내 단기 체류자
`11.12.15.부 단기상용(C-2)와 단기종합(C-3) 체류자격 통합

[표]
C-3 단기방문 세부 약호 C-3-1 ~ C-3-10

C-3-1: 단기일반 (C-3-2 ~ C-3-9 제외 단기방문 활동범위 내 모든 자)
C-3-2: 단체관광 등 (보증개별, 단체관광, 공항만 소무역활동)
C-3-3: 의료관광 (외국인환자 사증 발급지침 대상자 중 단기방문자)
C-3-4: 단기상용 (시장조사, 업무연락, 상담, 계약, 소규모 무역활동, APEC카드 소지자)
C-3-5: 협정상 단기상용 (CEFA, FTA 등; 인도·칠레)
C-3-6: 우대기업 초청 단기상용
C-3-7: 도착관광
C-3-8: 동포방문
C-3-9: 일반관광
C-3-10: 순수환승",,,,90일,90일,영리를 목적으로 하는 사람에게 발급 불가,,,,,,,,,C-3 단기방문 (p. 25),90일 이내 단기방문·관광,자격변경 원칙 불가,동반자 별도 신청,"단기방문, 관광, 의료관광, 단체관광",완료,C-3 단기방문 정확. 세부약호 C-3-1~C-3-10 모두 일치. 체류상한 컬럼 보완 권장. || [자동정정] [체류상한] 적용: '' → '90일' || [3차요약] C-3 단기방문: 상용활동·관광·통과·요양·친지방문 등 90일 이내. 세부약호 C-3-1(단기일반)~C-3-10(순수환승) 10개 분기. 영리 목적 불가 (p.27).
C-3,C-3,체류,체류기간 연장,,,"단기방문(C-3) 활동 범위에 해당하고, 불법취업의 의심이 없으며 연장의 필요성이 인정되는 경우
입국일로부터 체류기간 90일 범위 내 연장 가능",,,,,,단체관광(C-3-2) 사증 소지자는 출국할 항공기가 없거나 영주·귀화신청 등 부득이한 사유에 한해서만 연장/변경 허가,,,,,,,"[필수서류]
신청서(34호 서식), 여권 원본, 수수료
체류기간 연장의 필요성을 소명하는 서류",,C-3 단기방문 / 체류기간 연장허가 (p. 22~25),90일 이내 단기방문·관광,자격변경 원칙 불가,동반자 별도 신청,"단기방문, 관광, 의료관광, 단체관광",완료,"C-3 체류기간 연장 정확. 단체관광 연장 제한 명시 일치. || [검토필요] [출처] 검토필요: 현재='C-3 단기방문 / 체류기간 연장허가 (p. 22~25)' / 제안='C-3 단기방문 / 체류기간 연장허가 (p. 25)' (사유: C-3 본문은 p.25 시작. p.22~24는 B-1, B-2, C-1 영역. 페이지 범위 정정 권장) || [2차 정정] C-3 체류기간 연장 출처 p.25로 확정. || [2차검토필요] [출처] 검토필요: 현재='C-3 단기방문 / 체류기간 연장허가 (p. 22~25)' / 제안='C-3 단기방문 / 체류기간 연장허가 (p. 25)' (사유: ) || [3차요약] C-3 체류기간 연장: 입국 90일 범위 내 연장. 단체관광(C-3-2)은 항공기 없음·영주신청 등 부득이한 사유 제한 (p.28)."
C-4,C-4,체류,공통사항,,,"C-4-1~4: 농작물 재배·수확(연계 원시가공 포함) 및 수산물 원시가공 분야 취업활동자
C-4-5: 일시흥행, 광고·패션모델, 강의·강연, 연구, 기술지도 등 수익 목적 단기간 취업활동자",,,,90일,90일,,,,,,,,,,C-4 단기취업 (p. 27),90일 이내 단기취업·계절근로,"E-7, E-8 (장기)",-,"단기취업, 일시흥행, 계절근로",완료,"C-4 단기취업 정확. C-4-1~4와 C-4-5 구분 명시 일치. || [자동정정] [체류상한] 적용: '' → '90일' || [3차요약] C-4 단기취업: C-4-1~4(농작물·수산물 원시가공), C-4-5(일시흥행·모델·강연·연구·기술지도). 90일 이내 (p.29)."
C-4,C-4,체류,근무처 변경/추가,"계절근로(C-4-1~4): 근무처 추가 불가, 근무처 변경시 지자체 담당자 동반 필요
계절근로외(C-4-5): 권한 청장 위임, 주무부처 고용추천서 불필요(E-1~E-7 일부 제외)",,,,근무처변경 수수료 면제 (계절근로),,,,"계절근로 근무처 변경 사유 한정:
1. 각종 조건 위반 고용주가 시정을 하지 않은 경우
2. 계절근로자의 귀책사유 없이 근로 계속 불가
3. 사회통념상 최초 계약 고용주 작업장에서 근무 불가",,,,,,,"[필수서류]
계절근로(C-4-1~4): 통합신청서, 여권 (수수료 면제), 거주/숙소 제공 확인서, 표준근로계약서 사본, 산업재해보험 가입증명원 또는 농·어업인 안전보험 증서, 계절근로자 배치 대상 고용주 확인서
계절근로외(C-4-5): 신청서(별지 제34호 서식), 여권 원본, 수수료, 고용계약서, 회사 설립 관련 서류, 고용추천서(해당자), 기타 입증 서류",,C-4 단기취업 / 근무처 변경·추가 (p. 27),90일 이내 단기취업·계절근로,"E-7, E-8 (장기)",-,"단기취업, 일시흥행, 계절근로",완료,[3차요약] C-4 근무처 변경/추가: 계절근로는 추가 불가·지자체 담당자 동반. 변경 사유 3가지 한정. 수수료 면제 (p.29).
D-1,D-1,체류,공통사항,,,수익을 목적으로 하지 않는 학술 또는 예술상의 활동자 (대한민국 고유문화·예술에 대한 전문연구 또는 전문가 지도 포함),,,,2년,2년,"일반 태권도학원, 무용 학원 등 영리단체의 초청은 해당하지 않음",,,,,,,,,D-1 문화예술 (p. 30),문화예술 활동 초청,F-2 거주,F-3 동반,"문화예술, 비영리 연수",완료,"D-1 문화예술 정확. 2년 체류기간, 영리단체 제외 명시 일치. || [자동정정] [체류상한] 적용: '' → '2년' || [3차요약] D-1 문화예술: 비영리 학술·예술 활동, 한국 고유문화 전문연구·전문가 지도 포함. 2년. 영리단체(태권도·무용 학원) 제외 (p.31)."
D-1,D-1,체류,외국인등록,,,,,,,,,,,"외국인등록사항 변경신고: 성명, 성별, 생년월일/국적, 여권의 번호·발급일자·유효기간
소속기관 또는 단체의 변경(명칭변경 포함)이나 추가 시 변경일로부터 15일 이내 신고",,,,,"[필수서류]
신청서(별지34호 서식), 여권원본, 표준규격사진 1장, 수수료
사업자등록증 등 문화예술 단체 입증 서류
체류지 입증서류",,D-1 문화예술 / 외국인등록 (p. 30~32),문화예술 활동 초청,F-2 거주,F-3 동반,"문화예술, 비영리 연수",완료,[3차요약] D-1 외국인등록: 신청서·표준규격사진·사업자등록증·체류지 입증서류. 등록사항 변경(소속기관 변경 등) 15일 이내 신고 (p.34).
D-2,D-2,체류,공통사항,,"위 교육기관에서 정규과정 교육 또는 특정 연구를 하고자 하는 외국인 (유학 D-2 및 어학연수 D-4-1, D-4-7)","교육기관: 「고등교육법」 및 특별법에 따라 설립된 전문대학 이상의 교육기관이나 학술 연구기관으로서 법무부장관이 정하는 요건을 갖춘 대학 또는 부설 어학원
제외: 원격대학(방송대학·통신대학·방송통신대학·사이버대학), 평생교육기관, 기능대학 중 직업훈련과정, 야간대학·대학원 (일부 사전심사 야간 학위과정 제외)

[표]
D-2 학위과정 세부약호와 D-4 어학연수 약호

D-2-1 전문학사과정
D-2-2 학사과정
D-2-3 석사과정
D-2-4 박사과정
D-2-5 연구과정
D-2-6 교환학생
D-2-7 일-학습연계 유학
D-2-8 방문학생
D-4-1 한국어 연수
D-4-7 외국어 연수",,,,2년,2년,,,,,,,,,,D-2 유학 (p. 32~33),대학·대학원 입학허가,"D-10 구직, E-1~E-7 취업, F-2-7 점수제",F-3 동반 (학사·석사·박사만),"유학, 학생, 학위과정, 어학연수",완료,"D-2 유학 공통사항 정확. 세부약호 D-2-1~D-2-8, D-4-1, D-4-7 매뉴얼 일치. 예상질문 보완 권장(챗봇 활용도 높음). || [자동정정] [체류상한] 적용: '' → '2년' || [3차요약] D-2 유학: 전문대학 이상 정규과정·연구. D-2-1(전문학사)~D-2-8(방문학생), 어학연수 D-4-1·D-4-7. 2년. 원격·평생교육·야간대학 제외 (p.35)."
D-2,D-2,체류,체류자격외 활동허가,시간제취업 활동 허가,,"유학(D-2) 세부 D-2-1~D-2-4, D-2-6, D-2-7 해당자
어학연수(D-4-1, D-4-7), 방문학생(D-2-8): 변경일(사증소지자는 입국일)로부터 6개월 경과

한국어 능력 기준 (TOPIK/사회통합/세종학당 기준)
전문학사·학사 1-2학년: TOPIK 3급 또는 사회통합 3단계 또는 세종 중급1
학사 3-4학년: TOPIK 4급 또는 사회통합 4단계 또는 세종 중급2",,수수료 면제,,,"어학연수생(D-4): 체류기간 내 최장 6개월, 장소 1곳
유학생(D-2): 체류기간 내 최장 1년, 장소 2곳
허용시간: 전문학사·학사 주중 10~30시간, 석박사 주중 15~35시간","선량한 풍속/사회질서 반하는 행위 금지
전문분야 E-1~E-7 (일부 예외 제외)
비전문취업(E-9) 제조업·건설업·선원취업(E-10) (한국어 4급 이상 시 예외 허용)
파견·도급·알선 관계, 원거리 근무, 직전학기 C학점(2.0) 미만자 제한",,,,,,,"[필수서류]
신청서, 여권, 외국인등록증 (수수료 면제)
성적 또는 출석 증명서
한국어 능력 증빙서류
외국인 유학생 시간제 취업 확인서
외국인 유학생 시간제취업 요건 준수 확인서
사업자등록증 사본 및 고용주 신분증 사본
표준근로계약서 사본 (시급, 근무내용·시간 포함)",,D-2 유학 / 시간제취업 활동 허가 (p. 33),대학·대학원 입학허가,"D-10 구직, E-1~E-7 취업, F-2-7 점수제",F-3 동반 (학사·석사·박사만),"유학, 학생, 학위과정, 어학연수",완료,"2차 검수: 수수료 면제 명시 누락. 신청상황란 보강 권장 || [1차검증] 1차 정정 사항 확인: 비자코드 D-2 적절, 출처 p.33 정확. 시간제취업 활동허가 카테고리는 체류자격외 활동허가 하위로 분류한 것은 합리적. || [2차자동정정] [신청상황] 적용: '일정 수준의 한국어 능력 보유, 유학 본연의 활동 전념, 대학 유학생 담당자 확인을 받은 ' → '시간제취업 활동 허가'"
D-2,D-2,체류,체류자격 변경,외국인등록 후 합법 체류 중인 장기체류자 (D-3/E-8/E-9/E-10/G-1 일부 제외),,"한국어 능력: TOPIK 또는 사회통합 또는 세종학당 기준 충족
전문학사·뿌리산업양성학과: 사회통합 2단계 이상 또는 사전평가 41점 이상, TOPIK 2급 이상
학사(전공심화) 이상: 사회통합 4단계 이상 또는 사전평가 81점 이상, TOPIK 4급 이상
영어트랙: TOEFL 530(iBT 71), IELTS 5.5, CEFR B2, TEPS 601(NEW TEPS 327) 이상",,수수료 (GKS 장학증서 소지자 면제),,,,,,,,,,,"[필수서류]
신청서, 여권 및 사본 1부, 표준규격사진 1매, 수수료 (GKS 장학증서 소지자 수수료 면제)
교육기관 사업자등록증(또는 고유번호증) 사본
표준입학허가서
학력요건 및 재정능력 입증서류
가족관계 입증서류 (부모 잔고증명서 등 제출 시)",,D-2 유학 / 체류자격 변경허가 (p. 33~35),대학·대학원 입학허가,"D-10 구직, E-1~E-7 취업, F-2-7 점수제",F-3 동반 (학사·석사·박사만),"유학, 학생, 학위과정, 어학연수",완료,2차 검수: 수수료란 분리 권장. 변경 제한 자격(D-3/E-8/E-9/E-10/G-1 일부) 명시 잘 됨 || [1차검증] 1차 정정: 비자코드 D-2 적절. 출처 p.33~35 매뉴얼 line 443-444 일치. || [2차자동정정] [수수료] 적용: '' → '수수료 (GKS 장학증서 소지자 면제)'
D-2,D-2,체류,체류기간 연장,,,"학사일정 고려: D-2-1~D-2-4, D-2-7은 3월말 또는 9월말로 조정
D-2-5 연구유학: 2년 초과 체류 불가 (1회 1년 상한)
D-2-6 교환학생, D-2-8 방문학생: 과정 종료일로부터 1개월 범위 내 1월 말/7월 말 조정
유학활동 종료자 상한: 전문학사 3년(3년제 4년), 학사 6년(5년제 7년), 석사 5년(3년제 6년), 박사 8년(2년제 7년)",,,,2년 (인증대학) / 1년 (일반대학) / 6개월 (비자심사강화대학 D학점 이하),,"가사·졸업연기 등 휴학 사유 불인정
야간/주말수업 수강자 체류허가 제한
비자심사강화대학 D학점(1.0) 이하 재학생은 6개월 이내 연장 후 다음 연장 제한",,,,,,,"[필수서류]
신청서, 여권, 외국인등록증, 수수료
수료증명서, 지도교수 및 유학담당자 확인서
재학증명서, 성적증명서, 출석확인서 등 학업 정상 수행 입증서류
재정입증 서류
체류지 입증서류",,D-2 유학 / 체류기간 연장허가 (p. 40),대학·대학원 입학허가,"D-10 구직, E-1~E-7 취업, F-2-7 점수제",F-3 동반 (학사·석사·박사만),"유학, 학생, 학위과정, 어학연수",진행 중,"2차 검수: 1회부여 체류기간 분리 권장 (절차에서 분리) || [1차검증] 1차 정정: 비자코드 D-2 적절. 출처 p.40 line 445 일치. || [2차자동정정] [1회부여 체류기간] 적용: '' → '2년 (인증대학) / 1년 (일반대학) / 6개월 (비자심사강화대학 D학점 이하)' || [3차검토] [1회부여 체류기간] 검토: 현재='2년 (인증대학) / 1년 (일반대학) / 6개월 (비자심사강화대학 D학점 이하)' / 제안='' (PDF says '최대 2년 범위 내' (up to 2 years max), not '1년'. CSV's ') || [3차요약] PDF says '최대 2년 범위 내' (up to 2 years max), not '1년'. CSV's '1년' is not directly supported by PDF text — should be '최대 2년 범위 내' or '2년 이내'. However, '1년' falls within the allowed range, so it's a possi"
D-2,D-2,체류,외국인등록,,,,,,,,,,외국인등록 + 체류기간 연장 동시 신청 시 연장 수수료 면제. 정부초청장학생 등 수수료 면제 대상자도 등록증 발급/재발급 수수료는 납부,"등록사항 변경신고: 성명/성별/생년월일/국적, 여권번호/발급일자/유효기간, 학교 변경(명칭 변경 포함)
신고기한: 변경일로부터 15일 이내",,,,,"[필수서류]
신청서, 여권 및 사본 1부, 표준규격사진 1매, 수수료
재학(연구생)증명서 (대체: 인증대학 이상은 등록금납입증명서, 일반대학 이하는 협조요청서 및 등록금납입증명서)
체류지 입증서류",,D-2 유학 / 외국인등록 (p. 39),대학·대학원 입학허가,"D-10 구직, E-1~E-7 취업, F-2-7 점수제",F-3 동반 (학사·석사·박사만),"유학, 학생, 학위과정, 어학연수",완료,
D-3,D-3,체류,공통사항,,,"법무부장관이 정하는 연수조건을 갖춘 자로 국내 산업체에서 연수를 받고자 하는 자
외국환거래법에 따라 외국에 직접 투자한 산업체
외국에 기술을 수출하는 산업체
대외무역법에 따라 외국에 산업설비를 수출하는 산업체",,,,2년 이내,,"체류자격외 활동 원칙적으로 억제
근무처 변경·추가 해당 없음
체류자격 부여 해당 없음
체류자격 변경 불가 원칙",,,,,,,,,D-3 기술연수 (p. 56),해외투자기업 산업연수 초청,자격변경 제한적,F-3 동반,"기술연수, 산업연수",완료,
D-3,D-3,체류,체류기간 연장,"최초 6개월, 이후 입국한 날부터 2년 범위 내 연장. 연수기간 연장 필요성, 과거 이탈율, 범법사항 등 확인",,,,,,,,,,,,,,,"[필수서류]
신청서(별지34호 서식), 여권원본, 외국인등록증, 수수료
연수기간 연장신청 사유서
사업자등록증과 공장등록증
국내법인 납세증명서
현지법인 납세사실 증명 서류
연수생 임금 및 연수수당 지급 확인서류
신원보증서 원본
산업재해보상보험, 국민건강보험, 보증보험 가입증명서류
체류지 입증서류",,D-3 기술연수 / 체류기간 연장 (p. 32),해외투자기업 산업연수 초청,자격변경 제한적,F-3 동반,"기술연수, 산업연수",완료,2차 검수: 미검수 상태였으나 검증 완료. 예상질문 추가 권장 || [1차검증] 1차 정정: 비자코드 D-3 적절. 출처 p.32 line 625 일치. || [2차자동정정] [검수상태] 적용: '미검수' → '완료'
D-4,D-4,체류,공통사항,,,"유학(D-2) 자격에 해당하는 교육기관 또는 학술연구기관 외에 교육기관이나 기업체·단체 등에서 교육·연수를 받거나 연구활동에 종사하려는 자
어학연수(D-4-1, D-4-7), 기업맞춤형 인턴십(D-4-2K), 외국인유학생(D-4-3), 한식조리연수(D-4-5), 우수사설교육기관 연수(D-4-6)",,,,2년,,체류자격외 활동 원칙적 억제,,,,,,,,,D-4 일반연수 (p. 85),어학원·기관 입학 또는 대학생 단기연수,D-2 유학 (정규과정 진학),-,"일반연수, 어학연수, 한국어",완료,
"D-4 (D-4-1, D-4-7)",D-4,체류,체류자격 변경,,,고등학교 졸업 이상 학력 소지자 (D-4-7 외국어 연수는 고등학교 이하도 가능),,,,,,"D-3/E-9/E-10 자격소지자 및 G-1-6 제외 G-1 자격 소지자는 자격변경 제한, B/C 계열 단기체류자 원칙 제한",,,,,,,"[필수서류]
신청서, 여권, 외국인등록증(소지자), 사진 1매, 수수료
교육기관 사업자등록증 또는 고유번호증 사본
표준입학허가서(대학 총·학장 발행)
재정능력 입증서류
재학증명서 또는 최종학력 입증서류
연수계획서(강의시간표, 강사구성표, 연수시설 등 포함)",,"D-4 일반연수 / 어학연수(D-4-1, D-4-7) 자격 변경 (p. 85~86)",어학원·기관 입학 또는 대학생 단기연수,D-2 유학 (정규과정 진학),-,"일반연수, 어학연수, 한국어",완료,"2차 검수: 제한 자격(D-3/E-9/E-10/G-1) 명시 권장 || [1차검증] 1차 정정: 비자코드 'D-4 (D-4-1, D-4-7)' 형식 OK. 출처 p.85~86 일치. || [2차자동정정] [제한] 적용: '' → 'D-3/E-9/E-10 자격소지자 및 G-1-6 제외 G-1 자격 소지자는 자격변경 제한,'"
D-5,D-5,체류,체류자격외 활동허가,취재(D-5) 자격 체류자,"교수(E-1) ~ 특정활동(E-7), 취재(D-5) ~ 무역경영(D-9)자격으로 외국인등록을 마친 합법 체류자
외국인등록(등록면제자 포함)을 마친 합법 체류자","직장 내에서 동료직원 등을 대상으로 하는 회화지도 활동은 체류자격외 활동 허가(신고)대상 아님
영리 또는 유상 목적이 아닌 사회봉사활동 차원의 회화지도 활동은 체류자격외 활동 허가(신고)대상 아님
회화지도 활동이 주된 활동이 되거나 허용기준 등을 벗어난 회화지도 활동은 자율 허용대상에서 제외",,,,,,,원래의 체류목적을 침해하지 않은 범위 내에서 정규교육기관(초‧중‧고 및 대학)의 교육을 받고자 하는 때는 체류기간 범위 내에서 별도의 허가 절차 불요,,,,,,,"외국 보도기관 특파원으로 한국에 있는데 직장 동료한테 영어 가르쳐도 되나요?
봉사활동으로 회화지도해도 자격외활동 신고 안 해도 되나요?
학교 다니려고 하는데 별도 허가 받아야 하나요?",D-5 취재 / 체류자격외 활동 (p. 104),외국 언론사·방송사 소속,"F-2 거주, F-5 영주",F-3 동반,"취재, 언론, 특파원",완료,
D-5,D-5,체류,근무처 변경/추가,취재(D-5) 자격 체류자,,"근무처 변경·추가 신고대상 아님
소속기관 또는 단체의 명칭이 변경되는 경우에는 법 제35조의 외국인등록사항 변경신고를 받아 처리(시행규칙 제49조의 2)",,,,,,,,소속기관 또는 단체의 명칭 변경 시 외국인등록사항 변경신고,,,,,,"취재기자로 한국에 있는데 회사 이름이 바뀌었어요. 어떻게 신고하나요?
근무처를 옮기게 됐는데 신고해야 하나요?
소속 언론사가 변경되면 어떤 서류가 필요한가요?",D-5 취재 / 근무처 변경·추가 (p. 85),외국 언론사·방송사 소속,"F-2 거주, F-5 영주",F-3 동반,"취재, 언론, 특파원",완료,
D-5,D-5,체류,체류자격 변경,일시취재(C-1) 자격 소지자 또는 사증면제(B-1) 자격으로 입국한 독일인,,"일시취재(C-1) 자격 소지자에 대하여 국내 장기취재 필요성이 입증될 경우 장기취재(D-5) 자격으로의 변경허가
사증면제(B-1) 자격으로 입국한 독일인에 대한 장기체류자격으로 변경 가능 (기술연수(D-3), 비전문취업(E-9) 및 관광취업(H-1)을 제외한 모든 장기체류자격)",,,,체류자격별 1회 부여할 수 있는 체류기간의 상한,,,,,,,,,"[기타서류]
허가 시에는 관계부처 협조공한 등 장기취재 필요성을 입증할 수 있는 서류

[필수서류]
- 신청서 (별지 34호 서식)
- 여권
- 수수료
- 파견명령서(본사 발행)
- 지국·지사의 설치허가증(문화체육관광부에서 발행) 또는 사업자등록증 사본

[기타서류]
국내에 지국·지사가 없거나 증명을 발급받을 수 없는 외신은 주무부처(문화체육관광부 해외문화홍보원)의 협조공문으로 갈음 가능","단기 일시취재로 들어왔는데 장기로 바꾸려면 어떻게 해요?
독일에서 무비자로 입국했는데 장기 체류로 변경 가능한가요?
장기취재 필요성은 어떻게 입증하나요?

취재 비자로 자격 변경할 때 어떤 서류 내요?
본사 파견명령서는 꼭 있어야 하나요?
국내 지국 없는 외신사라면 대체 서류는 뭐예요?",D-5 취재 / 체류자격 변경허가 (p. 105),외국 언론사·방송사 소속,"F-2 거주, F-5 영주",F-3 동반,"취재, 언론, 특파원",완료,
D-5,D-5,체류,체류기간 연장,,,,,,,,,,,,,,,,"[필수서류]
- 신청서(별지34호 서식)
- 여권 및 외국인등록증
- 수수료
- 재직증명서 또는 파견명령서(본사발행)
- 체류지 입증서류(임대차계약서, 숙소제공 확인서, 체류기간 만료예고 통지우편물, 공공요금 납부영수증, 기숙사비 영수증 등)","한국에서 취재 일 하면서 체류 연장하려면 뭐 내요?
체류지 입증서류로 어떤 게 인정되나요?
파견명령서 대신 재직증명서로도 되나요?",D-5 취재 / 체류기간 연장 제출서류 (p. 41),외국 언론사·방송사 소속,"F-2 거주, F-5 영주",F-3 동반,"취재, 언론, 특파원",완료,
D-5,D-5,체류,재입국허가,출국 후 체류기간 범위 내에서 1년을 초과하여 2년 내에 재입국하려는 자,,,,,,,1년 초과 2년 이내,"입국규제 및 사증발급규제자는 체류지 관할 청(사무소·출장소)에 방문하여 재입국허가를 받아야 함
사우디아라비아, 이란, 리비아는 복수재입국제한. 단, 동 국가의 국민 중 결혼이민(F-6), 유학(D-2), 일반연수(D-4)는 가능","등록을 필한 외국인이 출국한 날로부터 1년 이내에 재입국하려는 경우 재입국허가 면제
체류기간이 1년보다 적게 남아있는 경우 체류기간 범위 내에서 재입국허가 면제",,,,,,"[필수서류]
- 신청서(별지 34호서식)
- 여권 원본
- 외국인등록증
- 수수료","잠깐 본국 다녀와도 재입국허가 안 받아도 되나요?
1년 넘게 나갔다 와도 다시 들어올 수 있나요?
복수 재입국허가 어떻게 받아요?

1년 넘게 나가 있을 건데 복수재입국허가는 어떻게 받아요?
재입국허가 신청에 필요한 서류는 뭐예요?
출국 후 최대 얼마 동안 재입국이 보장되나요?",D-5 취재 / 재입국허가 (p. 31),외국 언론사·방송사 소속,"F-2 거주, F-5 영주",F-3 동반,"취재, 언론, 특파원",완료,
D-5,D-5,체류,외국인등록,,,,변경일로부터 15일 이내 신고,,,,,,,"신고사항 : 성명, 성별, 생년월일 및 국적, 여권의 번호·발급일자·유효기간
신고대상 : 소속기관 또는 단체의 변경(명칭변경 포함)이나 추가
신고기한 : 변경일로부터 15일 이내",,,,,"[필수서류]
- 신청서(별지34호 서식)
- 여권원본
- 표준규격사진1장
- 수수료
- 지국·지사의 설치허가증 또는 '부가가치세법'에 따른 사업자등록증
- 체류지 입증서류

[기타서류]
국내에 지국·지사가 없거나 증명을 발급받을 수 없는 외신은 주무부처(문화체육관광부 해외문화홍보원)의 협조공문으로 갈음 가능

[필수서류]
- 신청서(별지 34호 서식)
- 여권 및 외국인등록증
- 수수료
- 변경관련 입증서류","취재 비자로 외국인등록 할 때 뭐 챙겨가요?
사업자등록증이 없으면 어떻게 해요?
지국 설치허가증도 꼭 필요해요?

여권 번호가 바뀌었는데 며칠 안에 신고해야 하나요?
소속 언론사 이름이 변경됐는데 어떻게 처리하나요?
외국인등록사항 변경신고에 필요한 서류는요?",D-5 취재 / 외국인등록 신청서류 (p. 105),외국 언론사·방송사 소속,"F-2 거주, F-5 영주",F-3 동반,"취재, 언론, 특파원",완료,
D-6,D-6,체류,체류자격외 활동허가,"종교(D-6) 자격 체류자

동일 종교재단 산하기관 근무자","교수(E-1) ~ 특정활동(E-7), 취재(D-5) ~ 무역경영(D-9)자격으로 외국인등록을 마친 합법 체류자
외국인등록(등록면제자 포함)을 마친 합법 체류자","직장 내에서 동료직원 등을 대상으로 하는 회화지도 활동은 체류자격외 활동 허가(신고)대상 아님
영리 또는 유상 목적이 아닌 사회봉사활동 차원의 회화지도 활동은 체류자격외 활동 허가(신고)대상 아님
회화지도 활동이 주된 활동이 되거나 허용기준 등을 벗어난 회화지도 활동은 자율 허용대상에서 제외
동일 종교재단 산하기관 근무자의 종교(D-6), 교수(E-1) 상호간 체류자격외 활동 가능",,,,,,,원래의 체류목적을 침해하지 않은 범위 내에서 정규교육기관(초‧중‧고 및 대학)의 교육을 받고자 하는 때는 체류기간 범위 내에서 별도의 허가 절차 불요,,,,,,"[필수서류]
- 신청서(별지34호 서식)
- 여권 및 외국인등록증
- 수수료
- 동일재단입증서류
- 고용계약서 원본 및 사본
- 학위증
- 사업자등록증 사본
- 원근무처장의 동의서","종교 비자로 와있는데 같은 재단의 대학에서 강의도 할 수 있나요?
교회 봉사로 회화지도 해도 되나요?
선교사로 와서 학교 다닐 때 별도 허가 필요해요?

같은 재단 학교에서 강의하려면 어떤 서류 내요?
학위증과 고용계약서는 꼭 있어야 하나요?
원근무처 동의서는 어디서 받아요?",D-6 종교 / 체류자격외 활동 (p. 104),종교단체 파송,"F-2 거주, F-5 영주",F-3 동반,"종교, 선교, 종교활동",완료,
D-6,D-6,체류,근무처 변경/추가,,,"근무처 변경·추가 허가(신고) 대상 아님
소속기관 또는 단체의 명칭이 변경되는 경우에는 법 제35조의 외국인등록사항 변경신고를 받아 처리",,,,,,,,소속기관 또는 단체의 명칭 변경 시 외국인등록사항 변경신고,,,,,,"소속 교회를 옮기면 근무처 변경 신고해야 하나요?
종교단체 이름이 바뀌었을 때 어떻게 처리하나요?
근무처 추가 허가는 필요 없나요?",D-6 종교 / 근무처 변경·추가 (p. 85),종교단체 파송,"F-2 거주, F-5 영주",F-3 동반,"종교, 선교, 종교활동",완료,
D-6,D-6,체류,체류자격 변경,사증면제(B-1) 자격으로 입국한 독일인 또는 캐나다 국민,,"원칙적 불가, 예외적 허용
사증면제(B-1) 자격으로 입국한 독일인에 대한 장기체류자격으로 변경 (기술연수(D-3), 비전문취업(E-9) 및 관광취업(H-1)을 제외한 모든 장기체류자격)
사증면제(B-1) 자격으로 입국한 캐나다 국민에 대한 장기체류자격으로 변경 (문화예술(D-1), 종교(D-6), 방문동거(F-1), 동반(F-3), 기타(G-1))",,,,"독일인: 체류자격별 1회 부여할 수 있는 체류기간의 상한
캐나다 국민: 입국일로부터 6개월 미만",,원칙적으로 체류자격 변경 불가,,,,,,,"[필수서류]
- 신청서(별지34호 서식)
- 여권
- 표준규격사진1장
- 수수료
- 파송명령서(파송단체 발행)
- 해당 단체 설립허가서
- 사업자등록증 사본 또는 고유번호증 사본","무비자로 입국했는데 종교비자로 바꿀 수 있나요?
독일 국적인데 장기체류로 변경 가능한가요?
캐나다 국민은 어떤 자격으로 변경 가능해요?

종교비자로 변경할 때 어떤 서류 챙겨야 해요?
파송단체에서 받아야 하는 서류는 뭐예요?
교회 설립허가서도 필요해요?",D-6 종교 / 체류자격 변경허가 (p. 108),종교단체 파송,"F-2 거주, F-5 영주",F-3 동반,"종교, 선교, 종교활동",완료,
D-6,D-6,체류,체류기간 연장,,,,,,,,,,,,,,,,"[필수서류]
- 신청서(별지34호 서식)
- 여권 및 외국인등록증
- 수수료
- 재직증명서 또는 파송명령서(파송단체 발행)
- 체류지 입증서류(임대차계약서, 숙소제공 확인서, 체류기간 만료예고 통지우편물, 공공요금 납부영수증, 기숙사비 영수증 등)","선교사로 한국에 더 머물려면 어떤 서류 내요?
파송명령서는 어느 단체에서 받나요?
체류지 증명은 어떤 걸로 하나요?",D-6 종교 / 체류기간 연장 제출서류 (p. 41),종교단체 파송,"F-2 거주, F-5 영주",F-3 동반,"종교, 선교, 종교활동",완료,
D-6,D-6,체류,재입국허가,,출국 후 체류기간 범위 내에서 1년을 초과하여 2년 내에 재입국하려는 자,,,,,,,"입국규제 및 사증발급규제자는 체류지 관할 청(사무소·출장소)에 방문하여 재입국허가를 받아야 하며 수수료 제출 대상
사우디아라비아, 이란, 리비아는 복수재입국제한. 단, 동 국가의 국민 중 결혼이민(F-6), 유학(D-2), 일반연수(D-4)는 가능","등록을 필한 외국인이 출국한 날로부터 1년 이내에 재입국하려는 경우 재입국허가 면제
체류기간이 1년보다 적게 남아있는 경우 체류기간 범위 내에서 재입국허가 면제",,,,,,"[필수서류] 신청서(별지 34호 서식), 여권 원본, 외국인등록증, 수수료","선교 활동 중에 잠깐 본국 다녀와도 되나요?
재입국허가 면제 조건이 어떻게 돼요?
1년 넘게 출국할 때는 어떻게 해요?",D-6 종교 / 재입국허가 (p. 158),종교단체 파송,"F-2 거주, F-5 영주",F-3 동반,"종교, 선교, 종교활동",완료,"2차 검수: 제출서류/대상자 보강 필요. 다른 D-5 재입국허가 행과 패턴 일치시킬 것 || [1차검증] 출처 p.158이지만 D-6 종교 섹션은 line 1541에 위치. 페이지 매핑 확인 필요. 다만 manual상 p. 158 표기는 PDF 원본 페이지 번호일 수 있어 수용 가능. || [2차자동정정] [제출서류] 적용: '' → '[필수서류] 신청서(별지 34호 서식), 여권 원본, 외국인등록증, 수수료' | [대상자] 적용: '' → '출국 후 체류기간 범위 내에서 1년을 초과하여 2년 내에 재입국하려는 자' || [3차검토] [출처] 검토: 현재='D-6 종교 / 재입국허가 (p. 158)' / 제안='' (Content is correct but page reference is wrong. Should be p.) || [3차요약] Content is correct but page reference is wrong. Should be p. 105 or p. 106."
D-6,D-6,체류,외국인등록,,,,,,,,,,,"외국인등록사항 변경신고: 성명/성별/생년월일/국적, 여권번호·발급일자·유효기간, 소속기관 변경. 신고기한: 변경일로부터 15일 이내",,,,,"[필수서류]
- 신청서(별지34호 서식)
- 여권원본
- 표준규격사진1장
- 수수료
- '종교단체 또는 사회복지단체 설립' 관련 서류
- 체류지 입증서류","종교비자로 외국인등록 할 때 어떤 서류 필요해요?
종교단체 설립 서류는 어떻게 받아요?
체류지 입증은 뭘로 하나요?",D-6 종교 / 외국인등록 신청서류 (p. 32),종교단체 파송,"F-2 거주, F-5 영주",F-3 동반,"종교, 선교, 종교활동",완료,"2차 검수: 의무사항 보강 권장 (외국인등록사항 변경신고) || [1차검증] 1차 정정: 비자코드 D-6 적절. 출처 p.32 일치. || [2차자동정정] [의무사항] 적용: '' → '외국인등록사항 변경신고: 성명/성별/생년월일/국적, 여권번호·발급일자·유효기간, 소속기관 '"
D-7,D-7,체류,체류자격외 활동허가,"주재(D-7) 자격 체류자

국내기업(투자기업포함)에서 상근이사 이상의 직으로 근무하는 투자자(D-7, D-8, D-9) 또는 전문인력(E-1, E-3 ~ E-5, E-7) 자격 소지자","교수(E-1) ~ 특정활동(E-7), 취재(D-5) ~ 무역경영(D-9)자격으로 외국인등록을 마친 합법 체류자","직장 내에서 동료직원 등을 대상으로 하는 회화지도 활동은 체류자격외 활동 허가(신고)대상 아님
영리 또는 유상 목적이 아닌 사회봉사활동 차원의 회화지도 활동은 체류자격외 활동 허가(신고)대상 아님
회화지도 활동이 주된 활동이 되거나 허용기준 등을 벗어난 회화지도 활동은 자율 허용대상에서 제외
기업투자(D-8) 자격 소지자에 대한 동일계열 회사 내의 주재(D-7)자격의 체류자격외 활동 가능

대학에서 90일 이내 강의활동을 하려는 자",,,,90일 이내,,,원래의 체류목적을 침해하지 않은 범위 내에서 정규교육기관(초‧중‧고 및 대학)의 교육을 받고자 하는 때는 체류기간 범위 내에서 별도의 허가 절차 불요,,,,,,"[필수서류]
- 신청서(별지 34호 서식)
- 여권 및 외국인등록증
- 수수료
- 총(학)장의 추천서
- 고유번호증(사업자등록증) 사본
- 고용계약서 원본 및 사본
- 원근무처장의 동의서","파견근무자로 와있는데 회사에서 동료한테 영어 가르쳐도 되나요?
봉사활동으로 회화지도 해도 되나요?
아이가 학교 다니려면 별도 허가 받아야 해요?

외국 회사 임원으로 있는데 대학에서 강의해도 되나요?
대학 강의는 얼마나 할 수 있어요?
강연활동 자격외 신청에 필요한 서류는 뭐예요?",D-7 주재 / 체류자격외 활동 (p. 111),동일 계열 외국기업 파견명령,"F-2 거주, F-5 영주",F-3 동반,"주재, 파견, 외국기업 지사",완료,
D-7,D-7,체류,근무처 변경/추가,주재(D-7) 자격 소지자의 같은 계열회사 내 이동,,"근무처 변경·추가 허가(신고) 대상 아님 - 외국인등록사항 변경신고로 처리
같은 계열회사내의 이동일 경우 '외국인등록사항 변동신고'로 업무처리",,,,,,,,소속기관 또는 단체의 변경(명칭변경 포함) 시 외국인등록사항 변경신고,,,,,"[필수서류]
- 신청서(별지34호 서식)
- 여권 및 외국인등록증
- 수수료
- 파견명령서 원본(외국 본사발행)
- 동일계열사 입증서류(법인등기사항전부증명서 등)
- 추가 변경근무처의 영업자금도입증빙서류(외국환매입증명서, 임대차계약서 등)
- 추가 변경근무처의 법인등기사항전부증명서 원본
- 추가 변경근무처의 사업자등록증 사본","같은 그룹의 다른 계열사로 옮기면 어떻게 신고하나요?
근무처 변경할 때 필요한 서류는 뭐예요?
파견명령서는 어디서 발행받나요?",D-7 주재 / 근무처 변경·추가 (p. 112),동일 계열 외국기업 파견명령,"F-2 거주, F-5 영주",F-3 동반,"주재, 파견, 외국기업 지사",완료,
D-7,D-7,체류,체류자격 변경,"기업투자(D-8) 자격 소지자, 단기방문(C-3-4) 칠레국민, 사증면제(B-1) 독일인

기업투자(D-8)에서 주재(D-7)로 변경하는 자

단기방문(C-3-4)사증을 소지한 칠레국민",,"기업투자(D-8) 자격을 소지하고 외국인투자기업에 필수전문인력으로 근무하고 있는 자로 동일계열 외국기업에서 설치한 국내지사, 자회사, 주재사무소, 법무부장관이 정하는 계열회사 등에 파견(전근)명령을 받아 근무하려는 합법체류자
단기방문(C-3-4)사증을 소지한 칠레국민으로 관리자나 임원자격 또는 전문지식과 관련된 자격으로 일방당사국의 기업에 고용되어 그 기업, 자회사 또는 계열사에 근무하려는 자
사증면제(B-1) 자격으로 입국한 독일인",신설지사 및 과거 출입국관리법 위반 신청자의 경우 반드시 실태조사(확인필요),,,1회에 부여할 수 있는 체류기간 상한: 3년,,,,,,,,,"[필수서류]
- 신청서(별지34호 서식)
- 여권 및 외국인등록증
- 표준규격사진1장
- 수수료
- 신청사유서
- 파견명령서(외국본사 발행) 원본 또는 재직예정증명서
- 외국기업의 국내지사 설치허가서 사본 또는 연락사무소 설치허가서 사본(외국환은행 발행)
- 동일계열 외국기업 입증 서류(법인등기사항전부증명서 등)
- 근무하려는 기업의 연간납세증명서 또는 외국환매입증명서 등 영업자금 도입실적 증명서류
- 사무실 임대차 계약서 원본
- 근무 중인 외국인 현황

[기타서류]
개인 납세사실증명원 원본(근로소득원천징수영수증(작년) 또는 소득금액증명원(최근 기록)) - 필요 시 추가 서류

[필수서류]
- 신청서(별지34호 서식)
- 여권
- 표준규격사진1장
- 수수료
- 외국소재 회사 등 재직증명서
- 파견명령서(본사 발행)
- 국내 지점 등 설치 입증서류(지사 또는 연락사무소 설치허가서 등)
- 외국환매입증명서 등 영업자금 도입실적 입증서류
- 이력서 또는 경력증명서
- 사업자등록증 사본
- 연간 납세사실증명서","기업투자 비자에서 주재 비자로 바꿀 수 있나요?
칠레 국적으로 단기 방문 중인데 주재로 변경되나요?
동일 계열사로 파견 명령 받았는데 자격 변경 가능해요?

투자 비자에서 주재 비자로 바꾸려면 뭐 챙겨가요?
파견명령서는 누가 발행해요?
영업자금 도입실적은 어떻게 증명하나요?

칠레에서 단기로 왔는데 회사 근무하려면 어떤 서류 내요?
경력증명서는 꼭 있어야 하나요?
파견명령서랑 사업자등록증 둘 다 필요한가요?

주재 비자로 한 번에 얼마나 머무를 수 있어요?
체류기간 상한은 어떻게 되나요?
3년 후엔 어떻게 연장하나요?",D-7 주재 / 체류자격 변경 대상 (p. 112),동일 계열 외국기업 파견명령,"F-2 거주, F-5 영주",F-3 동반,"주재, 파견, 외국기업 지사",완료,
D-7,D-7,체류,체류기간 연장,"영 별표 1의 16. 주재(D-7)란의 가목/나목 해당자, 외국법자문법률사무소 구성원 등",,"무역경영(D-9) 등 자격소지자에 대한 체류기간연장 시 개인 납세사실증명원 징구
외국인이 국내사업장 등에서 업무를 수행하고 급여를 외국의 본사에서 지급 받는 경우 을종근로소득세 부과 대상","을근납세조합 가입 시: 을근납세조합장이 발급한 을종근로소득원천징수영수증 제출
을근납세조합 미가입 시: 주소지 관할 세무서장이 발급한 소득금액증명원 제출",,,,,,,,,,,,"[필수서류]
- 신청서(별지34호 서식)
- 여권 및 외국인등록증
- 수수료
- 가목 해당자: 파견명령서(외국본사 발행) 또는 외국본사 재직증명서, 국내지사설치허가서 사본 또는 연락사무소 설치허가서 사본(외국환은행 발행), 영업자금도입실적증빙서류(외국환매입증명서, 임대차계약서 등), 개인 납세사실증명 서류 (개인 납세사실증명원 원본 또는 근로소득원천징수영수증(작년의 기록) 또는 소득금액증명원), 체류지 입증서류
- 나목 해당자: 재직증명서, 납세사실증명 서류, 체류지 입증서류
- 외국법자문법률사무소: 국내지점 등 설치 신고서 및 사업자등록증, 외국법자문법률사무소 및 외국법자문사 등록증 사본, 파견명령서(본사발행, 파견기간 명시) 및 재직증명서(국내지점), 납세증명서 및 납세사실증명서(개인 및 회사), 체류지 입증서류","파견근무자로 체류기간 연장할 때 뭐 챙겨가요?
외국 본사에서 급여 받는 경우 세금 증명은 어떻게 해요?
외국법자문법률사무소 직원도 같은 서류 내나요?",D-7 주재 / 체류기간 연장 제출서류 (p. 113),동일 계열 외국기업 파견명령,"F-2 거주, F-5 영주",F-3 동반,"주재, 파견, 외국기업 지사",완료,
D-7,D-7,체류,외국인등록,,,,,,,,,,,"외국인등록사항 변경신고: 성명/성별/생년월일/국적, 여권의 번호·발급일자·유효기간, 소속기관 또는 단체 변경. 신고기한: 변경일로부터 15일 이내",,,,,"[필수서류]
- 신청서(별지34호 서식)
- 여권원본
- 표준규격사진1장
- 수수료
- 사업자등록증 (외국법자문법률사무소 등록증 : 해당자에 한함)
- 체류지 입증서류","주재 비자로 외국인등록 할 때 어떤 서류 내요?
사업자등록증 없으면 어떻게 해요?
외국법자문법률사무소 직원은 추가 서류가 있나요?",D-7 주재 / 외국인등록 신청서류 (p. 113~114),동일 계열 외국기업 파견명령,"F-2 거주, F-5 영주",F-3 동반,"주재, 파견, 외국기업 지사",완료,"2차 검수: 의무사항(외국인등록사항 변경신고) 보강 권장 || [1차검증] 1차 정정: 비자코드 D-7 적절. 출처 p.113~114 일치. || [2차자동정정] [의무사항] 적용: '' → '외국인등록사항 변경신고: 성명/성별/생년월일/국적, 여권의 번호·발급일자·유효기간, 소속기'"
D-7,D-7,체류,사증발급,,"필수전문인력 - 임원(EXECUTIVE), 상급관리자(SENIOR MANAGER), 전문가(SPECIALIST)","외국의 공공기관, 단체 또는 회사의 본사, 지사, 기타 사업소 등에서 1년 이상 근무한 자로서 대한민국에 있는 그 계열회사, 자회사, 지점 또는 사무소 등에 필수전문인력으로 파견되어 근무하려는 자 (기업투자(D-8)자격 해당자 제외)
국가기간산업 또는 국책사업에 종사하려는 경우 또는 법무부장관이 필요하다고 인정하는 경우에는 1년 이상의 근무요건을 적용하지 아니함
상장법인 또는 공공기관이 설립한 해외 현지법인이나 해외지점에서 1년 이상 근무한 자로서 대한민국에 있는 그 본사나 본점에 파견되어 전문적인 지식·기술 또는 기능을 제공하거나 전수받으려는 자 (다만, 상장법인의 해외 현지법인이나 해외지점 중 본사의 투자금액 또는 영업기금이 미화 50만 달러 미만인 경우는 제외)

[표]
필수전문인력 3종 구분: 임원, 상급관리자, 전문가

임원: 조직 내 조직 관리 제1차적 지휘, 의사결정 광범위 권한, 기업 최고위 임원으로 이사회/주주로부터 일반적 지휘·감독만 받음
상급관리자: 기업 또는 부서단위 조직의 목표와 정책 수립 및 시행 책임, 계획·지휘·감독 권한 및 직원에 대한 고용 및 해고권
전문가: 해당기업 서비스의 연구·설계·기술·관리 등에 필수적인 고도의 전문적이고 독점적인 경험과 지식",,,,3년,,,,,,,,,,"해외 본사 직원이 한국 지사로 파견되려면 어떤 조건이 있나요?
필수전문인력 임원으로 인정받으려면 어떤 위치여야 하나요?
국책사업이면 근무기간 요건이 면제되나요?",D-7 주재 / 자격 해당자 (p. 110),동일 계열 외국기업 파견명령,"F-2 거주, F-5 영주",F-3 동반,"주재, 파견, 외국기업 지사",완료,2차 검수: 미검수→완료. 1회부여 체류기간(3년) 보강 권장 || [1차검증] 1차 정정: 비자코드 D-7 적절. 출처 p.110 일치. || [2차자동정정] [검수상태] 적용: '미검수' → '완료' | [1회부여 체류기간] 적용: '' → '3년'
D-8,D-8,체류,사증발급,,,"1. 외국인투자촉진법에 따른 외국인투자기업 대한민국 법인의 경영·관리 또는 생산·기술 분야에 종사하려는 필수 전문인력 (법인에 투자, D-8-1) - 설립완료 법인만 해당, 국내에서 채용하는 사람은 제외
2. 지식재산권을 보유하는 등 우수한 기술력으로 벤처기업육성에 관한 특별조치법에 따른 벤처기업 설립자 (벤처 투자, D-8-2)
3. 외국인투자촉진법에 따른 외국인투자기업인 대한민국 국민(개인)이 경영하는 기업의 필수전문인력 (개인기업에 투자, D-8-3) - 국내에서 채용하는 사람은 제외
4. 국내에서 전문학사 이상의 학위를 취득한 사람, 또는 국외에서 학사 이상의 학위를 취득한 사람, 또는 관계 중앙행정기관의 장이 추천한 사람으로서 지식재산권을 보유하거나 이에 준하는 기술력을 가진 법인 창업자 (기술 창업, D-8-4)",,,,,"법인에 투자(D-8-1) 및 개인기업에 투자(D-8-3): 5년
벤처투자(D-8-2) 및 기술창업(D-8-4): 2년",,,,,,,,,"한국 법인에 투자하면 어떤 비자 받을 수 있어요?
벤처기업 설립자도 비자 받을 수 있나요?
기술창업으로 한국 들어오려면 어떤 조건이 있어요?

기업투자 비자로 한 번에 얼마나 머무를 수 있어요?
벤처투자와 일반 법인투자 비자 체류기간이 다른가요?
기술창업 비자 체류기간은 어떻게 돼요?",D-8 기업투자 / 자격 해당자 (p. 116),외국인투자촉진법상 1억원 이상 투자,"F-5-5 (50만 달러 이상 투자자, 국민 5인 이상 고용) 또는 F-5-1 일반영주",F-3 동반,"기업투자, 외국인투자, 창업",완료,"D-8 사증발급/자격해당자 일반 정보. 선행자격·다음단계 일반화 표현 재검토 필요(D-8-2/D-8-4는 투자금 기반 아님). F-5 코드 매핑은 별도 영주 섹션 교차검증 필요. || [자동정정] [다음단계] 적용: 'F-5-5 (5억 이상) / F-5 영주' → 'F-5-7(외국인투자기업 5억 이상 투자 후 3년) 또는 F-5 일반영주' || [검토필요] [선행자격] 검토필요: 현재='외국인투자촉진법상 1억원 이상 투자' / 제안='(D-8-1/3) 외국인투자촉진법상 1억원 이상 투자 / (D-8-2) 벤처기업 확인 또는 기술성 우수평가 / (D-8-4) 전문학사 이상 학위' (사유: ) || Round2: 다음단계 round1 정정(F-5-7)은 오류이므로 F-5-5로 재정정. 선행자격은 round1의 [검토필요] 그대로 유효 — D-8-1/3은 외국인투자촉진법 1억 이상, D-8-2는 벤처기업 확인, D-8-4는 학위+점수제로 분기 표현 필요. || [2차검토필요] [다음단계] 검토필요: 현재='F-5-7(외국인투자기업 5억 이상 투자 후 3년) 또는 F-5 일반영주' / 제안='F-5-5 (50만 달러 이상 투자자, 국민 5인 이상 고용) 또는 F-5-1 일반영주' (사유: 다음단계 'F-5-5 또는 F-5 일반영주' 권장 (시행령 별표1의3 라목 + F-5 세부약호표 F-5-5 = 50만 달러 이상 투자자로 국민 ) || [3차PDF정정] [다음단계] 'F-5-7(외국인투자기업 5억 이상 투자 후 3년) 또는 F-5 일반영주' → 'F-5-5 (50만 달러 이상 투자자, 국민 5인 이상 고용) 또는 F-' || [3차요약] 다음단계 발명/오류"
D-8,D-8,체류,체류자격외 활동허가,"투자자(D-7, D-8, D-9) 중 상근이사 이상 또는 전문인력(E-1, E-3~E-5, E-7) 자격소지자","법인에 투자(D-8-1) 및 개인기업에 투자(D-8-3) 자격요건을 갖춘 등록외국인
벤처투자(D-8-2) 및 기술창업(D-8-4(S)) 자격요건을 갖춘 교수(E-1), 연구(E-3), 기술지도(E-4), 전문직업(E-5) 자격 등록외국인","본인의 연구·종사 분야 등 관련 벤처투자(D-8-2)·기술창업(D-8-4(S)) 활동만 허용

대학에서 90일 이내 강의활동을 하려는 자

90일을 초과하여 정기적으로 대학에서 강의활동을 하고자 하는 자는 본부 승인상신",,,,90일 이내,,,체류자격외활동허가 면제범위 확대: 원래의 체류목적을 침해하지 않은 범위 내에서 정규교육기관(초‧중‧고 및 대학)의 교육을 받고자 하는 때는 체류기간 범위 내에서 별도의 허가 절차 불요,,,,,,"[필수서류]
- 신청서(별지 34호 서식)
- 여권 및 외국인등록증
- 수수료
- 총(학)장의 추천서
- 고유번호증(사업자등록증) 사본
- 고용계약서 원본 및 사본
- 원근무처장의 동의서","투자 비자 가진 사람이 벤처투자 활동도 같이 할 수 있어요?
교수로 일하면서 기술창업도 가능해요?
어떤 분야의 벤처투자 활동만 허용되나요?

투자 비자로 와있는데 대학 강의 잠깐 할 수 있어요?
90일 이상 강의하려면 어떻게 해야 해요?
필요한 서류는 뭐가 있나요?",D-8 기업투자 / 체류자격외 활동 대상 (p. 116),외국인투자촉진법상 1억원 이상 투자,"F-5-5 (50만 달러 이상 투자자, 국민 5인 이상 고용) 또는 F-5-1 일반영주",F-3 동반,"기업투자, 외국인투자, 창업",완료,"Round2: 금액 표기 통일 권장(USD 50만 달러). 나머지는 원문 일치. || [2차자동정정] [다음단계] 적용: 'F-5-5 (5억 이상) / F-5 영주' → 'F-5-5 (50만 달러 이상 투자자, 국민 5인 이상 고용) 또는 F-5-1 일반영주' || [3차요약] 다음단계 'F-5-5 (50만 달러 + 5인 고용) 또는 F-5-1 일반영주' 정확. 자격요건/제출서류/페이지 모두 PDF p.113-126 (file p057-p063)와 일치."
D-8,D-8,체류,근무처 변경/추가,,,"근무처 변경·추가 허가(신고) 대상 아님
외국인등록사항 변경신고로 처리
주재(D-7) 내지 무역경영(D-9)자격 소지자의 같은 계열회사내의 이동일 경우 '외국인등록사항 변동신고'로 업무처리",,,,,,,,소속기관 또는 단체의 변경(명칭변경 포함) 시 외국인등록사항 변경신고,,,,,"[필수서류]
- 신청서(별지34호 서식)
- 여권 및 외국인등록증
- 수수료
- 파견명령서 원본(외국 본사발행)
- 동일계열사 입증서류(법인등기사항전부증명서 등)
- 추가 변경근무처의 영업자금도입증빙서류(외국환매입증명서, 임대차계약서 등)
- 추가 또는 변경근무처의 납세증명서 및 납세사실증명서
- 추가 변경근무처의 법인등기사항전부증명서 원본
- 추가 또는 변경근무처의 사업자등록증 사본
- 추가 또는 변경 근무처의 투자기업등록증 사본","같은 그룹사로 옮길 때 필요한 서류는 뭐예요?
투자 비자로 근무처 변경 신고하려면 어떻게 해요?
납세증명서도 같이 내야 하나요?",D-8 기업투자 / 근무처 변경·추가 (p. 111),외국인투자촉진법상 1억원 이상 투자,"F-5-5 (50만 달러 이상 투자자, 국민 5인 이상 고용) 또는 F-5-1 일반영주",F-3 동반,"기업투자, 외국인투자, 창업",완료,"Round2: 원문 충실. 다음단계 표기만 통일 권장. || [2차자동정정] [다음단계] 적용: 'F-5-5 (5억 이상) / F-5 영주' → 'F-5-5 (50만 달러 이상 투자자, 국민 5인 이상 고용) 또는 F-5-1 일반영주' || [3차요약] 다음단계 'F-5-5 (50만 달러 + 5인 고용) 또는 F-5-1 일반영주' 정확. 자격요건/제출서류/페이지 모두 PDF p.113-126 (file p057-p063)와 일치."
D-8 (D-8-1),D-8,체류,체류자격 변경,,,"투자대상이 대한민국 법인일 것
투자금액이 1억원 이상으로, 투자한 법인의 의결권 있는 주식총수의 100분의 10이상을 소유(외국인투자촉진법시행령 제2조제2항1호)하거나 법인의 주식 등을 소유하면서 임원 파견, 선임 계약 등을 체결(외국인투자촉진법시행령 제2조제2항2호)
투자자금은 투자자 본인 명의 금액을 원칙으로 하되, 배우자 및 미성년 자녀 명의 반입 및 대리송금은 예외적으로 인정
단, 투자금 3억원 이상 투자자의 경우 부모 및 배우자 부모 명의 반입 및 대리 송금 추가 인정 가능",,,,,,,,,,,,,"[필수서류]
- 신청서(별지34호 서식)
- 여권 및 외국인등록증
- 표준규격사진1장
- 사업자등록증 사본
- 법인등기사항전부증명서
- 주주변동상황명세서 원본
- 투자기업등록증 사본
- 주재활동의 경우 파견명령서(파견기간이 명시된 해외 본사 및 해외 본사의 제3국 소재 지사 발행) 및 재직증명서
- 투자자금 도입관련 입증서류 (현금출자: 해당국 세관이나 본국 은행의 외화반출허가(신고)서, 투자자금 도입 내역서(송금확인증, 외국환 매입증명서, 세관신고서 등) / 현물출자: 현물출자완료 확인서 사본(관세청장 발행), 세관 수입신고필증 사본)
- 영업실적(수출입실적 등) 증명서
- 체류지 입증서류(부동산 임대차계약서 등)
- 사업장 존재 입증 서류(사무실 임대차 계약서, 사업장 전경·사무공간·간판 사진 등 자료)

[기타서류]
투자금액 3억원 미만 개인투자자에 대한 추가서류:
- 자본금 사용내역 입증서류(물품구매 영수증, 사무실 인테리어 비용, 국내은행 계좌 입출금 내역서 등)
- 해당 업종 또는 분야의 사업 경험 관련 국적국 서류(필요시 징구)
외국인투자기업등록지위를 갖춘 금융지주회사에서 100%출자한 자회사의 필수전문인력인 경우:
- 금융지주회사의 인가서 및 외국인투자기업등록증
- 자회사의 법인등기사항전부증명서 및 주주명부
- 해외본사의 파견명령서
- 금융지주회사 및 자회사의 사업자등록증사본","법인에 얼마 정도 투자해야 비자 받을 수 있어요?
배우자 명의로 송금해도 인정되나요?
의결권 주식 비율 요건은 어떻게 돼요?

법인 투자비자로 변경할 때 어떤 서류 챙겨야 해요?
3억 미만 투자자는 추가 서류가 더 필요한가요?
현금이 아니라 현물로 투자하면 서류가 다른가요?",D-8-1 법인에 투자 / 허가요건 (p. 118),외국인투자촉진법상 1억원 이상 투자,F-5-5 (50만 달러 이상 + 국민 5인 이상 고용 고액 투자자) 또는 F-5-1 일반영주,F-3 동반,"기업투자, 외국인투자, 창업",완료,"D-8-1 체류자격 변경허가 요건 — 원문 정확. 다음단계 F-5-5 표기는 F-5-7으로 정정 권장. || [자동정정] [다음단계] 적용: 'F-5-5 (5억 이상) / F-5 영주' → 'F-5-7(외국인투자기업 5억 이상 투자 후 3년) 또는 F-5 일반영주' || Round2: 다음단계 round1 정정(F-5-7) 오류로 F-5-5로 재정정 필요. 자격요건·제출서류는 원문 일치. || [2차검토필요] [다음단계] 검토필요: 현재='F-5-7(외국인투자기업 5억 이상 투자 후 3년) 또는 F-5 일반영주' / 제안='F-5-5 (50만 달러 이상 투자자, 국민 5인 이상 고용) 또는 F-5-1 일반영주' (사유: 다음단계 'F-5-5 또는 F-5 일반영주' 권장 (시행령 별표1의3 라목 + F-5 세부약호표 F-5-5 = 50만 달러 이상 투자자로 국민 ) || [3차검토] [다음단계] 검토: 현재='F-5-7(외국인투자기업 5억 이상 투자 후 3년) 또는 F-5 일반영주' / 제안='F-5-5 (50만 달러 이상 투자자, 국민 5인 이상 고용) 또는 F-5-1 일반영주' (동일 근거. D-8-1 법인투자자도 50만달러 투자+5인 고용 요건 충족 시 F-5-5 경로. 그렇지 않으면) || [3차요약] 다음단계 발명/오류 (row 0과 동일) || [100%정정 PDF] 다음단계 F-5-7→F-5-5 정정 (PDF p.215 별표1의3 3호)"
D-8 (D-8-2),D-8,체류,체류자격 변경,,,"지식재산권을 보유하는 등 우수한 기술력으로 벤처기업육성에 관한 특별조치법 제2조의2제1항제2호다목에 따른 벤처기업 설립(또는 설립예비)한 사람 중 같은 법 제25조에 따라 벤처기업 확인(또는 예비 벤처기업 확인)을 받은 기업의 대표자 또는 기술성이 우수한 것으로 평가를 받은 기업의 대표자
기술평가보증기업 및 예비벤처기업(해당 벤처기업의 법인설립 또는 사업자등록을 준비 중인 경우 및 동 기업의 창업 후 6개월 이내의 기업)도 해당
벤처기업 또는 예비벤처기업 여부 확인: 기술신용보증기금, 중소기업진흥공단 또는 한국벤처캐피탈협회에서 실시
기술성 우수평가는 기술신용보증기금 또는 중소기업진흥공단으로부터 받은 것을 말함",,,,,,,,,,,,,"[필수서류]
- 신청서(별지34호 서식)
- 여권, 외국인등록증(해당자)
- 표준규격사진1장
- 사업자등록증 사본
- 법인등기사항전부증명서
- 벤처기업 관련 서류: 벤처기업확인서 또는 예비벤처기업확인서
- 지식재산권을 보유하는 등 우수한 기술력 입증 서류: 특허증(특허청), 실용신안등록증(특허청), 디자인등록증(특허청), 상표등록증(특허청), 저작권등록증(한국저작권위원회) 등 사본 / 기술신용보증기금 또는 중소기업진흥공단의 기술성 우수평가서
- 체류지 입증서류(부동산 등 임대차계약서 등)
- 사무실 임대차계약서
- 영업실적(수출입실적 등) 증명서","벤처기업 대표로 비자 받으려면 어떤 자격이 있어야 해요?
예비벤처기업도 인정되나요?
벤처기업 확인은 어디서 받아요?

벤처투자 비자로 변경할 때 어떤 서류가 필요해요?
특허증이나 벤처기업확인서가 꼭 있어야 하나요?
기술성 우수평가서는 어디서 발급받아요?",D-8-2 벤처투자 / 허가요건 (p. 118),외국인투자촉진법상 1억원 이상 투자,"F-5-5 (50만 달러 이상 투자자, 국민 5인 이상 고용) 또는 F-5-1 일반영주",F-3 동반,"기업투자, 외국인투자, 창업",완료,"D-8-2 벤처투자 — 자격요건/제출서류 원문 일치. 단 선행자격은 벤처기업 확인 기반으로 재기술 필요. || [자동정정] [다음단계] 적용: 'F-5-5 (5억 이상) / F-5 영주' → 'F-5-7 또는 F-5 일반영주(별도 확인)' || [검토필요] [선행자격] 검토필요: 현재='외국인투자촉진법상 1억원 이상 투자' / 제안='벤처기업 설립 + 벤처기업확인(기보·중진공·한국벤처캐피탈협회) 또는 기술성 우수평가(기보·중진공)' (사유: ) || Round2: 다음단계는 F-5-5로 재정정. 선행자격 round1 제안 채택 권장. || [2차자동정정] [다음단계] 적용: 'F-5-7 또는 F-5 일반영주(별도 확인)' → 'F-5-5 (50만 달러 이상 투자자, 국민 5인 이상 고용) 또는 F-5-1 일반영주' || [2차검토필요] [선행자격] 검토필요: 현재='외국인투자촉진법상 1억원 이상 투자' / 제안='벤처기업 설립 + 벤처기업확인(기보·중진공·한국벤처캐피탈협회) 또는 기술성 우수평가(기보·중진공)' (사유: Round1 [검토필요] 채택 (manual line 1569 D-8-2 자격요건).) || [3차요약] 다음단계 'F-5-5 (50만 달러 + 5인 고용) 또는 F-5-1 일반영주' 정확. 자격요건/제출서류/페이지 모두 PDF p.113-126 (file p057-p063)와 일치."
D-8 (D-8-3),D-8,체류,체류자격 변경,,,"투자대상이 대한민국 국민(개인)이 경영하는 기업일 것
투자금액이 1억원 이상으로, 투자한 기업의 출자총액의 100분의 10이상을 소유하고 사업자등록증상 한국인과 공동대표로 등재될 것
투자자금은 투자자 본인 명의 금액을 원칙으로 하되, 배우자 및 미성년 자녀 명의 반입 및 대리송금은 예외적으로 인정
단, 투자금 3억원 이상 투자자의 경우 부모 및 배우자 부모 명의 반입 및 대리 송금 추가 인정 가능
공동사업자인 국민의 사업자금이 1억원 이상일 것",,,,,,,,,,,,,"[필수서류]
- 신청서(별지34호 서식)
- 여권, 외국인등록증(해당자)
- 표준규격사진1장
- 공동사업자가 표시된 사업자등록증 사본, 공동사업자약정서 원본
- 투자기업등록증 사본
- 공동사업자인 국민의 사업자금(사용 내역) 입증서류
- 주재활동의 경우 파견명령서 및 재직증명서
- 투자자금 도입관련 입증서류 (현금출자/현물출자)
- 영업실적(수출입실적 등) 증명서
- 체류지 입증서류(부동산 임대차계약서 등)
- 사업장 존재 입증 서류

[기타서류]
투자금액 3억원 미만 신청자에 대한 추가서류:
- 자본금 사용내역 입증서류 (물품구매 영수증, 사무실 인테리어 비용, 국내은행 계좌 입출금 내역서 등)
- 해당 업종 또는 분야의 사업 경험 관련 국적국 서류","한국 사람이 운영하는 회사에 투자해도 비자 받을 수 있어요?
공동대표로 등록되어야 하나요?
한국인 동업자의 자본금도 따로 필요한가요?

개인사업자에게 투자해서 비자 변경하려면 어떤 서류 내요?
한국인 동업자의 자본 입증서류도 필요한가요?
공동사업자약정서는 어떻게 준비해요?",D-8-3 개인기업에 투자 / 허가요건 (p. 118),외국인투자촉진법상 1억원 이상 투자,"F-5-5 (50만 달러 이상 투자자, 국민 5인 이상 고용) 또는 F-5-1 일반영주",F-3 동반,"기업투자, 외국인투자, 창업",완료,"D-8-3 자격요건/제출서류 원문 정확. || [자동정정] [다음단계] 적용: 'F-5-5 (5억 이상) / F-5 영주' → 'F-5-7 또는 F-5 일반영주' || Round2: 다음단계 F-5-5로 재정정. || [2차자동정정] [다음단계] 적용: 'F-5-7 또는 F-5 일반영주' → 'F-5-5 (50만 달러 이상 투자자, 국민 5인 이상 고용) 또는 F-5-1 일반영주' || [3차요약] 다음단계 'F-5-5 (50만 달러 + 5인 고용) 또는 F-5-1 일반영주' 정확. 자격요건/제출서류/페이지 모두 PDF p.113-126 (file p057-p063)와 일치."
D-8 (D-8-4),D-8,체류,체류자격 변경,"K-Startup 그랜드챌린지 참여자, 정부창업지원사업 수혜자, 스타트업 코리아 특별비자 추천자",,"국내에서 전문학사 이상의 학위를 취득한 사람, 또는 국외에서 학사 이상의 학위를 취득한 사람, 또는 관계 중앙행정기관의 장이 추천한 사람일 것

점수제에 따라 총 300점 중 60점 이상의 점수를 득점하였을 것
필수항목은 반드시 1개 이상 충족하여야 함
대한민국 법인을 설립하고 법인등기 및 사업자등록을 완료하였을 것

K-Startup 그랜드 챌린지 참여자: 최근 2년 이내 K-Startup 그랜드챌린지 참여자로서 선발되어 사업화지원을 받고 있거나 받은 사실이 있는 자
정부창업지원사업 수혜자: 최근 2년 이내 창업지원사업 통합 공고에 따른 중앙행정기관 또는 지방자치단체 창업지원사업 수혜자(고기술 기반 사업 한정)로 선정되어 3천만원 이상의 직접 사업비를 지원받았을 것
스타트업코리아 특별비자: '스타트업 코리아 특별비자 추천 민간평가위원회' 심사승인자로서 중소벤처기업부장관으로부터 기술창업 체류자격 변경허가 등을 위한 추천을 받았을 것

대표자: 사업 참여자로서 기술력을 보유한 당사자
업종: 사업 참여 근거가 되는 기술력과 관련 있는 업종
설립조건: 사업 참여일 이후 신규 설립된 법인
중기부장관으로부터 기술창업(D-8-4) 체류자격변경허가 추천을 받았을 것

허가 기준: 필수항목 1개 이상의 기준을 충족하고, 전체(최대 취득가능 점수) 300점 중 60점 이상 취득자",,,,,,,"중앙행정기관 또는 지방자치단체로부터 직접 사업비 3천만원 이상을 지원받았으나, 점수제 적용 면제를 위한 중기부 장관의 추천서·인정 기간(2년) 등 요건을 갖추지 못한 사람은 기술창업(D-8-4) 점수표 중 OASIS-9 이수(30점)로 인정 → 점수제 적용",,"필수항목 1개 이상 충족 + 전체 300점 중 60점 이상

필수항목 (최대 180점, 중복산입 가능):
- 지식재산권 보유(등록) 특허: 60점
- 지식재산권 보유(등록) 실용신안 또는 디자인: 30점
- 지식재산권 발명자 특허: 30점
- 지식재산권 발명자 실용신안 또는 디자인: 10점
- 지식재산권 출원자 특허: 10점 (최대 10점)
- 지식재산권 출원자 실용신안 또는 디자인: 5점 (최대 10점)
- 정부 창업 지원사업 수혜자 또는 OASIS-6 또는 OASIS-9: 30점
- 교수(E1) 자격 또는 연구(E3) 자격으로 3년 이상 체류: 30점
- 1억 원 이상 투자유치 받은 자: 60점
선택항목 (최대 120점, 중복산입 가능):
- OASIS-1: 각 10점
- OASIS-2 (OECD 국가의 지식재산권 보유 시 OASIS-2 교육 면제 및 점수 인정): 각 10점
- OASIS-4: 각 10점
- OASIS-5: 각 15점
- OASIS-7: 각 15점
- OASIS-8: 각 15점
- 한국어 능력: 국내·외 대학 석사학위 이상 소지 20점 / 토픽5급 이상 또는 KIIP 5단계 이상 이수 10점 / 토픽3급 이상 또는 KIIP 3단계 이상 이수 10점

필수항목 (최대 180점, 중복산입 가능):
- 지식재산권 보유(등록자) 특허: 60점 / 실용신안 또는 디자인: 30점
- 지식재산권 발명자 특허: 30점 / 실용신안 또는 디자인: 10점
- 지식재산권 출원자 특허: 10점 / 실용신안 또는 디자인: 5점 (최대 10점)
- 정부 창업 지원사업 수혜자 또는 OASIS-6 또는 OASIS-9: 30점
- 교수(E1) 자격 또는 연구(E3) 자격으로 3년 이상 체류: 30점
- 1억 원 이상 투자유치 받은 자: 60점
선택항목 (최대 120점, 중복산입 가능):
- OASIS-1: 각 10점
- OASIS-2 (OECD 국가 지식재산권 보유 시 OASIS-2 교육 면제 및 점수 인정): 각 10점
- OASIS-4: 각 10점
- OASIS-5: 각 15점
- OASIS-7: 각 15점
- OASIS-8: 각 15점
- 한국어 능력: 국내·외 대학 석사학위 이상 소지 20점 / 토픽5급 이상 또는 KIIP 5단계 이상 이수 10점 / 토픽3급 이상 또는 KIIP 3단계 이상 이수 10점

[표]
기술창업 점수제: 필수항목(최대 180점) + 선택항목(최대 120점), 총 300점 중 60점 이상 + 필수항목 1개 이상 충족

특허 보유: 60점
실용신안/디자인 보유: 30점
1억원 이상 투자유치: 60점
석사학위 이상: 20점
토픽5급 또는 KIIP 5단계: 10점

기술창업(D-8-4) 점수제: 필수항목(최대 180점) + 선택항목(최대 120점), 총 300점 중 60점 이상",,,,"[필수서류]
- 신청서
- 여권
- 표준규격 사진
- 체류지 입증서류(부동산 임대차 계약서 등)
- 법인등기사항전부증명서 및 사업자등록증 사본 (법인 설립 미완료 시 6개월 이내에 제출 및 체류기간 연장 필요)
- 학위증명서 사본 또는 관계 중앙행정기관의 장의 추천서

[기타서류]
점수제 적용대상자 제출서류:
- 지식재산권 보유(등록)자는 특허증·실용신안등록증·디자인등록증 사본
- OECD 국가 지식재산권 보유(등록)자는 그 사실을 입증할 수 있는 서류 사본(아포스티유 확인 원칙)
- 특허 등 출원자는 특허청장 발행 출원사실증명서
- 글로벌창업이민센터의 장이 발급한 OASIS 해당 항목 이수(수료, 졸업) 증서, 입상확인서, 선정공문 등
- 기타 점수제 해당 항목 등 입증서류
점수제 적용 면제 대상자:
- K-Startup 그랜드 챌린지 참여자: 기본 제출서류 + 중기부 발행 K-startup 그랜드챌린지 참여 확인서, 중기부장관 추천 공문
- 정부 창업지원사업 수혜자: 기본 제출서류 + 중기부장관 추천서
- 스타트업코리아 특별비자: 기본 제출서류 + 중기부장관 추천서","기술창업 비자는 학위가 어느 정도 있어야 받을 수 있어요?
점수제 몇 점 이상 받아야 통과되나요?
법인 설립을 먼저 해야 하나요?

K-스타트업 그랜드챌린지 참여했는데 점수제 면제되나요?
정부 창업지원사업 지원받은 적 있는데 어떤 혜택이 있어요?
스타트업 코리아 특별비자는 어떻게 받아요?

기술창업 비자 신청할 때 학위증명서가 꼭 필요해요?
점수제 면제 대상이면 어떤 추가 서류 내요?
법인 설립이 완료되지 않은 상태로도 신청 가능해요?

기술창업 비자 점수 어떻게 채워요?
특허만 있어도 점수 충분한가요?
한국어 능력은 몇 점까지 인정해줘요?

기술창업 점수표 정리해 주세요.
특허 보유와 발명자 점수가 다른가요?
OASIS 과정 들으면 점수 얼마 받아요?",D-8-4 기술창업 / 허가요건 (점수제 적용 대상자) (p. 118),외국인투자촉진법상 1억원 이상 투자,"F-5-24 (기술창업 D-8-4 자격으로 3억원 이상 투자금 유치 및 국민 2인 이상 고용) 또는 F-5-5 (50만 달러 이상 투자자, 국민 5인 이상 고용) 또는 F-5-1 일반영주",F-3 동반,"기업투자, 외국인투자, 창업",완료,"D-8-4 — 자격요건/예외/점수표/제출서류 원문 일치. 단 선행자격(학위·점수 기반)과 다음단계는 정정 필요. || [자동정정] [다음단계] 적용: 'F-5-5 (5억 이상) / F-5 영주' → 'F-5-7 또는 F-5 일반영주(별도 확인)' || [검토필요] [선행자격] 검토필요: 현재='외국인투자촉진법상 1억원 이상 투자' / 제안='전문학사 이상 학위 + 점수제 60점 (또는 K-Startup/정부창업지원사업/스타트업코리아 특별비자 추천)' (사유: ) || Round2: 다음단계 F-5-5 재정정. 선행자격 round1 제안 채택. || [2차자동정정] [다음단계] 적용: 'F-5-7 또는 F-5 일반영주(별도 확인)' → 'F-5-5 (50만 달러 이상 투자자, 국민 5인 이상 고용) 또는 F-5-1 일반영주' || [2차검토필요] [선행자격] 검토필요: 현재='외국인투자촉진법상 1억원 이상 투자' / 제안='전문학사 이상 학위 + 점수제 60점 (또는 K-Startup/정부창업지원사업/스타트업코리아 특별비자 추천)' (사유: Round1 [검토필요] 채택.) || [3차PDF정정] [다음단계] 'F-5-5 (50만 달러 이상 투자자, 국민 5인 이상 고용) 또는 F-' → 'F-5-24 (기술창업 D-8-4 자격으로 3억원 이상 투자금 유치 및 ' || [3차요약] 다음단계 누락 (D-8-4 전용 영주 경로 F-5-24 빠짐)"
D-8,D-8,체류,체류자격 변경,,,,,,,,,"기술연수(D-3), 비전문취업(E-9), 선원취업(E-10), 방문취업(H-2), 기타(G-1), 관광취업(H-1) 자격으로 입국한 아일랜드, 프랑스, 영국인은 자격변경 불가 (다른 나라 국민은 가능)
투자자가 아닌 자를 임원으로 등재 뒤 해당 외국인의 체류자격변경을 신청하는 경우 - 이들은 외국인 투자기업이 국내에서 직접 채용하는 경우에 해당하므로 특정활동(E-7) 자격 대상",투자의 진정성이 인정되는 등 특별한 사유가 있는 경우(투자금액이 3억 이상 고액이거나 상당한 투자실적이 있는 경우 등)에는 정밀심사 후 관할 지방출입국·외국인관서의 장 권한으로 자격변경 허용,,,,,,,"프랑스 국적인데 비전문취업으로 들어왔는데 기업투자로 바꿀 수 있어요?
임원으로 등재만 하고 투자 안 한 사람도 비자 변경되나요?
3억 이상 투자하면 예외적으로 가능하다는데 어떻게 해요?",p. 117 또는 p. 117~118 (자격변경 불가 대상은 인쇄본 p.117 우측),외국인투자촉진법상 1억원 이상 투자,"F-5-5 (50만 달러 이상 투자자, 국민 5인 이상 고용) 또는 F-5-1 일반영주",F-3 동반,"기업투자, 외국인투자, 창업",완료,"Round2: 원문 일치. 표기만 통일. || [2차자동정정] [다음단계] 적용: 'F-5-5 (5억 이상) / F-5 영주' → 'F-5-5 (50만 달러 이상 투자자, 국민 5인 이상 고용) 또는 F-5-1 일반영주' || [3차PDF정정] [출처] 'D-8 기업투자 / 자격변경 불가 대상 (p. 119)' → 'p. 117 또는 p. 117~118 (자격변경 불가 대상은 인쇄본 p.' || [3차요약] 출처 페이지 ±1 오차"
D-8 (D-8-1),D-8,체류,체류기간 연장,,,,,,,,,,,,,,,,"[필수서류]
- 신청서(별지34호 서식)
- 여권 및 외국인등록증
- 표준규격사진1장
- 사업자등록증 사본, 법인등기사항전부증명서, 주주변동상황명세서 원본
- 투자기업등록증 사본
- 주재활동의 경우 파견명령서 및 재직증명서
- 투자자금 도입관련 입증서류 (외화반출허가(신고)서, 투자자금 도입 내역서)
- 개인 납세사실 증명서류 또는 부가가치세 과세표준 확인증명 관련서류
- 영업실적(수출입실적 등) 증명서
- 사업장 존재 입증 서류
- 체류지 입증서류(임대차계약서, 숙소제공 확인서, 체류기간 만료예고 통지우편물, 공공요금 납부영수증, 기숙사비 영수증 등)

[기타서류]
투자금액 3억원 미만 개인투자자에 대한 추가서류:
- 자본금 사용내역 입증서류
- 해당 업종 또는 분야의 사업 경험 관련 국적국 서류","법인 투자 비자 연장할 때 어떤 서류 내요?
납세사실증명서가 꼭 필요해요?
영업실적 증명은 어떤 걸로 하나요?",p. 121~122,외국인투자촉진법상 1억원 이상 투자,"F-5-5 (50만 달러 이상 투자자, 국민 5인 이상 고용) 또는 F-5-1 일반영주",F-3 동반,"기업투자, 외국인투자, 창업",완료,"제출서류 원문 일치. 페이지 번호 p.41은 다른 D-8 행(p.118~127)과 비교해 비정상 — 정정 권장. || [자동정정] [다음단계] 적용: 'F-5-5 (5억 이상) / F-5 영주' → 'F-5-7 또는 F-5 일반영주' || [검토필요] [출처] 검토필요: 현재='D-8-1 법인에 투자 / 체류기간 연장 제출서류 (p. 41)' / 제안='D-8-1 법인에 투자 / 체류기간 연장 제출서류 (p. 120~121)' (사유: ) || Round2: 다음단계 F-5-5 재정정. 출처 페이지는 round1 제안 유효. || [2차자동정정] [다음단계] 적용: 'F-5-7 또는 F-5 일반영주' → 'F-5-5 (50만 달러 이상 투자자, 국민 5인 이상 고용) 또는 F-5-1 일반영주' || [3차PDF정정] [출처] 'D-8-1 법인에 투자 / 체류기간 연장 제출서류 (p. 41)' → 'p. 121~122' || [3차요약] 출처 페이지 오기"
D-8 (D-8-2),D-8,체류,체류기간 연장,,,,,,,,,,,,,,,,"[필수서류]
- 신청서(별지34호 서식)
- 여권, 외국인등록증(해당자)
- 표준규격사진1장
- 사업자등록증 사본, 법인등기사항전부증명서
- 벤처기업 관련 서류: 벤처기업확인서 또는 예비벤처기업확인서
- 지식재산권을 보유하는 등 우수한 기술력을 가지고 있음을 입증하는 서류
- 사업실적관련 입증서류
- 납세증명서
- 체류지 입증서류","벤처투자 비자 연장 시 어떤 서류 챙겨가야 해요?
벤처기업확인서는 매번 다시 받아야 하나요?
납세증명서 어디서 발급해요?",D-8-2 벤처투자 / 체류기간 연장 제출서류 (p. 121),벤처기업 설립 + 벤처기업확인 또는 기술성 우수평가,"F-5-5 (50만 달러 이상 투자자, 국민 5인 이상 고용) 또는 F-5-1 일반영주",F-3 동반,"기업투자, 외국인투자, 창업",완료,"D-8-2 체류기간 연장 제출서류 — 원문 일치. || [자동정정] [선행자격] 적용: '외국인투자촉진법상 1억원 이상 투자' → '벤처기업 설립 + 벤처기업확인 또는 기술성 우수평가' || Round2: 선행자격 정정 유효. 다음단계 표기 통일. || [2차자동정정] [다음단계] 적용: 'F-5-5 (5억 이상) / F-5 영주' → 'F-5-5 (50만 달러 이상 투자자, 국민 5인 이상 고용) 또는 F-5-1 일반영주' || [3차요약] 다음단계 'F-5-5 (50만 달러 + 5인 고용) 또는 F-5-1 일반영주' 정확. 자격요건/제출서류/페이지 모두 PDF p.113-126 (file p057-p063)와 일치."
D-8 (D-8-4),D-8,체류,체류기간 연장,,,,,,,,,,,,,,,,"[필수서류]
- 신청서(별지34호 서식)
- 여권, 외국인등록증(해당자)
- 표준규격사진 1장
- 법인등기사항전부증명서 및 사업자등록증 사본
- 특허증(특허청), 실용신안등록증(특허청), 디자인등록증(특허청), 상표등록증(특허청) 등 사본 (지식재산권 출원으로 자격변경 허가를 받은 자에 한함)
- 사업운영 관련 입증서류
- 납세증명서
- 체류지 입증서류","기술창업 비자 연장할 때 필요한 서류 알려주세요.
출원 단계 특허로 자격 받았으면 나중에 등록증 내야 해요?
사업운영 입증은 어떻게 하나요?",D-8-4 기술창업 / 체류기간 연장 제출서류 (p. 121),외국인투자촉진법상 1억원 이상 투자,"F-5-5 (50만 달러 이상 투자자, 국민 5인 이상 고용) 또는 F-5-1 일반영주",F-3 동반,"기업투자, 외국인투자, 창업",완료,"Round2: 선행자격 D-8-4 특수성 반영 정정 권장. || [2차자동정정] [다음단계] 적용: 'F-5-5 (5억 이상) / F-5 영주' → 'F-5-5 (50만 달러 이상 투자자, 국민 5인 이상 고용) 또는 F-5-1 일반영주' || [2차검토필요] [선행자격] 검토필요: 현재='외국인투자촉진법상 1억원 이상 투자' / 제안='전문학사 이상 학위 + 점수제 60점 (또는 K-Startup/정부창업지원사업/스타트업코리아 특별비자 추천)' (사유: D-8-4는 외국인투자촉진법 1억 투자가 아닌 학위+점수제 기반.) || [3차요약] 다음단계 'F-5-5 (50만 달러 + 5인 고용) 또는 F-5-1 일반영주' 정확. 자격요건/제출서류/페이지 모두 PDF p.113-126 (file p057-p063)와 일치."
D-8,D-8,체류,재입국허가,,,,,,"(재입국허가 유효기간) 복수재입국허가: 출국 후 체류기간 범위 내, 1년 초과 2년 이내",,,"입국규제 및 사증발급규제자는 체류지 관할 청에 방문하여 재입국허가를 받아야 함
사우디아라비아, 이란, 리비아는 복수재입국제한 (단, 동 국가 국민 중 결혼이민(F-6), 유학(D-2), 일반연수(D-4)는 가능)","등록을 필한 외국인이 출국한 날로부터 1년 이내에 재입국하려는 경우 재입국허가 면제
체류기간이 1년보다 적게 남아있는 경우 체류기간 범위 내에서 재입국허가 면제",,,,,,"[필수서류]
- 신청서(별지 34호서식)
- 여권 원본
- 외국인등록증
- 수수료면제 (복수재입국허가의 경우)","투자 비자로 본국 잠깐 다녀와도 재입국허가 필요해요?
2년까지 외국 가있어도 자동으로 다시 들어올 수 있나요?
복수재입국허가는 수수료가 있나요?",D-8 기업투자 / 재입국허가 (p. 126),외국인투자촉진법상 1억원 이상 투자,"F-5-5 (50만 달러 이상 투자자, 국민 5인 이상 고용) 또는 F-5-1 일반영주",F-3 동반,"기업투자, 외국인투자, 창업",완료,"D-8 재입국허가 — 원문 정확. '사증유효기간' 컬럼은 재입국허가 유효기간 의미. || [자동정정] [사증유효기간] 적용: '복수재입국허가: 1년 초과 2년 이내' → '(재입국허가 유효기간) 복수재입국허가: 출국 후 체류기간 범위 내, 1년 초과 2년 이내' || Round2: 사증유효기간 정정 유효. || [2차자동정정] [다음단계] 적용: 'F-5-5 (5억 이상) / F-5 영주' → 'F-5-5 (50만 달러 이상 투자자, 국민 5인 이상 고용) 또는 F-5-1 일반영주' || [3차요약] 다음단계 'F-5-5 (50만 달러 + 5인 고용) 또는 F-5-1 일반영주' 정확. 자격요건/제출서류/페이지 모두 PDF p.113-126 (file p057-p063)와 일치."
D-8,D-8,체류,외국인등록,,,,"확인사항:
- 신청서 상의 체류지에 실제 거주하고 있는지 여부
- 외국인등록사항(입국일자 및 입국항, 사증사항, 동반자사항, 세대주 및 세대주와의 관계, 사업자등록번호) 및 체류관리 필수사항(투자금액, 업종, 공동사업자 여부) 출입국관리시스템 입력 철저",,,,,,,국민이 경영하는 기업에 투자한 자는 3억원 미만의 공동·추가 사업자인 경우 반드시 참고사항에 표시,,,,,"[필수서류]
- 신청서(별지34호 서식)
- 여권원본
- 표준규격사진1장
- 수수료
- 사업자등록증, 법인등기사항전부증명서(법인기업인 경우)
- 체류지입증서류(부동산 임대차계약서 등)

[기타서류]
재외공관에서 기업투자(D-8) 자격을 직접 받아 입국한 외국인은 체류자격 변경신청 시 제출서류를 준용해서 제출 (사증발급인정서에 의해 비자를 받은 사람은 제외)","투자 비자로 한국에서 외국인등록 할 때 뭐 챙겨가요?
재외공관에서 비자 직접 받았으면 추가 서류가 필요한가요?
체류지 입증서류로 어떤 게 인정되나요?",D-8 기업투자 / 외국인등록 신청서류 (p. 126~127),외국인투자촉진법상 1억원 이상 투자,"F-5-5 (50만 달러 이상 투자자, 국민 5인 이상 고용) 또는 F-5-1 일반영주",F-3 동반,"기업투자, 외국인투자, 창업",완료,"Round2: 원문 정확. || [2차자동정정] [다음단계] 적용: 'F-5-5 (5억 이상) / F-5 영주' → 'F-5-5 (50만 달러 이상 투자자, 국민 5인 이상 고용) 또는 F-5-1 일반영주' || [3차요약] 다음단계 'F-5-5 (50만 달러 + 5인 고용) 또는 F-5-1 일반영주' 정확. 자격요건/제출서류/페이지 모두 PDF p.113-126 (file p057-p063)와 일치."
D-9,D-9,체류,사증발급,,"회사경영, 무역, 영리 사업
수출설비(기계)의 설치·운영·보수
선박건조 및 산업설비 제작·감독","대외무역법령 및 대외무역관리규정에 의하여 한국무역협회장으로부터 무역거래자별 무역업 고유번호를 부여받은 무역거래자
산업설비(기계) 도입회사에 파견 또는 초청되어 그 장비의 설치, 운영 및 정비 기술을 제공하는 자
선박건조 및 산업설비 제작 과정에 참여하기 위하여 파견되는 필수전문인력(발주사 또는 발주사가 지정하는 전문용역 회사에서 파견되는 사람으로 임원, 상급관리자, 전문기술자 등)",,,,1회에 부여할 수 있는 체류기간 상한: 2년,,,,,,,,,,"무역 사업 하려고 한국 오는 사람은 어떤 자격이에요?
선박건조 감독으로 한국 파견되면 어떤 비자 받아요?
무역업 고유번호는 어디서 받아요?

무역경영 비자로 한 번에 얼마나 있을 수 있어요?
체류기간 상한이 어떻게 돼요?
2년 후엔 어떻게 연장하나요?",D-9 무역경영 / 활동범위 및 해당자 (p. 127~130),국내외 무역·수출 경영,F-5 영주,F-3 동반,"무역경영, 산업기술, 수출",완료,"D-9 사증발급 — 자격요건/체류기간 원문 일치. CSV '대상자' 컬럼이 원문 '활동범위'를 받아 의미 혼동 가능. 선행자격 표기 재검토 필요. || [검토필요] [대상자] 검토필요: 현재='회사경영, 무역, 영리 사업
수출설비(기계)의 설치·운영·보수
선박건조 및 산업설비 제작·감독' / 제안='(자격요건 또는 활동범위 컬럼으로 이동)' (사유: ) || [3차요약] 활동범위 (회사경영/무역, 수출설비 설치, 선박건조), 1회 부여 체류기간 2년, D-9-1 점수제 (총160점 중 60점, 필수항목 10점), 연장 점수제 (총50점 중 필수 5점), 산업설비 설치 서류, 외국인투자가 정보 - 모두 PDF p.127-138 (file"
D-9 (D-9-1),D-9,체류,체류자격 변경,무역비자 점수제 요건을 충족하는 자,,,,,,,,,,,,,,,"[필수서류]
- 신청서(별지34호 서식)
- 여권
- 표준규격사진 1장
- 수수료
- 사업자등록증 사본
- 무역업 고유번호부여증(한국무역협회 발행) 사본
- 공동사업 약정서 원본 및 사본(공동사업자인 경우)
- 사업장 존재 입증서류(임대차계약서 등)
- 점수제 해당 입증서류 등","무역업 비자로 자격 변경하려면 어떤 서류 내요?
무역업 고유번호부여증은 어디서 받아요?
점수제 입증서류는 뭐가 있나요?",D-9-1 무역업 / 점수제 체류자격 변경 (p. 131),국내외 무역·수출 경영,F-5 영주,F-3 동반,"무역경영, 산업기술, 수출",완료,"[3차요약] 활동범위 (회사경영/무역, 수출설비 설치, 선박건조), 1회 부여 체류기간 2년, D-9-1 점수제 (총160점 중 60점, 필수항목 10점), 연장 점수제 (총50점 중 필수 5점), 산업설비 설치 서류, 외국인투자가 정보 - 모두 PDF p.127-138 (file"
D-9,D-9,체류,체류자격 변경,외국인 개인사업자,,"신규사업자:
- 외국환거래법 및 외국환거래규정에 따라 3억원 이상의 외자를 도입한 부가가치세법에 의한 사업자등록을 필하고 국내에서 회사를 경영하거나 영리사업을 하고자 하는 개인사업자
- 외국인투자촉진법에 따라 3억원 이상을 국내에 투자하고 투자기업등록증을 발급받은 개인사업자
국내 대학에서 석사 이상 학위를 취득(예정자 포함)한 유학(D-2) 및 구직(D-10) 자격자로 1억원 이상을 투자(투자금 중 최대 5,000만원까지는 국내에서 조성된 자금을 인정하나, 나머지 자금은 반드시 외국환거래법 및 외국환거래규정에 따른 외자이어야 함)한 후 사업자등록을 필하고 국내에서 회사를 경영하거나 영리사업을 하고자 하는 자
국내 대학 학사 학위 취득자(예정자 포함)로 '창업이민종합지원시스템(OASIS-1부터 8)'에서 총30점 이상의 학점을 취득한 경우는 허용
시행일 이전 기업투자(D-8) 자격으로 체류하고 있던 개인사업자

기존 투자금액이 3억원 미만이라도 가능. 단, 재입국기간 도과 등의 사유로 기업투자(D-8) 자격을 상실한 경우에는 신규사업자와 동일하게 자본금 3억원의 요건을 충족하여야 함",,,,,,"자격변경 제외 체류자격: 기술연수(D-3), 비전문취업(E-9), 선원취업(E-10), 기타(G-1), 순수관광 및 단체관광(C-3-2), 의료관광(C-3-3), 관광취업(H-1), 방문취업(H-2)
관광취업(H-1)은 협정에 자격변경을 허용하지 않는 국가(프랑스, 아일랜드, 영국) 국민에 대해서만 자격 변경 불허

단기임차(6개월 미만), 주거전용 임차, 온라인 사업장은 원칙적으로 불인정하되, 예외적으로 사업특성상 부득이한 경우에 한해 허용(창고임대차계약서 등)",유학생 무역경영자(D-9-5)의 국내 형성 자금에 대해서는 본인의 잔고증명 또는 자본금 사용 내역 등의 자료로 합산하여 투자금 산정,,,,,,"[필수서류]
- 신청서(시행규칙 별지 제34호 서식)
- 여권
- 수수료
- 사업자등록증 사본, 영업허가증(해당자), 투자기업등록증(소지자)
- 공동사업약정서 원본 및 사본(해당자)
- 공동사업자의 연간 소득 입증 서류(해당자)
- 사업자금 도입관련 입증서류(송금확인증, 외국환 매입증명서, 세관신고서, 해당국세관 반출신고서 등)
- 자본금 사용내역 입증서류(물품구매 영수증, 사무실 인테리어 비용, 국내은행 계좌 입출금내역서 등)
- OASIS 교육 이수증(해당자)
- 영업실적 입증서류(수출입면장, 부가세예정 또는 확정 신고서 등) - 체류자격 변경 전 단기사증(C-3-4) 등을 소지하고 영업행위를 한 경우에만 해당
- 주거지 입증 서류(임대차계약서, 월세 지급 입증서류 등)
- 사업장 존재 입증 서류(임대차계약서, 사업장·사무공간·간판사진 등 자료)","외국인 개인사업자로 무역경영 비자 받으려면 얼마 투자해야 해요?
유학생인데 졸업 후 사업으로 비자 변경할 수 있어요?
어떤 자격은 무역경영으로 변경 못 하나요?

외국인 개인사업자로 비자 변경하려면 어떤 서류 필요해요?
온라인 사업장도 인정되나요?
OASIS 교육 이수증은 누구나 내야 하나요?",D-9 무역경영 / 외국인 개인사업자 체류자격 변경 (p. 130~132),국내외 무역·수출 경영,F-5 영주,F-3 동반,"무역경영, 산업기술, 수출",완료,"[3차요약] 활동범위 (회사경영/무역, 수출설비 설치, 선박건조), 1회 부여 체류기간 2년, D-9-1 점수제 (총160점 중 60점, 필수항목 10점), 연장 점수제 (총50점 중 필수 5점), 산업설비 설치 서류, 외국인투자가 정보 - 모두 PDF p.127-138 (file"
D-9 (D-9-1),D-9,체류,체류기간 연장,,,"무역비자 점수제의 총 50점 중 필수항목 점수가 5점 이상인 자로 각 연장기준 적용
추천서 특례: 무역교육 기관이 자체 심사를 거쳐 외국인을 추천할 경우 필수항목 점수(5점)로 인정하여 체류기간 연장 허용
심화교육과정 특례: 무역교육 기관에서 심화교육 과정(30시간 이상)을 이수한 외국인에게 체류기간 연장 허가에 필요한 항목별 점수(선택항목)에 3점 추가 부여

동일자격 소지 외국인과 공동대표인 경우 1/n 점수 적용
연장허가 기준: 필수항목이 5점 이상인 자로 아래 해당점수 득점자
필수항목 점수가 없는 자는 연장 불허",,,,"1차 연장허가: 10점 이하 6개월(필수항목 5점 이상 시) / 11~20점 1년 / 21점 이상 2년
2차 연장허가부터: 10점 이하 연장 불허 / 11~30점 1년 / 31점 이상 2년",,2차 연장허가부터 10점 이하 해당자는 연장허가가 불허됨,,,"필수항목 (무역실적, 최근 2년간 연 평균 실적, 최대 30점): 수출 50만불 이상 30점 / 수출 30만불 이상 25점 / 수출 10만불 이상 15점 / 수출 5만불 이상 8점 / 무역(수출+수입) 7만불 이상 5점 / 전문교육기관 연장 추천서 5점(동일인 최대 4회까지만 인정)
내국인 고용 (신청일 기준 6개월 이상 계속 고용중인 정규직, 최대 10점): 3명 이상 10점 / 2명 이상 5점 / 1명 이상 2점
납세실적 (연간 개인 소득세 납부실적, 최대 7점): 500만원 이상 7점 / 400~500만원 미만 5점 / 300~400만원 미만 3점 / 200~300만원 미만 1점
무역전문교육 심화과정 이수자 (신청일 기준 1년 이내 교육 이수자): 3점

[표]
무역업 연장 점수표: 필수항목 5점 이상 필수, 점수에 따라 6개월/1년/2년 허가",,,,"[필수서류]
- 신청서(별지 제34호 서식)
- 여권
- 외국인등록증
- 수수료
- 사업자등록증 사본, 사업장 존재 입증서류(임대차계약서 등)
- 주거지 입증 서류(임대차계약서, 월세 지급 입증서류 등)
- 점수제 해당 점수 입증서류
- 무역실적 입증서류 (택1): 한국무역협회장 또는 한국무역통계진흥원장이 발행하는 ""수출입실적증명서"" / 외국환 은행 발행 ""수출실적 증명원"" / 온라인몰 거래내역(수출입실적 미신고 내역 중 최대 40%까지 인정)
- 내국인 고용 입증은 고용보험관련 서류 제출(정규직으로 6개월 이상 계속고용)
- 납세실적은 국세청 발급 ""소득세 납세사실증명"" 제출","무역업 비자 연장 점수 어떻게 채워요?
무역교육 기관 추천서로 점수 인정받을 수 있어요?
심화교육 들으면 점수 더 주나요?

무역업 비자 연장할 때 수출입실적 어떻게 증명해요?
온라인몰 거래도 인정해주나요?
내국인 고용은 어떻게 입증해요?

무역업 비자 연장하려면 어떤 점수 받아야 해요?
내국인 직원을 몇 명 고용해야 점수 받아요?
필수항목 점수 없으면 정말 연장 안 되나요?",D-9-1 무역업 / 점수제 체류기간 연장 요건 (p. 133~134),국내외 무역·수출 경영,F-5 영주,F-3 동반,"무역경영, 산업기술, 수출",완료,"[3차요약] 활동범위 (회사경영/무역, 수출설비 설치, 선박건조), 1회 부여 체류기간 2년, D-9-1 점수제 (총160점 중 60점, 필수항목 10점), 연장 점수제 (총50점 중 필수 5점), 산업설비 설치 서류, 외국인투자가 정보 - 모두 PDF p.127-138 (file"
D-9,D-9,체류,체류기간 연장,선박건조·설비제작 감독 또는 수출설비(기계)의 설치·운영·보수 업무를 하려는 자,,,,,,,,,,,,,,,"[필수서류]
- 신청서(별지34호 서식)
- 여권 및 외국인등록증
- 수수료
- 파견명령서 또는 재직증명서(본사 발행)
- 선박수주계약서 또는 설비도입계약서
- 사업자등록증 사본
- 개인 납세사실증명원 (납세조합 발행 을종근로소득원천징수영수증, 세무서 소득금액증명원)
- 체류지 입증서류","선박 건조 감독으로 한국에 와있는데 연장할 때 뭐 챙겨가요?
설비도입계약서가 꼭 있어야 하나요?
개인 납세증명은 어떻게 받아요?",D-9 무역경영 / 산업설비 설치·운영 체류기간 연장 제출서류 (p. 134),국내외 무역·수출 경영,F-5 영주,F-3 동반,"무역경영, 산업기술, 수출",완료,"[3차요약] 활동범위 (회사경영/무역, 수출설비 설치, 선박건조), 1회 부여 체류기간 2년, D-9-1 점수제 (총160점 중 60점, 필수항목 10점), 연장 점수제 (총50점 중 필수 5점), 산업설비 설치 서류, 외국인투자가 정보 - 모두 PDF p.127-138 (file"
D-9,D-9,체류,외국인등록,,,,,,,,,,,"외국인등록사항 변경신고:
- 신고사항: 성명, 성별, 생년월일 및 국적, 여권의 번호·발급일자·유효기간
- 신고대상: 소속기관 또는 단체의 변경(명칭변경 포함)이나 추가
- 신고기한: 변경일로부터 15일 이내
- 제출서류: 신청서(별지 34호 서식), 여권 및 외국인등록증, 수수료 없음, 변경관련 입증서류",,,,,"[필수서류]
- 신청서(별지34호 서식)
- 여권원본
- 표준규격사진1장
- 수수료
- 사업자등록증
- 임대차계약서 등 주거지 입증서류

[기타서류]
외국인 개인사업자 추가 제출서류:
- 국민고용예정서약서 (해당자만 제출)","무역경영 비자로 외국인등록 할 때 어떤 서류 챙겨요?
개인사업자라면 추가로 내야 할 서류가 있나요?
소속 회사 이름이 바뀌면 며칠 내 신고해야 해요?",D-9 무역경영 / 외국인등록 신청서류 (p. 134~135 추정),국내외 무역·수출 경영,F-5 영주,F-3 동반,"무역경영, 산업기술, 수출",완료,"D-9 외국인등록 — 원문 일치. 페이지 표기 p.32는 다른 D-9 행과 일관성 결여. || [자동정정] [출처] 적용: 'D-9 무역경영 / 외국인등록 신청서류 (p. 32)' → 'D-9 무역경영 / 외국인등록 신청서류 (p. 134~135 추정)' || [3차요약] 활동범위 (회사경영/무역, 수출설비 설치, 선박건조), 1회 부여 체류기간 2년, D-9-1 점수제 (총160점 중 60점, 필수항목 10점), 연장 점수제 (총50점 중 필수 5점), 산업설비 설치 서류, 외국인투자가 정보 - 모두 PDF p.127-138 (file"
D-9 (D-9-1),D-9,체류,사증발급,,,"총160점 중 60점 이상 득점자로 필수항목 점수가 10점 이상인 자
최초 허가 시 체류기간은 1년만 부여함
동일자격 소지 외국인과 공동대표인 경우 1/n 점수 적용

상기 그룹(A~E)중 어느 하나의 그룹에 해당하는 전공만 점수 인정
각 그룹별 명시된 과목이 빠짐없이 모두 포함되어야 만 전공 인정 점수인정
무역학과, 국제통상학과 등 학과 명칭에 상관없이 상기 전공 그룹 해당여부로 인정여부 결정
무역관련 분야 전공: 15점 인정

법무부에서 정한 별도의 '이수증'으로 인정대상 확인
무역 전문교육 이수 10점 인정",,,,,최초 허가 시 1년,,,,"필수항목 (최대 65점):
- 무역실적(신청일 기준 최근 2년간 연 평균 실적, 최대 30점): 수출 30만불 이상 30점 / 수출 10만불 이상 20점 / 무역(수출+수입) 50만불 이상 15점 / 무역 30만불 이상 10점
- 무역분야 전문성 (최대 35점): 무역 관련분야 경력(2년 이상 정규직) 20점 / 무역관련 분야 전공(학사학위 이상) 15점 / 무역 전문교육 이수(법무부장관 인정 기관) 10점
선택항목 (최대 95점):
- 국내 체류기간 (최대 20점): 외국인등록 후 5년 이상 20점 / 3년 이상 15점 / 1년 이상 10점 / 외국인등록 없이 최근 2년간 200일 이상 5점
- 학력 (최대 20점): 박사 20점 / 석사 15점 / 학사 10점 / 전문학사 5점
- 가점 (최대 55점, 중복 산정 가능): 국내유학 경험(2년 이상 유학+전문학사 이상) 30점 / 자본금 1억 이상(본인 소유 자금) 15점 / 토픽 3급 이상 또는 KIIP 이수 10점

[표]
무역업(D-9-1) 점수제: 필수항목(최대 65점) + 선택항목(최대 95점), 총 160점 중 60점 이상 + 필수항목 10점 이상

무역관련 분야 전공 인정 기준: A~E 5개 그룹으로 분류, 각 그룹의 명시된 모든 과목 이수 필요

A그룹: 국제무역론, 무역영어, 국제통상관계론, 국제마케팅, 국제운송물류론, 국제금융론, 국제경영학, 무역실무, 전자상거래, 신용장(결제)론, 통계분석기타 (11개과목)
B그룹: 전자무역론, 경제학원론, 거시경제학, 외환관리론, 해외경제, 해상보험론, 경제기타, 무역정책론, 국제경제학, 무역환경, 미시경제학 (11개과목)
C그룹: 무역계약론, 상사중재론, 각국경제론, 한국무역론, 사이버무역, 국제기업론, 경제수학, 국제재무관리론, 경영학원론, 시사영어, 무역관계법, 전자무역실습, 무역상무 (13개과목)
D그룹: 중국어, 해외투자론, 마케팅, 컴퓨터기타, 국제통상정책, 현장실습, 국제경영전략, 디지털, 통상협상론, 유통학개론, 해외시장조사론, 관세법 (12개과목)
E그룹: 회계원리, 기업재무/회계, 영문통상규범, 경제통합론, 국제경제기구, 국제지역세미나, 한국경제(통상), 무역정보론, 국제산업, 무역상품학, 무역영어회화, 무역관습론, 국제금융시장론, 국제경영사례, 경제사, 국제협상 (16개과목)

무역전문교육 인정 대상: 글로벌창업이민센터(한국발명진흥회, 한국생산성본부 위탁)의 무역전문 교육과정 및 무역전문교육 심화과정

기관명: 글로벌창업이민센터(한국발명진흥회, 한국생산성본부 위탁)
과정명: ① 무역전문 교육과정 ② 무역전문교육 심화과정
연락처: 070-7726-1352
무역전문교육 (OASIS 4 플러스 과정): 무역 전문성 향상을 위한 10개 교육과목, 총 25시간 (분기별 1회 운영)
무역전문교육 심화과정: 전문가와의 1:1 전문 코칭 및 경험공유, 현장방문 등 맞춤형 교육과정, 1인당 최소 3회(6시간) 이상",,,,,"무역업 비자 점수 어떻게 받아요?
무역실적이 30만불 이상이면 몇 점 받나요?
학력이 박사면 점수 얼마예요?

무역 관련 전공으로 인정되려면 어떤 과목 이수해야 해요?
학과 이름이 무역학과여야만 인정되나요?
A그룹부터 E그룹까지 어떤 차이가 있어요?

무역 전문교육은 어디서 받을 수 있어요?
OASIS 4 플러스 과정은 몇 시간 받아야 하나요?
심화과정은 얼마나 듣나요?",D-9-1 무역업 / 사증발급인정서 및 체류자격 변경 점수제 (p. 136),국내외 무역·수출 경영,F-5 영주,F-3 동반,"무역경영, 산업기술, 수출",완료,"[3차요약] 활동범위 (회사경영/무역, 수출설비 설치, 선박건조), 1회 부여 체류기간 2년, D-9-1 점수제 (총160점 중 60점, 필수항목 10점), 연장 점수제 (총50점 중 필수 5점), 산업설비 설치 서류, 외국인투자가 정보 - 모두 PDF p.127-138 (file"
D-10,D-10,체류,사증발급,,(자격요건 또는 활동범위 컬럼),"교수(E-1)·회화지도(E-2)·연구(E-3)·기술지도(E-4)·전문직업(E-5)·예술흥행(E-6)·특정활동(E-7) 자격에 해당하는 분야에 취업하기 위해 연수나 구직활동을 하려는 사람
예술흥행(E-6) 자격 중 유흥업소 등의 흥행활동(E-6-2)은 제외하고, 순수예술 및 스포츠분야만 허용
E-7 자격 중 준전문인력과 숙련기능인력은 해외신청 불가
기업투자(D-8) 자격 '다'목(학사이상의 학위를 가진 사람으로서 지식재산권을 보유하거나 이에 준하는 기술력 등을 가진 사람 중 법무부장관이 인정한 법인 창업자)에 해당하는 기술창업 준비 등을 하려는 사람
해외 우수 대학 첨단기술 분야 학사과정 이상 재학생 또는 학위취득일로부터 3년이 경과되지 않은 졸업생으로 만 30세 미만(석사 이상: 만 35세), 법무부장관이 정한 요건을 갖춘 기업(기관)에서 첨단기술 분야 인턴활동을 하려는 사람 (세계 대학순위 THE 200위, QS 500위 이내 해외 대학 본교)
세계 대학 순위 100위 이내 대학의 석사 이상 학위를 취득하고 국내 취업을 위해 연수나 구직활동을 하려는 사람",,,,,"1년 (단, 아래 대상자의 경우 1회 최대 6개월 부여):
D-10-1: ①요양보호사 전문연수 과정 수료자, ②구직비자 점수제 60점 이상~80점 미만인 자, ③전문직종(E-1~E-7) 근무 경력자, ④주한 외국공관 인턴 직원
D-10-2: ①특허권·실용신안권·디자인권 출원 중인 사람 ②창업이민종합지원시스템(OASIS) 중 1개 이상 과정 이수자(참여 중인자 포함), ③창업이민 점수제 '필수항목' 중 1개 이상 해당자",,,,"[표]
D-10-1: 일반구직 ('18.10월 점수제 전환)
D-10-2: 기술창업준비 ('14.4. 신설)
D-10-3: 첨단기술인턴 ('22.8. 신설)
D-10-T: 최우수인재 ('25.4. 신설)",,,,,"한국에서 일자리 찾으려면 어떤 비자 받아야 해요?
구직 비자에도 여러 종류가 있는 건가요?
첨단기술 분야 인턴으로 한국 오려면 어떤 조건이 있어요?

구직 비자로 한 번에 얼마나 머물 수 있어요?
어떤 경우에 6개월만 받게 되나요?
점수제 점수에 따라 기간이 달라지나요?",D-10 구직 / 활동범위 및 해당자 (p. 139~142),D-2 졸업 또는 점수제 60점 이상,"E-1~E-7 취업, F-2-7 점수제",F-3 동반,"구직, 졸업생, 취업준비",완료,"D-10 사증발급 — 자격요건/체류기간/세부약호 원문 일치. 컬럼 매핑·선행자격 일반화 재검토 필요. || [자동정정] [대상자] 적용: '일반구직(D-10-1) / 최우수인재(D-10-T): 국내 기업·단체 등에서 행하는 구직활' → '(자격요건 또는 활동범위 컬럼)' || [검토필요] [선행자격] 검토필요: 현재='D-2 졸업 또는 점수제 60점 이상' / 제안='(D-10-1) D-2 졸업 또는 점수제 60점 이상 / (D-10-2) 학사 이상 + 지식재산권 또는 OASIS / (D-10-3) THE 2' (사유: ) || Round2: 대상자 컬럼 placeholder 정정 필요 — 원문 활동범위 복원. 선행자격 round1 제안 채택. || [2차검토필요] [대상자] 검토필요: 현재='(자격요건 또는 활동범위 컬럼)' / 제안='(D-10-1 일반구직, D-10-T 최우수인재) 국내 기업·단체 등에서 행하는 구직활동 및 단기 인턴 / (D-10-2 기술창업준비) 창업이민' (사유: Round1 정정으로 정보가 손실됨. 원문 D-10 활동범위 복원.) || [선행자격] 검토필요: 현재='D-2 졸업 또는 점수제 60점 이상' / 제안='(D-10-1) 학사 이상 + 점수제 60점 또는 점수제 면제 특례 / (D-10-2) 학사 이상 + 지식재산권 또는 OASIS 또는 K-Sta' (사유: D-10 4종별 자격요건 상이.) || [3차요약] D-10 활동범위 (E-1~E-7 취업 준비), D-10-1 시간제 취업 (TOPIK 4급 또는 사회통합 4단계, 주25시간), D-10-1 점수제 (총190점 중 기본20+총60점), D-10-2 기술창업준비 (특허/OASIS/K-Startup), D-10-3 첨단기"
D-10 (D-10-1),D-10,체류,체류자격외 활동허가,일반구직(D-10-1) 체류자격을 소지한 사람,,"국내 대학의 전문학사 이상의 학위를 소지하고, 학위 취득일(졸업일)로부터 3년 미만이어야 함(유학(D-2) 사증 대상 교육기관에 한함)
사회통합프로그램 4단계 이상 이수 또는 한국어능력시험(TOPIK) 4급 이상의 한국어능력 충족
제조업은 반드시 사회통합프로그램 4단계 이상이어야 함
교수(E-1) ~ 특정활동(E-7) 체류자격으로 체류한 사실이 없어야 함

활동 범위: 제조업 분야(사회통합프로그램 4단계 이상 이수자) / 농업 분야(어학 요건 없음)
제조업 시간제 취업은 한국어능력시험(TOPIK) 소지자는 제외하며 사회통합프로그램 4단계 이상 이수자에 한함
허용 시간: 주중 25시간, 주말 및 공휴일 시간 제한 없음
단, 사회통합프로그램 5단계 이상 이수한 사람은 주중 30시간 허용",,"시간제취업허가는 유학생이 아니므로 체류자격외활동허가로 하고, 수수료(12만원) 징구

수수료 12만원",,,,"기술창업준비(D-10-2) 및 첨단기술인턴(D-10-3)은 제외
출입국관리법 및 관련 지침 등을 위반하여 신청이 제한되는 사람",,,,,,,"[공통서류]
- 신청서
- 사진
- 여권사본
- 수수료
- 신분증사본

[필수서류]
- 학위증
- 근로계약서
- 사업자등록증
- 한국어능력 입증자료(한국어능력시험(TOPIK) 성적표 등)
- 구직 시간제 취업 확인서","구직비자로 와있는데 시간제로 일할 수 있나요?
제조업에서 일하려면 한국어 어느 수준이어야 해요?
주중에 몇 시간까지 일할 수 있어요?

구직비자로 시간제 일할 때 어떤 서류 챙겨가야 해요?
근로계약서가 꼭 있어야 해요?
한국어 능력은 어떻게 입증하나요?",D-10-1 일반구직 / 시간제 취업활동 허가 특례 (p. 142~143),D-2 졸업 또는 점수제 60점 이상,"E-1~E-7 취업, F-2-7 점수제",F-3 동반,"구직, 졸업생, 취업준비",완료,"[3차요약] D-10 활동범위 (E-1~E-7 취업 준비), D-10-1 시간제 취업 (TOPIK 4급 또는 사회통합 4단계, 주25시간), D-10-1 점수제 (총190점 중 기본20+총60점), D-10-2 기술창업준비 (특허/OASIS/K-Startup), D-10-3 첨단기"
D-10 (D-10-1),D-10,체류,체류자격 변경,"점수제 적용 대상 일반구직(D-10-1)

국내 성장 기반 외국인 청소년으로서 취업하기 위하여 연수나 구직활동 등을 하려는 사람","국내 대학 졸업 후 최초 구직 자격 변경자
국내 대학 졸업 한국어능력 우수자
국내 성장 기반 외국인 청소년
유망인재
요양보호사 전문연수 과정 수료자
전문직종(E-1~E-7) 근무 경력자
주한 외국공관 근무 인턴","학사(국내 전문학사 포함) 이상의 학위를 소지한 국내 합법 체류자로 구직 점수표에서 총 190점 중 기본항목이 20점 이상으로 총 득점이 60점 이상인 자
법무부장관 고시국가 국민 중 B-1, B-2, C-1, C-3, C-4, D-3, E-9, E-10, G-1 자격에 대해서는 총 득점이 80점 이상인 경우에만 체류자격 변경 허용

국내 대학 졸업 후 최초 구직 자격 변경: 국내 대학에서 전문학사 이상 학위과정 유학생(D-2)으로 졸업하여 학위 취득한 후, 최초 구직(D-10-1) 자격으로 변경하는 경우 점수제 미적용. 최초 구직 체류기간 1년 부여, 연장 시 점수제 적용
국내 대학 졸업 한국어능력 우수자: 국내 정규 대학에서 전문학사 이상 학위 취득 후 3년이 경과되지 아니한 자로서, 사회통합프로그램 4단계 중간평가 합격자(사전평가 5단계 배정자 포함) 또는 한국어능력시험(TOPIK) 4급 이상 유효 성적표 소지자
국내 성장 기반 외국인 청소년: 신청일 기준 18세 이상 24세 이하의 합법체류자로 초·중등교육법에 따른 국내 초·중·고교를 모두 졸업하였거나 이와 동등한 학력을 갖춘 사람
유망인재: 29세 이하 해외 대학 졸업자로서 최근 3년 이내 세계 대학평가(THE 또는 QS) 200위 이내 대학 학사 이상 학위 소지자 또는 한국학 관련 전공 한국어능력 최우수자(토픽 6급)
요양보호사 전문연수 과정 수료자: 한국보건복지인재원 주관 요양보호사 전문연수 과정을 수료한 사람으로서, 노인복지법에 따른 노인의료복지시설에서 인턴 근로계약을 체결하려는 사람
전문직종 근무 경력자: 교수(E-1)부터 특정활동(E-7)까지의 체류자격을 소지하고 근로계약이 만료되거나, 그 밖의 정당한 사유로 취업활동이 종료된 사람으로서, 계속하여 취업을 희망하지만 체류기간 만료일 이전에 근로계약갱신 또는 다른 근무처를 구하지 못한 경우 허용. 단, 유흥업소 등 흥행활동(E-6-2)은 제외

점수요건: 총 190점 중 기본항목이 20점 이상으로 득점이 60점 이상

총 190점 중 기본항목이 20점 이상으로 총 득점이 60점 이상인자

공통요건(① ~ ④를 모두 충족하는 사람):
① 신청일 기준 18세 이상 24세 이하의 합법체류자
② 18세가 되기 전 국내에서 7년 이상 체류(체류기간 중 91일 이상 출국한 기간은 산정 제외)
③ 10세~18세 기간 중 3년 이상 연속하여 해외 체류한 이력이 없을 것
④ 「초·중등교육법」에 따른 국내 초·중·고교를 모두 졸업하였거나 이와 동등한 학력 보유(고3 2학기 재학 중 취업·연수 위해 변경 신청 시 학교장 발행 졸업예정증명서 등 제출 시 졸업으로 인정)
예외적 대상자(④ 미충족): 사회통합프로그램 이수 필요 - 초등학교 미졸업+중·고졸은 5단계 기본과정, 초등학교 졸업+중학교 또는 고등학교 미졸업은 5단계 심화과정

특례: 점수제 및 체재비 입증 면제
구직 자격 재변경: 본 기준 적용으로 국내성장인력(E-7-Y) 자격으로 변경한 사람이 다시 구직(D-10) 자격으로 변경하는 경우에도 특례(점수제·체재비 입증 면제) 적용
연수기간 특례: 구직자격 기간 동안 허용하되 동일 기업 인턴활동은 최대 1년으로 제한
연수수당: 시급 기준 최저임금 이상 수준에서 근로계약서에 따라 적정 지급
연수분야: 제한업종(선량한 풍속·사회질서 반하는 업종, 국가안보 등 사유로 외국인 취업 제한 분야) 제외
근무시간: 1일 8시간, 주당 40시간 이내(현행 노동 관계법령 준용)","연수개시 신고: 사유 발생일로부터 15일 이내 체류지 관할 출입국·외국인관서의 장에게 신고
연수기관 변경(명칭 변경 포함): 15일 이내 신고",,,,,"법령 준수·품행단정 요건: 영주(F-5) 자격 중 '국민의 미성년 자녀(F-5-3)' 적용 품행단정 요건 준용
제한 대상: 「재외동포의 출입국과 법적 지위에 관한 법률」 제5조제2항 해당자
중도 해외 장기 체류자(18세 기준 역산 7년 이내 1회 출국 6개월 이상 또는 출국기간 총합 2년 이상 3년 미만): 사유서 및 소명자료 제출 필수",,,"기본항목 (최대 50점 중 20점 이상):
- 연령(최대 20점): 30~34세 20점 / 25~29세 15점 / 35~39세 15점 / 20~24세 10점 / 40~49세 5점
- 최종학력(최대 30점): 박사 30점 / 석사 20점 / 학사 15점(국내·국외) / 국내 전문학사 15점
선택항목 (최대 70점):
- 근무 경력 최근 10년 이내(최대 15점): 국내 1~2년 또는 국외 3~4년 5점 / 국내 3~4년 또는 국외 5~6년 10점 / 국내 5년 이상 또는 국외 7년 이상 15점
- 국내 유학(2년 이상) 경력(최대 30점): 졸업 후 3년 이내 박/석/학/전문학사 30점 / 졸업 후 3년 이후 박 20점, 석 15점, 학 10점, 전문학사 5점
- 기타 국내 연수, 교육 경력(1년 이상, 최대 5점): 1년~1년6개월 3점 / 1년7개월 이상 5점
- 한국어능력(최대 20점): TOPIK 5급 또는 KIIP 5단계 20점 / TOPIK 4급 또는 KIIP 4단계 15점 / TOPIK 3급 또는 KIIP 3단계 10점 / TOPIK 2급 또는 KIIP 2단계 5점
가점 (총 70점, 중복 산정 가능):
- 관계 중앙행정기관장 및 재외공관장 구직비자 발급 추천: 20점
- 글로벌기업 근무 경력자(Fortune 500대, 최근 10년 내 1년 이상): 20점
- 세계 우수대학 졸업자(THE 200대, QS 500대, 최근 3년 이내): 20점
- 아시아권 QS 1,000위 이내 현지 대학 이공계 졸업생: 20점 (29세 이하, TOPIK 2급 이상, 9개국 국적만 허용, '27.10.까지 시범운영)
- 이공계 학사(국내 전문학사 포함) 학위 소지자: 5점
- 고소득 전문직 종사 경력자(연봉 5만 달러 이상): 5점
감점항목 (최대 -60점):
- 출입국관리법 위반 또는 형사처벌 전력: 범칙금 300만 이상 또는 벌금형 300 이상 -30점 / 100~300만 미만 -10점 / 50~100만 미만 -5점 / 벌금형 200~300 미만 -10점 / 벌금형 200 미만 -5점

기본 (50점): 연령 - 30~34세 20점/25~29세 15점/35~39세 15점/20~24세 10점/40~49세 5점, 최종학력 - 박사 30점/석사 20점/학사 15점/국내 전문학사 15점
선택 (70점): 취업경력 - 국내 1~2년 또는 국외 3~4년 5점/국내 3~4년 또는 국외 5~6년 10점/국내 5년 이상 또는 국외 7년 이상 15점, 국내유학 - 졸업 후 3년 이내 박사 30점·석사 30점·학사 30점·전문학사 30점, 국내 연수 - 12~18개월 3점/19개월 이상 5점, 한국어 능력 - 토픽 5급/KIIP 5단계 20점/4급/4단계 15점/3급/3단계 10점/2급/2단계 5점
가점 (70점): 관계 중앙행정기관장·재외공관장 추천 20점, 세계 우수대학 졸업자(타임지 200대, QS 500대) 20점, 글로벌기업근무 경력자(포천지 500대) 20점, 이공계 학사 학위 소지자 5점, 고소득(5만달러) 전문직 종사 경력자 5점
감점: 범칙금 300 이상 -30점/100~300 미만 -10점/50~100 미만 -5점, 벌금형 300 이상 -30점/200~300 미만 -10점/200 미만 -5점

[표]
D-10-1 일반구직 점수제: 기본(50점) + 선택(70점) + 가점(70점) - 감점(60점), 총 190점 중 60점 이상 + 기본항목 20점 이상

구직비자(D-10-1) 점수제 표: 기본(50) + 선택(70) + 가점(70) - 감점(60), 총 190점 중 60점 이상 + 기본 20점 이상",,,,"[공통서류]
- 신청서
- 사진
- 여권사본
- 수수료
- 신분증사본

[필수서류]
- 구직활동 계획서
- 학위증(졸업증명서, 학위취득증명서도 인정) - 출입국관리정보시스템에서 확인되는 경우 제출 면제
- 대학 순위 소명자료(세계 대학순위 적용 대상자)
- 체재비 입증서류 ('연도별 1인 가구 주거급여 기준액 × 체류개월 수' 이상 금액이 예치된 은행잔고증명서 등)

[기타서류]
근무경력 증빙서류(해당자): 근무기간, 장소, 직종 등이 포함된 경력증명서 또는 재직증명서
국내 연수 활동 증빙서류(해당자): 연구(연수)기관의 장이 발급한 증명서, 교환학생은 학교장 발행 교환학생 경력 확인 증명
한국어능력 입증서류(해당자)
고용추천서(해당자): 관계 중앙행정기관장 또는 재외공관장 추천
고소득 전문가 입증서류(해당자): 자국 공공기관이 발행한 전년도 근로소득 입증서류
기타 점수제 평가에 필요하다고 인정되는 서류

[공통서류]
- 신청서
- 사진
- 여권 사본
- 수수료
- 신분증 사본

[필수서류]
- 구직활동 계획서
- 학위증/졸업증명서
- 체류지 입증서류

[기타서류]
유학생 졸업 후 최초 구직변경: 국내 정규 대학(고등교육법 제2조 제1호부터 4호) 전문학사 이상 학위증, 체재비 입증서류 면제
국내 대학 출신 한국어 성적 우수자: 사회통합프로그램 중간평가 합격증 또는 사전평가 점수표(81점 이상), 한국어능력시험(TOPIK) 4급 이상 유효 성적표, 체재비 입증서류 면제
국내 성장 기반 외국인 청소년: 국내 초·중·고교 졸업증명서, 외국인 청소년 자격변경 체크리스트, 사회통합프로그램 이수증(해당자), 중도 해외 장기 체류 사유서(해당자), 해외범죄경력증명서(면제자 제외), 체재비 입증서류 면제
유망인재: 최근 3년 이내 THE 또는 QS 세계 대학순위 200위 이내 대학 소명자료, 한국어능력시험(TOPIK) 6급 유효한 성적표(해당자), 체재비 입증서류 면제
요양보호사 전문연수 과정 수료자: 인턴계약서, 한국어능력 입증서류(사회통합프로그램 3단계 이수증 또는 TOPIK 3급 이상), 한국보건복지인재원 발급 요양보호사 교육수료증명서, 체재비 입증서류 면제
전문직종(E-1~E-7) 근무 경력자: 이적동의서(잔여 근로계약 기간 1개월 이상 시), 체재비 입증서류, 최초 자격변경자 체재비 입증 면제
주한 공관 근무 인턴 직원: 인턴계약서, 양국 공관 대사 추천서, 체재비 입증서류 면제

[공통서류]
- 통합신청서
- 여권 및 표준규격사진 1매
- 외국인등록증
- 체류지 입증서류(향후 F-2-R 자격변경 고려 시 근무처가 아닌 실제 거주지 입증서류 제출 권장)
- 국내 초·중·고교 졸업증명서 또는 동등한 학력 소지 입증 서류
- 국내 성장 기반 외국인 청소년 자격변경 체크리스트(붙임 1)

[필수서류]
- 구직활동 계획서(붙임 3, 인적사항·구직사항·최소 2개월 단위 1년간 구직 계획 작성)

[기타서류]
사회통합프로그램 이수증(해당자: 5단계 기본과정 또는 5단계 심화과정)
중도 해외 장기 체류 사유서 및 소명자료(해당자, 붙임 2)
해외범죄경력증명서(면제자 제외: ①대한민국 출생 또는 14세 미만 입국하여 14세 이후 해외 6개월 이상 연속 미체류자, ②과거 해외범죄경력증명서를 제출하고 국내 체류하고 있는 자로서 해외 6개월 이상 연속 미체류자)
체류기간 연장 시: 통합신청서, 여권, 외국인등록증, 체류지 입증서류, 구직활동 계획서(붙임 3)","구직비자로 자격 변경하려면 학력이 어느 정도여야 해요?
점수제 60점이면 통과되나요?
어떤 나라 국적은 80점 이상 받아야 하나요?

한국 대학 졸업했는데 구직비자 점수제 면제되나요?
한국 토픽 6급이면 점수제 안 봐도 되나요?
전문직 경력 있는데 구직비자로 바꿀 수 있어요?

구직비자 점수표 어떻게 계산해요?
학력이 박사면 점수 얼마예요?
한국어 토픽 5급이면 몇 점이에요?

구직비자 점수제로 신청할 때 어떤 서류 챙겨가야 해요?
체재비 입증은 어떻게 해요?
학위증은 꼭 원본을 내야 하나요?

한국 대학 졸업 후 구직비자로 바꿀 때 어떤 서류 챙겨야 해요?
한국어 우수자 특례 받으려면 어떤 증명서 내요?
요양보호사 인턴은 체재비 증명 안 해도 돼요?

구직비자 점수표 어떻게 구성돼 있어요?
30대 초반이면 연령 점수 몇 점 받아요?
범칙금 받은 적 있는데 감점 얼마예요?

한국에서 학교 다니며 자란 외국인 청소년이 구직 비자 받으려면 어떤 조건 있어요?
초등학교 안 다니고 중고만 다녔으면 어떻게 해요?
중간에 외국 오래 다녀온 적 있는데 신청 가능해요?

국내성장 청소년이 구직 비자 신청할 때 어떤 서류 내요?
구직활동 계획서는 어떻게 작성해요?
범죄경력증명서 면제되는 경우가 있어요?",D-10-1 일반구직 / 점수제 적용 대상자 (p. 143),D-2 졸업 또는 점수제 60점 이상,"E-1~E-7 취업, F-2-7 점수제",F-3 동반,"구직, 졸업생, 취업준비",완료,"D-10-1 점수제 변경 — 핵심(자격요건/대상자/점수표/제출서류)은 원문 일치. 단 '제한' 컬럼에 추가된 F-5-3 품행단정 준용·재외동포법 등은 D-10-1 본 항목에서 직접 인용되지 않으므로 정정 권장. '절차' 컬럼의 연수개시 신고는 별도 항목으로 분리 권장. || [검토필요] [제한] 검토필요: 현재='법령 준수·품행단정 요건: 영주(F-5) 자격 중 '국민의 미성년 자녀(F-5-3)' 적용 품행단정 요건 준용
제한 대상: 「재외동포의 출입국과' / 제안='L2040 나.제한대상 1)공통(❶ 5년 이내 금고 이상, ❷ 5년 이내 강제퇴거/출국명령, ❸ 3년 이내 300만원 이상 벌금형, ❹ 출입국관' (사유: ) || [절차] 검토필요: 현재='연수개시 신고: 사유 발생일로부터 15일 이내 체류지 관할 출입국·외국인관서의 장에게 신고
연수기관 변경(명칭 변경 포함): 15일 이내 신고' / 제안='(별도 행 또는 D-10-1 후속 연수활동 신고로 명시)' (사유: ) || Round2: 제한 컬럼 정정 권장 (F-5-3 품행단정 요건은 본 항목 무관). 절차의 연수개시 신고는 별도 분리. || [2차검토필요] [제한] 검토필요: 현재='법령 준수·품행단정 요건: 영주(F-5) 자격 중 '국민의 미성년 자녀(F-5-3)' 적용 품행단정 요건 준용
제한 대상: 「재외동포의 출입국과' / 제안='결격사유: ❶5년 이내 금고 이상 형 선고, ❷5년 이내 강제퇴거/출국명령, ❸3년 이내 300만원 이상 벌금형, ❹출입국관리법 위반 범칙금(초' (사유: Round1 [검토필요] 채택 — 매뉴얼 라.제한대상 1)공통 + 2)일반구직 명시 사항으로 한정.) || [3차요약] D-10 활동범위 (E-1~E-7 취업 준비), D-10-1 시간제 취업 (TOPIK 4급 또는 사회통합 4단계, 주25시간), D-10-1 점수제 (총190점 중 기본20+총60점), D-10-2 기술창업준비 (특허/OASIS/K-Startup), D-10-3 첨단기"
D-10 (D-10-2),D-10,체류,체류자격 변경,,"대한민국 특허권·실용신안권·디자인권을 보유하고 있거나 출원 중인 사람 (출원 중인 경우 '출원사실증명원'의 심사청구유무란 'Y'로 기재된 경우 대상)
법무부·중기부가 공동 지정한 '글로벌창업이민센터'에서 시행하는 창업이민종합지원시스템(OASIS)의 교육과정에 참여 중이거나, 최근 3년 이내에 해당 교육과정 일부 또는 전부를 이수한 사실이 있는 사람
중기부 주관 'K-Startup 그랜드챌린지' 참여자로서 창업진흥원장의 체류자격변경허가 추천을 받은 자
해외(OECD) 지식재산권 보유자","학사(국내 전문학사) 이상의 학위를 가진 사람으로서, 아래 어느 하나에 해당하는 자",,,,,,,,,,,,,"[공통서류]
- 신청서
- 사진
- 여권사본
- 수수료
- 신분증사본

[필수서류]
- 학사(국내 전문학사) 학위 이상 학력증명서
- 기술창업계획서
- 체재비 입증서류 ('연도별 1인 가구 주거급여 기준액 × 체류개월 수' 이상 금액이 예치된 은행잔고증명서 등)

[기타서류]
- 특허증·실용신안등록증·디자인등록증 사본 또는 특허 등 출원사실증명서(해당자)
- 창업이민종합지원시스템 교육과정 이수증 또는 교육참여 확인서(해당자)
- OECD 국가 지식재산권 보유 사실을 확인할 수 있는 공적 서류(해당자)","기술창업 준비하려면 어떤 조건이 있어야 해요?
특허 출원 중이어도 신청 가능한가요?
OASIS 교육 받았으면 그 자격으로 비자 받을 수 있어요?

기술창업 준비 비자 신청할 때 어떤 서류 내요?
특허 출원증만 있어도 되나요?
OASIS 이수증이 꼭 필요한가요?",D-10-2 기술창업준비 / 허용대상 (p. 144~145),D-2 졸업 또는 점수제 60점 이상,"E-1~E-7 취업, F-2-7 점수제",F-3 동반,"구직, 졸업생, 취업준비",완료,"Round2: 선행자격 D-10-2 특수성 반영. || [2차검토필요] [선행자격] 검토필요: 현재='D-2 졸업 또는 점수제 60점 이상' / 제안='학사(국내 전문학사) 이상 + 지식재산권(특허·실용신안·디자인) 보유/출원 또는 OASIS 이수 또는 K-Startup 추천 또는 해외 OECD' (사유: D-10-2 자격요건 정확 반영.) || [3차요약] D-10 활동범위 (E-1~E-7 취업 준비), D-10-1 시간제 취업 (TOPIK 4급 또는 사회통합 4단계, 주25시간), D-10-1 점수제 (총190점 중 기본20+총60점), D-10-2 기술창업준비 (특허/OASIS/K-Startup), D-10-3 첨단기"
D-10 (D-10-3),D-10,체류,체류자격 변경,,"첨단 기술분야 연구시설(연구전담부서)을 갖춘 국내 상장기업
기초연구법 제14조의2에 따른 기업부설연구소 또는 연구개발 전담부서를 갖춘 국내 기업
연구개발특구의 육성에 관한 특별법 제9조에 따라 첨단기술기업으로 지정받은 기업
벤처기업육성에 관한 특별조치법 제25조에 따라 중소벤처기업부의 확인을 받은 벤처기업
국공립 연구기관, 특정연구기관, 과학기술분야 정부출연 연구기관","세계 우수 대학(본교만 해당) 첨단기술 분야 학사과정 이상 재학생 또는 학위취득일로부터 3년이 경과되지 않은 졸업생으로 만 30세 미만(석사 이상의 경우 만 35세 미만)
세계 대학 순위 기준: THE 세계대학순위 200위, QS 세계대학순위 500위 이내 대학

학력증명서는 현행 유학(D-2) 사증발급 및 체류관리 지침에 따른 국가별 공증절차대로 공적 확인을 받은 경우에만 인정",,,,,,,,,,,,,"[공통서류]
- 신청서
- 사진
- 여권사본
- 수수료
- 신분증사본

[필수서류]
- 인턴활동 계획서
- 최근 3년 이내 세계 대학순위 THE 200위, QS 500위 이내 소명자료 및 학위과정(첨단기술분야만 해당) 재학증명서 또는 졸업증명서(학위증) - 휴학증명서도 인정하되, 휴학일로부터 1년이 경과한 경우 불인정
- 인턴근로계약서 (인턴 기업, 인턴활동 분야(첨단기술분야로 제한), 인턴 기간 필수 명시)
- 초청 기업(기관) 사업자등록증(또는 고유번호증), 법인등기부등본, 고용보험가입자 명부, 연구시설 현황자료
- 첨단기술인턴 초청 가능 기업(기관) 입증 서류 (택1): 상장기업 첨단기술분야 연구시설 입증 서류 / 기업부설연구소인정서 또는 연구개발전담부서인정서 / 첨단기술기업지정서 / 벤처기업확인서
- 체재비 입증서류 (인턴계약서에 체재비 지급 내용이 확인되면 제출 면제)","첨단기술 인턴으로 한국 오려면 나이 제한이 있나요?
어떤 대학 졸업생이 신청할 수 있어요?
어떤 회사에서 인턴할 수 있나요?

첨단기술 인턴 비자 신청할 때 어떤 서류 필요해요?
초청 회사가 어떤 자격을 갖춰야 하나요?
재학 중인데 휴학 상태로 신청 가능해요?",D-10-3 첨단기술인턴 / 허용대상 (p. 145),D-2 졸업 또는 점수제 60점 이상,"E-1~E-7 취업, F-2-7 점수제",F-3 동반,"구직, 졸업생, 취업준비",완료,"D-10-3 첨단기술인턴 — 원문 정확. || [검토필요] [선행자격] 검토필요: 현재='D-2 졸업 또는 점수제 60점 이상' / 제안='해외 우수 대학(THE 200/QS 500 이내) 첨단기술분야 학사 이상 재학생 또는 3년 이내 졸업생' (사유: ) || Round2: 선행자격 round1 제안 채택 권장. || [2차검토필요] [선행자격] 검토필요: 현재='D-2 졸업 또는 점수제 60점 이상' / 제안='해외 우수 대학(THE 200/QS 500 이내) 본교 첨단기술분야 학사 이상 재학생 또는 3년 이내 졸업생' (사유: D-10-3 자격요건 정확 반영.) || [3차요약] D-10 활동범위 (E-1~E-7 취업 준비), D-10-1 시간제 취업 (TOPIK 4급 또는 사회통합 4단계, 주25시간), D-10-1 점수제 (총190점 중 기본20+총60점), D-10-2 기술창업준비 (특허/OASIS/K-Startup), D-10-3 첨단기"
D-10 (D-10-T),D-10,체류,체류자격 변경,,,"최근 5년 이내 세계 대학 순위 100위 이내 대학의 석사 이상 학위를 취득하고 국내 취업을 위해 연수나 구직활동을 하려는 사람으로서 법무부장관이 정한 요건을 갖춘 사람(부처추천 불요)
최우수인재(Top-Tier) 자격 기준 중 학력 요건을 갖추었으나, 취업 미확정 시 최우수인재 구직(D-10-T) 자격 부여

세계대학 평가 순위 참고:
- QS World University Ranking
- QS World University Ranking by Subject: Engineering and Technology
- Times Higher Education World University Rankings
- Times Higher Education World University Rankings by subject engineering
- US News & World Report Global University Rankings
- US News & World Report Global University Rankings by subject engineering",신분이 변동(예정 포함)되는 즉시 체류지 관할 청 등에 신청,,,,,,,,,,,,"[공통서류]
- 신청서
- 표준규격 사진
- 여권 사본
- 수수료

[필수서류]
- 구직활동 계획서
- 국내·외 우수대학(본교) 졸업(예정)증명서","최우수인재 비자는 누가 받을 수 있어요?
세계 100위 안 대학 석사면 가능한가요?
부처 추천서가 꼭 필요한가요?

최우수인재 비자 신청할 때 어떤 서류 내요?
졸업예정증명서도 인정되나요?
구직활동 계획서는 어떻게 써요?",D-10-T 최우수인재 / 허용대상 (p. 145),최근 5년 이내 세계 대학 순위 100위 이내 대학 석사 이상 학위 취득,"E-1~E-7 취업, F-2-7 점수제",F-3 동반,"구직, 졸업생, 취업준비",완료,"D-10-T 최우수인재 — 원문 정확. || [자동정정] [선행자격] 적용: 'D-2 졸업 또는 점수제 60점 이상' → '최근 5년 이내 세계 대학 순위 100위 이내 대학 석사 이상 학위 취득' || [3차요약] D-10 활동범위 (E-1~E-7 취업 준비), D-10-1 시간제 취업 (TOPIK 4급 또는 사회통합 4단계, 주25시간), D-10-1 점수제 (총190점 중 기본20+총60점), D-10-2 기술창업준비 (특허/OASIS/K-Startup), D-10-3 첨단기"
D-10,D-10,체류,체류자격 변경,,,,,,,,,"공통 결격사유:
- 신청일로부터 5년 이내에 국내법을 위반하여 금고 이상의 형을 선고받은 사람
- 신청일로부터 5년 이내에 출입국관리법을 위반하여 강제퇴거나 출국명령을 받은 사람
- 신청일로부터 3년 이내에 국내법을 위반하여 300만 원 이상의 벌금형을 선고받은 사람
- 출입국관리법을 위반하여 범칙금을 받은 사람으로서 체류허가 제한 통합기준에 따라 체류허가 제한되는 사람 (초범 500만원 이상, 재범 최근 3년 이내 합산 금액이 700만원 이상)
일반구직(D-10-1): 신청 당시 이전 근무처와의 근로계약 기간이 남아 있어 새로운 근무처와 근로계약 체결에 제한이 있는 사람 (단, 고용주로부터 이적동의서를 발급받은 경우 예외)
기술창업준비(D-10-2): OASIS 교육 이수일로부터 3년이 경과된 이후 기술창업준비 체류자격변경허가를 신청하는 사람 (단, 교육 재이수 중인 자 제외)
첨단기술인턴(D-10-3): 초청기업(기관)이 일반구직(D-10-1) 인턴 채용 또는 전문직종(E계열) 외국인 고용이 제한되는 경우, 첨단기술인턴 초청 요건을 갖추지 못한 기업과 인턴 근로계약을 체결한 경우, 첨단기술인턴 초청인원이 인턴 예정 기업의 국민고용인원의 20%를 초과하는 경우
최우수인재(D-10-T) 결격사유:
- 입국금지 사유에 해당하는 사람
- 특정강력범죄의 처벌에 관한 특례법에서 규정하는 특정강력범죄로 형을 선고받은 사람
- 출입국관리법 또는 다른 법률을 위반하여 금고 이상 형의 선고를 받고 그 형의 집행이 종료되거나 집행이 면제된 날로부터 5년이 지나지 않은 사람
- 출입국관리법 또는 다른 법률을 위반하여 금고 이상의 형의 집행유예를 선고받고 그 판결이 확정된 날부터 5년이 지나지 않은 사람
- 출입국관리법 또는 다른 법률을 위반하여 300만원 이상의 벌금형 선고를 받고 벌금을 납부한 날부터 3년이 경과되지 아니한 사람
- 신청일부터 최근 5년간 출입국관리법을 3회 이상 위반한 사람 (과태료 처분을 받은 사람 제외)
- 강제퇴거명령을 받고 출국한 날부터 7년이 경과하지 않았거나, 출국명령을 받고 출국한 날부터 5년이 경과하지 않은 사람
- 최근 3년간 출입국관리법을 위반하여 1회 500만원 이상의 범칙금 처분을 받았거나, 합산한 범칙금 금액이 700만원 이상인 사람",,,,,,,,"벌금형 받은 적 있는데 구직 비자 받을 수 있어요?
이전 직장 계약이 남아있으면 자격 변경 안 되나요?
첨단기술인턴 초청 회사 요건은 어떻게 되나요?",D-10 구직 / 체류자격 변경 제한대상 (p. 145~146),D-2 졸업 또는 점수제 60점 이상,"E-1~E-7 취업, F-2-7 점수제",F-3 동반,"구직, 졸업생, 취업준비",완료,"[3차검토] [제한] 검토: 현재='공통 결격사유:
- 신청일로부터 5년 이내에 국내법을 위반하여 금고 이상의 형을 선고받은 사람
- 신청일로부' / 제안='' (D-10-T 최우수인재 결격사유 항목 중 ⑨와 ⑩이 누락됨. PDF p073(printed 146)에는 ①~)"
D-10,D-10,체류,체류기간 연장,,,"국내 체류기간 내에서 합산하되, 완전출국 후 사증을 발급받아 입국하는 경우 재산정(합산 제외)
교수(E-1)부터 특정활동(E-7)까지의 체류자격을 소지한 사람이 휴·폐업 등 사유로 구직(D-10-1)으로 변경하려는 경우는 기간 합산에서 제외",,,,"체류기간 상한 최대 3년, 신청자 전문성에 따라 차등","체류기간 상한 최대 3년, 신청자 전문성에 따라 차등
D-10-1 점수제 적용 대상자:
- 학위 취득 3년 경과 국내 대학 졸업 한국어능력 우수자, 3년 이내 세계 500대 기업 1년 이상 근무경력자, 3년 이내 THE 200/QS 500위 이내 해외 대학 졸업자, 아시아권 QS 1,000위 이내 현지 대학 이공계 졸업생, 점수제 평가에 따라 총점이 80점 이상인 사람: 3년 (1회 1년)
- 기타(점수제 60점 이상, 80점 미만인 사람): 1년 (1회 6개월)
D-10-1 점수제 면제 특례자:
- 학위 취득 3년 이내 국내 대학 졸업 한국어능력 우수자, 국내 성장 기반 외국인 청소년, 유망인재: 3년 (1회 1년)
- 요양보호사 전문연수 과정 수료자: 3년 (1회 6개월)
- 전문직종(E-1~E-7) 근무 경력자: 1년 (1회 6개월)
D-10-2 기술창업준비:
- 창업이민 점수제 평가점수 35점 이상, K-Startup 그랜드챌린지 참여자, 특허권·실용신안권·디자인권 보유자, 해외(OECD) 지식재산권 보유자: 3년 (1회 1년)
- 특허권·실용신안권·디자인권 출원 중인 사람, OASIS 1개 이상 과정 이수자, 창업이민 점수제 필수항목 1개 이상 해당자: 1년 (1회 6개월)
D-10-3 첨단기술인턴: 최대 3년 (1회 1년)
D-10-T 최우수인재: 최대 3년 (1회 1년)",,,,,,,,,"구직비자로 최대 얼마나 머물 수 있어요?
점수제 80점 이상이면 더 길게 받나요?
기술창업준비 비자도 3년까지 가능한가요?",D-10 구직 / 체류기간 상한 (p. 157),D-2 졸업 또는 점수제 60점 이상,"E-1~E-7 취업, F-2-7 점수제",F-3 동반,"구직, 졸업생, 취업준비",완료,"[3차검토] [체류상한] 검토: 현재='체류기간 상한 최대 3년, 신청자 전문성에 따라 차등
D-10-1 점수제 적용 대상자:
- 학위 취득 3년 ' / 제안='' (유망인재 정의가 축약됨. PDF p079에 따르면 '➊29세 이하 해외대학 졸업자로서, ➋세계대학 순위(TH)"
D-10,D-10,체류,외국인등록,,,,"외국인등록사항 변경신고:
- 신고사항: 성명, 성별, 생년월일 및 국적, 여권의 번호·발급일자·유효기간
- 신고대상: 소속기관 또는 단체의 변경(명칭변경 포함)이나 추가
- 신고기한: 변경일로부터 15일 이내",,,,,,,,,,,,"[필수서류]
- 신청서
- 여권 및 사본 1부
- 표준규격사진 1매
- 체류지 입증서류
- 수수료 (1회 부여 체류기간이 1년인 경우 체류기간 연장·조정 연장 수수료는 면제)
- 인턴예정기업의 사업자등록증(또는 고유번호증) 사본 및 재직증명서(첨단기술인턴(D-10-3)에 한함)","구직비자로 외국인등록 할 때 어떤 서류 챙겨가요?
1년 체류기간이면 연장 수수료가 면제되나요?
첨단기술 인턴은 추가 서류가 있어요?",p.158,D-2 졸업 또는 점수제 60점 이상,"E-1~E-7 취업, F-2-7 점수제",F-3 동반,"구직, 졸업생, 취업준비",완료,[3차PDF정정] [출처] 'D-10 구직 / 외국인등록 제출서류 (p. 32)' → 'p.158'
D-10 (D-10-1),D-10,체류,외국인등록,"외국인등록을 마친 일반구직(D-10-1) 자격 소지자로서 구직 기간 중에 교수(E-1)~특정활동(E-7)에 해당하는 분야에서 인턴활동을 개시하거나, 소속기관을 변경하려는 외국인",,"연수기간: 구직자격 소지 기간 내에서 허용
동일 기업에서의 인턴활동은 1회 최대 1년 이내에서 허용",연수개시 신고 및 연수기관 변경: 사유 발생일로부터 15일 이내 체류지 관할 출입국·외국인관서장에게 신고,,,,,"기술창업(D-10-2) 자격 소지자 및 전문직종(E-1~E-7) 취업 경력자로 구직(D-10-1) 체류자격으로 변경허가를 받은 자는 인턴활동 불가
요건을 갖추지 못한 외국인의 인턴활동 또는 외국인 채용 요건을 갖추지 못한 기업이 인턴 고용계약을 맺은 경우 반려
최근 1년 이내에 인턴으로 활용하고 채용으로 연결되지 않은 외국인의 수가 기업 상시근로자 수(외국인 포함)의 10%(10인 미만 기업의 경우 20%) 이상인 기업에 대해서는 신규 연수를 제한 (단, 인턴과정을 통해 채용한 인력이 있는 경우는 제외)
구직자격 소지 기간 동안 동일기업에서 총 1년 이상의 인턴활동 기록이 있는 경우 신고 반려",,인턴활동 개시 또는 연수기관 변경 시 15일 이내 신고,,,,,"[필수서류]
- 외국인등록사항변경신고서
- 연수(인턴) 계약서
- 연수기관 등록서류(사업자 등록증 사본 등)
- 연수기관 고용보험가입자 명부
- 기타 연수개시(변경)신고 수리를 위해 필요하다고 인정되는 서류","인턴 시작하면 며칠 안에 신고해야 해요?
같은 회사에서 인턴 최대 얼마나 할 수 있어요?
어떤 회사는 인턴 받기 제한되나요?",D-10-1 일반구직 / 연수 개시 및 연수기관 변경 신고 (p. 159),D-2 졸업 또는 점수제 60점 이상,"E-1~E-7 취업, F-2-7 점수제",F-3 동반,"구직, 졸업생, 취업준비",완료,
D-10 (D-10-3),D-10,체류,외국인등록,소속기업(기관)을 변경하여 첨단기술분야 인턴 활동을 계속하고자 하는 경우,,,소속기업(기관) 변경일로부터 15일 이내 신고,,,,,"초청기업(기관)이 일반구직(D-10-1) 인턴 채용 또는 전문직종(E계열) 외국인 고용이 제한되는 경우 반려
첨단기술인턴 초청 요건을 갖추지 못한 기업(기관)과 인턴 근로계약을 체결한 경우 반려
첨단기술인턴 초청인원이 인턴 예정 기업(기관)의 국민고용인원의 20%를 초과하는 경우 반려",,인턴 기관 변경 시 15일 이내 신고,,,,,"[필수서류]
- 여권
- 외국인등록증
- 외국인등록사항변경신고서
- 사증발급인정서 발급 신청 서류 (단, 재학증명서 및 성적증명서 제외)","첨단기술 인턴 회사 옮길 때 어떻게 신고하나요?
국민 고용 인원의 몇 % 이상이면 안 되나요?
재학증명서도 매번 다시 내야 하나요?",D-10-3 첨단기술인턴 / 기관 변경 신고 (p. 159~160),D-2 졸업 또는 점수제 60점 이상,"E-1~E-7 취업, F-2-7 점수제",F-3 동반,"구직, 졸업생, 취업준비",완료,
D-10 (D-10-3),D-10,체류,체류자격외 활동허가,첨단기술인턴(D-10-3) 활동 참여 중인 자,,"경제활동 지원: 체류 기간 내에서 초청기업과 인턴근로계약 체결로 소정의 급여 또는 체재비를 받거나, 별도 연구 수행 사례금 등 수령 가능
유학활동 지원: 국적과 무관하게 국내 대학에서 유학하고자 하는 경우 표준입학허가서만으로 유학(D-2) 체류자격변경 허용
최근 3년 이내 첨단기술인턴 활동에 참여한 사람의 취업 지원: 첨단기술인턴 자격으로 국내 기업 등에서 1년 이상 인턴활동을 한 자로서, 인턴 활동 분야에 정식 취업하고, 임금이 전년도 1인당 국민총소득(GNI) 이상일 경우, 특정활동(E-7) 체류자격변경 시 학력, 경력 요건 면제
창업 지원: 첨단기술인턴 자격으로 국내 기업에서 1년 이상 인턴활동을 한 자로, 인턴 활동 분야 기술창업 희망 시 기술창업(D-8-4) 점수제 가점(연구경력 15점) 부여",,,,,,현행 일반 구직(D-10-1) 체류자격에 허용되는 시간제 취업활동 허가는 제한,,,,,,,,"첨단기술 인턴 끝나면 어떻게 취업할 수 있어요?
인턴 중에 한국 대학 다닐 수 있나요?
인턴 경력이 창업 비자에 도움이 되나요?",D-10-3 첨단기술인턴 / 체류지원 특례 (p. 160),D-2 졸업 또는 점수제 60점 이상,"E-1~E-7 취업, F-2-7 점수제",F-3 동반,"구직, 졸업생, 취업준비",완료,
E-1,E-1,체류,사증발급,,"한국과학기술원 등 학술기관 교수
전문대학 이상의 교육기관에서 임용하는 조교수 이상의 교수
대학 또는 대학부설연구소의 특수분야 연구교수",고등교육법에 의한 자격요건을 갖춘 외국인으로서 전문대 이상의 교육기관이나 이에 준하는 기관에서 교육 또는 연구지도,,,,1회에 부여할 수 있는 체류기간 상한: 5년,,,,,,,,,,"한국 대학에서 교수로 일하려면 어떤 비자 받아요?
조교수 이상이어야 비자 받을 수 있나요?
대학 부설 연구소 연구교수도 같은 비자인가요?

교수 비자로 한 번에 얼마나 머무를 수 있어요?
체류기간 상한이 어떻게 되나요?
5년 후엔 어떻게 연장하나요?",p.163-164,대학 교수·부교수·조교수 채용,"F-2-7 점수제, F-5-9 영주",F-3 동반,"교수, 강의, 학술",완료,[3차PDF정정] [출처] 'E-1 교수 / 활동범위 및 해당자 (p. 165)' → 'p.163-164'
E-1,E-1,체류,체류자격외 활동허가,교수(E-1) 또는 연구(E-3) 자격을 소지한 외국고급과학 기술인력,,"직장 내에서 동료직원 등을 대상으로 하는 회화지도 활동은 체류자격외 활동 허가대상 아님
영리 또는 유상 목적이 아닌 사회봉사활동 차원의 회화지도 활동은 자격외 허가 대상 아님
회화지도 활동이 주된 활동이 되거나 허용기준 등을 벗어난 회화지도 활동은 자율 허용대상에서 제외

이공계 석사학위 이상의 소지자로서 해당분야의 연구개발 업무에 3년 이상 종사한 경력이 있는 자
이공계 박사학위 소지한 자

전문대학이상의 교육기관이나 정부출연연구소, 국·공립연구소, 기업부설연구소 등 이공계 연구기관에 근무하고자 하는 자로서 교육부장관의 고용추천을 받은 자",,,,,,,원래의 체류목적을 침해하지 않은 범위 내에서 정규교육기관(초‧중‧고 및 대학)의 교육을 받고자 하는 때는 체류기간 범위 내에서 별도의 허가 절차 불요,,,,,,"[필수서류]
- 신청서(별지 34호 서식)
- 여권 및 외국인등록증
- 표준규격사진 1장
- 수수료
- 고용계약서 또는 임용예정확인서
- 원 고용주의 동의서
- 교육부장관의 고용추천서
- 사업자등록증 사본
- 연구기관 입증서류","교수로 와있는데 동료 직원에게 영어 가르쳐도 되나요?
봉사로 회화지도 하면 별도 허가 받아야 해요?
학교 다니면서 따로 신고해야 하나요?

교수로 와있는데 연구원으로도 같이 활동하려면 어떤 서류 내요?
교육부 고용추천서는 어디서 받아요?
원 고용주 동의서가 꼭 필요한가요?",p.163-166,대학 교수·부교수·조교수 채용,"F-2-7 점수제, F-5-9 영주",F-3 동반,"교수, 강의, 학술",완료,[3차PDF정정] [출처] 'E-1 교수 / 체류자격외 활동 (p. 104)' → 'p.163-166'
E-1,E-1,체류,근무처 변경/추가,교수(E-1) 자격으로 외국인등록을 하고 체류하고 있는 자로 변경·추가되는 근무처에서 활동하는데 필요한 자격요건을 구비하고 있는 자,,"전문인력 활용도 제고를 통한 국가경쟁력 강화차원에서 전문인력에 대해서는 기존 사전허가를 사후신고만으로 근무처를 변경·추가할 수 있도록 제도 개선
자격요건을 갖추었더라도 본인 귀책사유로 해고 또는 중도 퇴직한 자로서 원고용주의 이적동의를 받지 못한 자는 제외","신고의무자(외국인)는 신고사유 발생일로부터 15일 이내에 관할 출입국·외국인청(사무소·출장소)장에게 신고(대리인의 신고 허용)
여권에 근무처변경·추가신고 스티커나 신고인을 부착 또는 날인·기재하여야 하기 때문에 방문신고를 원칙으로 함 (긴급한 경우 FAX로 선 접수 후 방문)",,,,,,대학교수가 전공과 관련하여 일시적인 강연·강의·연구 등의 활동을 다른 대학에서 하는 경우 근무처 추가신고 불필요,근무처 변경·추가 사유 발생일로부터 15일 이내 신고,,,,,"[필수서류]
- 근무처변경·추가 신고서[별지 제38호의3서식]
- 여권 및 외국인등록증
- 수수료
- 사업자등록증
- 원 근무처 장의 동의서
- 고용계약서

[기타서류]
원 근무처 장의 동의서는 계약기간 만료일 또는 쌍방이 근무하기로 합의한 날짜까지 근무한 경우에는 제출을 면제하며, 원 근무처의 휴·폐업 및 임금체불 등의 사유가 있는 경우에는 입증서류 또는 사유서로 대체 가능","교수 비자로 다른 대학으로 옮기면 신고해야 하나요?
근무처 추가할 때 어떤 서류 내요?
잠깐 다른 대학에서 강의해도 신고해야 해요?",E-1 교수 / 근무처 변경·추가 사후신고제 (p. 166~168),대학 교수·부교수·조교수 채용,"F-2-7 점수제, F-5-9 영주",F-3 동반,"교수, 강의, 학술",완료,
E-1,E-1,체류,체류자격 변경,"부득이한 사유로 무사증입국하거나 비취업사증을 소지한 외국고급인력, 또는 교수(E-1)·연구(E-3) 상호간 체류자격 변경허가 대상자

유학(D-2), 구직(D-10) 자격 소지자",,"전문대학이상의 교육기관이나 정부출연연구소, 국·공립연구소, 기업부설연구소 등의 연구기관에 근무하고자 하는 자(이공계, 인문계, 예·체능계 등의 고급외국인력)
석사학위 이상으로 해당분야 경력 3년 종사한 경력이 있는 자
박사학위 소지자

외국고급과학기술인력에 대해서만 허용하던 것을 인문계, 예체능계 등으로 확대 및 과학기술부장관 고용추천서 삭제

구직(D-10) 자격 또는 유학(D-2) 자격을 소지하고 합법 체류 중인 자
취업활동을 하려는 분야가 교수(E-1)·회화지도(E-2)·연구(E-3)·기술지도(E-4)·전문직업(E-5)·예술흥행(E-6)·특정활동(E-7) 체류자격에 해당하고 해당 자격요건 등을 구비하여야 함
취업하려는 해당 기관·단체 등의 대표자와 고용계약을 체결하여야 함
유학(D-2) 자격 소지자는 구직(D-10)자격으로 변경할 수 있는 요건을 갖춘 졸업예정자를 의미
자국 또는 제3국의 대학에서 이미 학사 이상의 학위를 취득하고 필요한 경력요건 등을 갖춘 경우에는 재학 중이라 하더라도 변경 허용",,,,,,,,,,,,,"[필수서류]
- 신청서(제 34호 서식)
- 여권
- 표준규격사진 1장
- 수수료
- 고용계약서 원본 및 사본(또는 임용예정 확인서)
- 경력증명서(학위증 사본 첨부)
- 회사설립관련서류(사업자등록증, 연구기관 입증서류)
- 원 근무처장의 동의서(원 근무처가 있는 경우)

[필수서류]
- 신청서(별지 34호서식)
- 여권 및 외국인등록증
- 수수료
- 고용계약서
- 학위증 또는 경력증명서 (조교수 이상의 자격기준에 해당하는 전임교수 등의 경우 제출 생략)
- 고용업체 등 설립관련 서류(사업자등록증, 등기부등본 등)

[기타서류]
이공계대학 졸업 유학생 중 교육·과학기술 분야의 연구·지도 활동에 종사하려는 경우(석사 이상의 학위 취득자만 가능):
- 신청서(별지 34호서식), 여권 및 외국인등록증, 수수료
- 졸업증명서
- 고용계약서
- 총(학)장의 고용추천서
- 사업자등록증","무비자로 들어왔는데 교수 비자로 바꿀 수 있어요?
석사학위 있고 경력 있으면 가능한가요?
예체능 분야도 교수 비자 받을 수 있어요?

교수 비자로 자격 변경할 때 어떤 서류 챙겨요?
임용예정 확인서로 고용계약서 대체할 수 있나요?
회사설립 관련 서류는 무엇 내야 해요?

유학생인데 졸업 후 교수로 일하려면 어떻게 자격 변경해요?
구직 비자에서 교수 비자로 바꿀 때 뭐 챙겨요?
조교수면 학위증 안 내도 되나요?",E-1 교수 / 외국고급인력 체류자격 변경 (p. 168~169),대학 교수·부교수·조교수 채용,"F-2-7 점수제, F-5-9 영주",F-3 동반,"교수, 강의, 학술",완료,
E-1,E-1,체류,체류기간 연장,,,,,,,,,,,,,,,,"[필수서류]
- 신청서(제 34호 서식)
- 여권
- 표준규격사진 1장
- 수수료
- 고용계약서 원본 및 사본
- 체류지 입증서류(임대차계약서, 숙소제공 확인서, 체류기간 만료예고 통지우편물, 공공요금 납부영수증, 기숙사비 영수증 등)

[기타서류]
기타 심사에 필요한 자료(필요시 1~2종 제출): 교원활용계획서, 수강생 현황, 근로소득원천징수부 등","교수 비자 연장할 때 어떤 서류 챙겨가요?
교원활용계획서가 꼭 필요한가요?
체류지 입증서류로 어떤 것 인정되나요?",p.170-171,대학 교수·부교수·조교수 채용,"F-2-7 점수제, F-5-9 영주",F-3 동반,"교수, 강의, 학술",완료,[3차PDF정정] [출처] 'E-1 교수 / 체류기간 연장 제출서류 (p. 41)' → 'p.170-171'
E-1,E-1,체류,외국인등록,,,,"외국인등록사항 변경신고:
- 신고사항: 성명, 성별, 생년월일 및 국적, 여권의 번호·발급일자·유효기간
- 신고기한: 변경일로부터 15일 이내
- 제출서류: 신청서(별지 34호 서식), 여권 및 외국인등록증, 수수료 없음, 변경관련 입증서류",,,,,,,,,,,,"[필수서류]
- 신청서(별지34호 서식)
- 여권원본
- 표준규격사진1장
- 수수료
- '부가가치세법'에 따른 사업자등록증
- 체류지 입증서류","교수 비자로 외국인등록 할 때 어떤 서류 내요?
여권 정보 바뀌면 며칠 안에 신고해요?
사업자등록증은 어디서 받나요?",p.172,대학 교수·부교수·조교수 채용,"F-2-7 점수제, F-5-9 영주",F-3 동반,"교수, 강의, 학술",완료,[3차PDF정정] [출처] 'E-1 교수 / 외국인등록 신청서류 (p. 32)' → 'p.172'
E-2,E-2,체류,사증발급,,,"법무부장관이 정하는 자격요건을 갖춘 외국인으로서 외국어전문학원, 초등학교 이상의 교육기관 및 부설어학연구소, 방송사 및 기업체부설 어학연수원 기타 이에 준하는 기관 또는 단체에서 외국어 회화지도

회화지도의 개념: 외국어전문학원·교육기관·기업·단체 등에서 수강생에게 외국어로 상호 의사소통하는 방법을 지도하는 활동
외국어로 특정 어학이나 문학 또는 통·번역 기법 등을 지도하는 것은 회화지도 활동에 해당하지 않음

외국어 학원 등의 강사: 해당 외국어를 모국어로 하는 국가의 국민으로서 해당 외국어를 모국어로 하는 국가에서 대학 이상의 학교를 졸업하고, 학사이상의 학위를 소지한 자 또는 이와 동등 이상의 학력이 있는 자
국내 대학 졸업자에 대한 특례: 해당 외국어를 모국어로 하는 국가에서 고등학교 또는 전문대학을 졸업하고 국내의 대학에서 학사 이상의 학위를 취득한 경우 자격 인정
공용어 사용 국가 국민에 대한 특례: 영·중·일어를 제외한 나머지 외국어에 대해 해당 외국어를 공용어로 사용하는 국가의 국민 중 해당 외국어에 대한 공인된 교원자격을 소지하거나 해당 외국어 관련 학과 학사 학위 이상을 소지하고, 임금요건이 전년도 국민 1인당 GNI의 80% 이상일 것 (단, 주한공관문화원 등 비영리기관에 대해서는 당해연도 최저임금 이상 요건 적용)
원어민 영어보조교사(EPIK): 영어를 모국어로 하는 국가(7개국: 미국, 영국, 캐나다, 남아공, 뉴질랜드, 호주, 아일랜드) 국민으로서 출신국가에서 대학을 졸업하고 학사학위 이상의 학위를 취득한 자
한-인도 CEPA협정에 따른 영어보조교사: 인도 국적자로서 대학 이상의 학교를 졸업하고 학사이상의 학위와 교사자격증(영어전공)을 소지한 자
정부초청 해외 영어봉사장학생(TaLK): 영어를 모국어로 하는 국가 국민으로서 출신국가에서 대학 2년 이상을 이수(영국인은 영국대학 1년 이상)하였거나 전문대학 이상을 졸업한 자, 또는 10년 이상 해당 외국어로 정규교육을 받고 국내 대학에서 2년 이상을 이수하였거나 전문대학 이상을 졸업한 자
원어민 중국어보조교사(CPIK): 중국 국적자로서 중국 내 대학 이상의 학교를 졸업하고, 학사 이상의 학위증과 중국 국가한어판공실이 발급한 '외국어로서 중국어 교사 자격증서'를 소지한 자
전문인력 및 유학생의 비영어권 배우자에 대한 영어 회화지도 강사 허용: 전문인력(E-1~E-7, 호텔·유흥 E-6-2 제외) 및 유학생(이공계 석·박사 이상에 한함)의 배우자로서 영어권 출신이 아니라도 TESOL자격을 소지하고 학사 이상의 학위를 소지한 자 또는 동등 이상의 학력이 있는 자

[표]
회화지도 활동장소

외국어전문학원 (정보통신기술 등을 활용한 원격교습 형태의 학교교과교습학원 포함)
초등학교 이상의 교육기관 및 부설어학연구소
방송사 및 기업체부설 어학연수원
기타 이에 준하는 기관 또는 단체: 평생교육법에 의해 설치된 평생교육시설, 다른 법령에 의해 국가 또는 지방자치단체가 설치·운영하는 평생교육 시설, 근로자직업능력개발법에 따라 설립된 직업능력개발훈련시설과 직업능력개발훈련법인, 건설기술인력교육훈련 대행기관(재)건설산업교육원, 소속 직원이 회화지도 학습을 할 수 있는 어학기자재 등이 구비된 강의실을 보유한 법인기업 및 공공기관",,,,1회에 부여할 수 있는 체류기간 상한: 2년,,,,,,,,,,"한국에서 영어 회화 가르치려면 어떤 비자 받아요?
학원 외에 어디서 회화지도 가능해요?
번역만 하는 일은 회화지도에 해당하나요?

영어 회화지도 강사로 일하려면 어떤 학력이 있어야 해요?
한국 대학 졸업하면 비자 받기 쉬워지나요?
TESOL 자격 있으면 영어권 출신 아니어도 가능한가요?

회화지도 비자로 한 번에 얼마나 있을 수 있어요?
체류기간 상한이 어떻게 돼요?
2년 후엔 어떻게 연장하나요?",E-2 회화지도 / 활동범위 (p. 172),회화지도 자격 + 학사 학위 + TESL 등,"F-2-7, F-5 영주",F-3 동반,"회화지도, 영어강사, EPIK",완료,
E-2,E-2,체류,체류자격외 활동허가,"회화지도(E-2) 자격요건을 갖춘 등록외국인(A-1, A-2, A-3 포함)",,,,,,,,"학력·범죄경력증명서 및 채용신체검사서는 관할 교육청이 자율검증하므로 시·도교육감 영어보조교사는 제출 면제
범죄경력이 있는 경우에는 원칙적으로 불허",,,,,,,"[필수서류]
시·도교육감과 근로계약을 체결한 영어보조교사:
- 신청서(별지 34호 서식)
- 여권 및 외국인등록증
- 수수료
- 합격증명서
- 고용계약서
상기 영어보조교사를 제외한 회화지도강사:
- 신청서(별지 34호 서식)
- 여권 및 외국인등록증
- 수수료
- 고용계약서 원본과 사본
- 사업자등록증 사본
- 공적확인을 받은 학력증명서 (아포스티유확인 또는 해외주재 한국공관 영사확인 또는 자국 정부기관의 별도 확인 문서, 일본의 경우)
- 신청일로부터 6개월 이내에 발급 받은 공적확인을 받은 범죄경력증명서
- 채용신체검사서(법무부장관이 지정하는 의료기관 발급, HIV 및 마약검사 포함)
- 학원설립운영등록증 사본(해당자)
- 평생교육시설등록증 사본(해당자)

[기타서류]
국내 대학에서 학위를 취득한 경우에는 공적확인 받지 않은 학위증 사본 제출
과거에 공적확인을 받은 학력 입증서류를 제출한 경우에는 제출 면제
과거에 공적확인을 받은 범죄경력증명서를 제출하고 체류하다 출국한 후 3개월 이내 신청하는 경우에는 제출 면제","회화지도 자격외 활동할 때 어떤 서류 필요해요?
범죄경력증명서는 어떻게 공적확인 받아요?
채용신체검사 어디서 받아요?",E-2 회화지도 / 등록외국인 체류자격외 활동 제출서류 (p. 173~174),회화지도 자격 + 학사 학위 + TESL 등,"F-2-7, F-5 영주",F-3 동반,"회화지도, 영어강사, EPIK",완료,
E-2,E-2,체류,근무처 변경/추가,,,"고용계약기간까지 정상 근무하고 근무처를 변경하거나 고용업체의 휴·폐업 등으로 업체를 변경한 자
본인 귀책사유로 해고 또는 중도 퇴직한 후 원 고용주의 이적 동의를 받고 업체를 변경하는 자
현 고용주의 동의를 받고 다른 근무처와 추가로 고용계약을 체결한 자
현 고용주의 지시에 따라 월 평균 강의시간의 1/3 범위 내에서 다른 업체에서 강의를 하는 대가로 별도의 보수를 받는 자
외국인등록 전 본인의 귀책 사유 없이 부득이하게 원 근무처와의 고용 계약이 해지되어 다른 근무처로 변경하는 자 (단, 원 근무처장의 이적동의서가 있을 경우 1회에 한하여 허용)

근무처는 '현재 근로계약이 체결되어 근무 중인 고용업체' 이외에도 '고용계약 범위 내에서 고용주의 지시에 따라 체류자격에 해당하는 활동을 하는 장소'도 지정된 근무처에 포함
근로계약 및 체류자격에 해당하는 활동범위에 해당하고, 해당 외국인과 활동하는 장소(사업체)의 장 사이에 별도의 근로계약이나 보수지급이 없어야 하며, 파견근로 형태의 근무방식이 아니어야 함
A학원 외국어회화지도 강사가 방문하여 회화지도를 하는 기업 등(단, 기업 등은 회화지도강사를 고용할 수 있는 조건을 구비하여야 하고, 기업 등에서의 월간 강의시간은 A학원의 월간 강의 시간의 1/3을 초과하지 못함)","근무처를 변경·추가한 회화지도강사는 신고사유 발생일로부터 15일 이내에 관할 청장 등에게 신고 (대리인의 신고 허용)
여권에 근무처변경·추가신고 스티커나 신고인을 부착 또는 날인·기재하여야 하기 때문에 방문신고를 원칙
잔여 체류기간이 (새 고용계약기간 + 1개월)보다 짧은 경우, 체류기간연장 허가를 받아야하며 체류기간 연장허가 심사에 필요한 구비서류 추가 제출",,,,,"신고제외대상자: 변경·추가되는 근무처에서 활동하는데 필요한 자격요건을 구비하지 못한 정부초청 청소년영어봉사장학생, 자격요건을 갖추었더라도 본인 귀책사유로 해고되거나 중도 퇴직한 후 원 고용주의 이적이나 근무처 추가 동의를 받지 못한 자
강의실 및 수강생 규모에 비해 과다한 인원을 채용하고 있다고 의심되는 업체에 대해서는 실태조사를 실시하여 허용여부 결정",,근무처 변경·추가 시 15일 이내 신고,,,,,"[필수서류]
- 신청서(별지 34호서식)
- 여권
- 외국인등록증
- 고용계약서
- 사업자등록증
- 원 근무처 장의 동의서 (계약기간 만료일 또는 쌍방이 합의한 날짜까지 근무한 경우 면제, 휴·폐업 및 임금체불 등 사유 있을 시 입증서류 또는 사유서로 대체 가능)
- 시설 설립 관련서류 등","회화지도 학원 옮길 때 어떻게 신고해요?
원 근무처에서 정상 근무 후 옮기는 경우 동의서 안 받아도 되나요?
여러 학원에서 강의해도 모두 신고해야 하나요?",E-2 회화지도 / 근무처 변경·추가 신고 (p. 174~177),회화지도 자격 + 학사 학위 + TESL 등,"F-2-7, F-5 영주",F-3 동반,"회화지도, 영어강사, EPIK",완료,
E-2,E-2,체류,체류자격 변경,"유학(D-2), 구직(D-10) 자격 소지자 또는 등록외국인",,"회화지도(E-2) 자격요건을 갖춘 등록외국인(A-1, A-2, A-3 포함)
유학(D-2) 또는 구직(D-10) 자격 소지자

고용계약서상 임금이 최소임금(당해연도 최저임금) 기준에 미달하는 경우에는 원칙적으로 체류자격변경 허가를 억제",,,,,,범죄경력이 있는 경우에는 원칙적으로 불허,,,,,,,"[필수서류]
- 신청서(별지 34호서식)
- 여권 및 외국인등록증
- 표준규격사진1장
- 수수료
- 고용계약서 원본과 사본
- 사업자등록증 사본
- 공적확인을 받은 학력증명서 (국내 대학에서 학위를 취득한 경우에는 공적확인 받지 않은 학위증 사본 제출 허용)
- 신청일로부터 6개월 이내에 발급 받은 공적확인을 받은 범죄경력증명서
- 공적확인을 받은 제3국 범죄경력증명서(자국 이외의 국가에서 학위를 취득한 경우 제출)
- 채용신체검사서 (반드시 봉투에 밀봉된 상태로 제출, 개봉 불가)
- 학원설립증, 등기부등본 등 고용업체 설립관련 서류

[기타서류]
시·도교육감과 고용계약을 체결한 초·중등학교의 영어보조교사 등은 학력·경력 증명서 및 채용신체검사서 제출을 면제하고 '합격증명서'와 '고용계약서' 등 최소서류만 징구
과거 회화지도 강사로 체류 시에 공적확인을 받은 학력·범죄경력증명서 및 채용신체검사서를 제출한 적이 있고, 현재 구직(D-10) 등의 자격으로 체류 중인 등록외국인에 대해서도 면제","유학생인데 졸업 후 회화지도 강사로 자격 변경하려면 어떤 서류 내요?
학원이랑 계약한 외국인은 어떤 서류 챙겨요?
채용신체검사서는 어떻게 제출해요?",E-2 회화지도 / 체류자격 변경 제출서류 (p. 177~179),회화지도 자격 + 학사 학위 + TESL 등,"F-2-7, F-5 영주",F-3 동반,"회화지도, 영어강사, EPIK",완료,
E-2,E-2,체류,체류기간 연장,,,"체류기간 특례:
- 한-인도 CEPA협정에 의한 영어보조교사: 취업기간 1년
- 정부초청 영어봉사장학생(TaLK) 및 중국어보조교사(CPIK): 취업기간 최대 2년",,,,,,,,,,,,,"[필수서류]
- 신청서(별지 34호서식)
- 여권 및 외국인등록증
- 수수료
- 고용계약서 원본 및 사본
- 사업자등록증 사본
- 학원설립운영등록증 사본(해당자)
- 평생교육시설 및 법인기업 등에서 취업중인 경우(수강생 현황 및 강의시간표, 근로소득원천징수부 등의 자료를 활용하여 종합적으로 심사)
- 범죄경력증명서 및 학력입증서류 보완대상인 기존 체류자의 경우에는 해당서류 보완 필요
- 소득금액증명 (근로소득이 아닌 사업소득으로 소득 신고된 경우 고용주와 외국인에게 경정 청구)
- 체류지 입증서류
- 강의시간표

[기타서류]
교육부 또는 시·도·교육감 초청 원어민영어강사는 범죄경력증명서, 학력검증, 채용신체검사 서류 제출 불필요","회화지도 비자 연장할 때 어떤 서류 필요해요?
한국 와있는 인도 영어보조교사는 얼마나 머물 수 있어요?
소득금액증명은 어디서 받아요?",E-2 회화지도 / 체류기간 연장 제출서류 (p. 179~181),회화지도 자격 + 학사 학위 + TESL 등,"F-2-7, F-5 영주",F-3 동반,"회화지도, 영어강사, EPIK",완료,
E-2,E-2,체류,외국인등록,,,,"외국인등록사항 변경신고:
- 신고사항: 성명, 성별, 생년월일 및 국적, 여권의 번호·발급일자·유효기간
- 신고기한: 변경일로부터 15일 이내
- 제출서류: 신청서(별지 34호 서식), 여권 및 외국인등록증, 수수료 없음, 변경관련 입증서류",,,,,,,,,,,,"[필수서류]
- 신청서(별지34호 서식)
- 여권원본
- 표준규격사진1장
- 수수료
- '부가가치세법'에 따른 사업자등록증
- 채용신체검사서 (반드시 봉투에 밀봉된 상태로 제출, 개봉 불가) - 법무부장관이 지정한 채용신체검사의료기관에서 발행한 것
- 체류지 입증서류

[기타서류]
시·도교육감이 채용한 원어민 영어보조교사 및 정부초청 해외 영어봉사장학생은 채용신체검사서 제출 면제 (관할 교육관청에 제출하여 자율 검증)","회화지도 비자로 외국인등록 할 때 어떤 서류 필요해요?
채용신체검사서는 봉투를 열어서 제출해도 되나요?
영어보조교사는 채용신체검사서 제출 면제되나요?",p.182,회화지도 자격 + 학사 학위 + TESL 등,"F-2-7, F-5 영주",F-3 동반,"회화지도, 영어강사, EPIK",완료,[3차PDF정정] [출처] 'E-2 회화지도 / 외국인등록 신청서류 (p. 32)' → 'p.182'
E-3,E-3,체류,체류자격 변경,,"특정 연구기관 육성법, 정부출연 연구기관 등의 설립ㆍ운영 및 육성에 관한 법률, 과학기술분야 정부출연연구기관 등의 설립ㆍ운영 및 육성에 관한 법률에 의한 연구기관에서 자연과학·사회과학·인문학·예체능 분야의 연구 또는 산업상의 고도기술의 연구개발에 종사하는 자
방위사업법의 규정에 의한 연구기관에서 연구 활동에 종사하는 과학기술자
산업기술혁신촉진법 등 관련법령에 따라 기업부설연구소, 산업기술연구조합, 대학 또는 전문대학, 산학협력단, 국·공립 연구기관, 산업기술혁신촉진법에 의한 기술 지원공공기관, 과학기술분야 비영리법인 연구기관 등과 계약을 맺은 과학기술자
정부출연연구소, 국·공립연구소, 기업부설연구소 등 이공계 연구기관에서 자연과학분야 또는 산업상 고도기술의 연구개발에 종사하고자 하는 자로서 과학기술정보통신부장관의 고용추천이 있는 자
전문대학 이상의 교육기관 또는 기타 학술연구기관에서 사회과학·인문학·예체능 분야의 연구를 하고자 하는 자","자연과학분야의 연구 또는 산업상 고도기술의 연구개발 종사자
고급과학기술인력
사회과학·인문학·예체능 분야의 연구 인력

박사 학위 소지자(취득 예정자)
석사 학위 소지자로서 3년 이상 경력자 (단, 국내 석사학위 소지자 경력 요건 면제)
경력요건 면제 대상자: 국내 석사 학위 소지자, 해외 우수대학(TIMES誌 세계 200대 또는 QS 세계 500위 이내) 석사 학위 소지자, 우수 학술논문(SCIE/A&HCI/SCI/SSCI 등재) 저자

[표]
경력요건 면제 대상자 구분표

국내 석사 학위 소지자: 국내 대학을 졸업한 석사 학위 소지자
해외 우수대학 석사 학위 소지자: TIMES 세계 200대 또는 QS 세계 500위 이내 졸업
우수 학술논문 저자: SCIE, A&HCI, SCI, SSCI 등재 논문 저자(주저자/공저자/교신저자 인정)",,,,,,,,,,,,,"[필수서류]
- 신청서(별지 34호 서식)
- 여권
- 표준규격사진 1장
- 수수료
- 고용계약서 또는 임용예정확인서
- 고용기관 설립 관련 서류(사업자등록증 또는 법인등기사항전부증명서 또는 연구기관 입증서류 등)

[기타서류]
- 석사 학위 이상 학위증, 경력증명서(해당자)
- 원 근무처장의 동의서(원 근무처가 있는 경우)
- 대학 대표자 명의로 발급된 졸업예정증명서·확인서 등과 학위수여 날짜를 확인할 수 있는 증명서 등(해당자)
- 우수 학술논문의 저자임을 확인할 수 있는 입증자료(해당자)","연구기관에서 일하려는데 어떤 비자로 바꿔야 하나요?
과학기술 연구자도 자격변경 신청할 수 있나요?
대학 학술연구기관 연구원도 대상에 포함되나요?

연구자 비자 신청하려면 학위 조건이 어떻게 되나요?
석사인데 경력 면제받을 수 있는 방법이 있나요?
국내 석사면 바로 신청 가능한가요?

연구비자로 변경할 때 어떤 서류가 필요해요?
학위증이랑 경력증명서 꼭 내야 하나요?
원 근무처 동의서가 필요한 경우가 있나요?",E-3 연구 (p. 183),석사 이상 학위 + 연구기관 채용,"F-2-7, F-5-9 영주",F-3 동반,"연구, 연구원, 학술연구",완료,
E-3,E-3,체류,체류기간 연장,,,,,,,1회에 부여할 수 있는 체류기간 상한 5년,,,,,,,,,"[필수서류]
- 신청서(별지 34호서식)
- 여권 및 외국인등록증
- 수수료
- 고용계약서 또는 임용예정확인서
- 고용기관 설립 관련 서류(사업자등록증 또는 법인등기사항전부증명서 또는 연구기관 입증서류 등)
- 체류지 입증서류(임대차계약서, 숙소제공 확인서)

[기타서류]
- 초청 연구기관 명의의 초청 공문(해당자)
- 원 소속 고용계약 입증 서류(해당자)
- 국내·외 은행 잔고증명서(해당자)","연구자 체류기간 연장하려면 뭐 준비해야 해요?
체류지 확인 서류는 임대차계약서로 되나요?
잔고증명서도 꼭 내야 해요?

연구 비자는 한 번에 얼마나 머물 수 있어요?
체류기간 상한이 몇 년이에요?",E-3 연구 (p. 184),석사 이상 학위 + 연구기관 채용,"F-2-7, F-5-9 영주",F-3 동반,"연구, 연구원, 학술연구",완료,
E-3,E-3,체류,체류자격외 활동허가,,,"원래의 체류목적을 침해하지 않은 범위 내에서 정규교육기관(초·중·고 및 대학) 교육은 체류기간 범위 내 별도의 허가 절차 불요
외국인투자기업 CEO 등 우수전문인력의 대학 강연활동(C-4-5): 투자자(D-7, D-8, D-9) 자격 소지자 중 상근이사 이상 또는 전문인력(E-1, E-3~E-5, E-7) 자격소지자
교수(E-1)와 연구(E-3) 자격 상호간 자격외 활동(이공계 연구기관 근무자)
단기취업(C-4-5) 및 특정활동(E-7) 자격을 소지한 외국첨단기술 인력의 유사첨단 기술분야(E-1, E-3, E-4) 활동
A-1, A-2 소지자의 자격외활동: 외국어회화강사(E-2), 외국인학교교사(E-7), 외국어교열요원(E-7), 문화예술(D-1), 종교(D-6), 교수(E-1), 연구(E-3), 행정요원(E-7), IT 분야 E-7 등
협정(A-3) 자격 소지자의 연구(E-3)
고액투자외국인 및 전문인력 배우자: 고급과학기술인력(SCIENCE 카드)/첨단기술인력(GOLD 카드)/정보기술인력(IT카드)/미화 50만불 이상 투자자/전문 외국인력(E-1~E-5, E-6(E-6-2 제외), E-7) 배우자
연구(E-3) 자격자의 동일 기관 내 강의 활동: 동일 대학 또는 연구기관 내 강의는 별도 허가 없이 허용",,,,배우자 자격외 활동 허가기간: 배우자의 체류기간까지(계속연장 가능),,"배우자 자격외 활동: 단순노무(D-3, E-9) 등을 제외한 모든 직종
체류자격 외 활동이 원 체류자격의 근무시간 또는 보수를 상회하는 경우 체류자격 변경 안내",,,,,,,"[필수서류]
- 신청서(별지 34호 서식)
- 여권 및 외국인등록증
- 수수료

[기타서류]
- 대학 강연활동(C-4-5): 총(학)장의 추천서, 고유번호증(사업자등록증)사본, 고용계약서, 원근무처장의 동의서
- E-1/E-3 상호 자격외 활동: 표준규격사진 1장, 고용계약서 또는 임용예정확인서, 원 고용주의 동의서, 고용기관 설립 관련 서류, 석사 학위 이상 학위증·경력증명서(해당자), 학위수여 증명서(해당자), 우수 학술논문 입증자료(해당자)
- C-4-5/E-7 첨단기술인력의 E-1/E-3/E-4 활동: 위와 동일한 서류
- A-1/A-2 자격외활동: 여권 및 외교관신분증, 고용계약서 또는 임용예정확인서, 고용기관 설립 관련 서류, 석사 학위 이상 학위증·경력증명서(해당자), 외교부고용추천서, 학위수여 증명서(해당자), 우수 학술논문 입증자료(해당자)
- A-3 자격자의 E-3: 여권 및 SOFA ID, 고용계약서 또는 임용예정확인서, 고용기관 설립 관련 서류, 석사 학위 이상 학위증·경력증명서(해당자), SPONSOR인 경우 원근무처장의 동의서, 학위수여 증명서(해당자), 우수 학술논문 입증자료(해당자)
- 배우자 취업: 출입국관리법시행규칙 제76조에 의한 체류자격별 첨부서류","연구 비자로 와있는데 강의 같이 해도 되나요?
배우자가 한국에서 일할 수 있는 방법이 있나요?
외교관 신분으로 연구 활동도 할 수 있어요?

자격외 활동허가 받을 때 기본 서류가 뭐예요?
대학 강의 활동하려면 추천서가 필요한가요?
배우자가 일하려면 어떤 서류를 내야 해요?",p.184-186,석사 이상 학위 + 연구기관 채용,"F-2-7, F-5-9 영주",F-3 동반,"연구, 연구원, 학술연구",완료,[3차PDF정정] [출처] 'E-3 연구 / 체류자격외 활동 (p. 30)' → 'p.184-186'
E-3,E-3,체류,근무처 변경/추가,2010.11.15.부 사후 신고제로 개정(출입국관리법시행령 제26조의2제1항),,"연구(E-3) 자격으로 외국인등록을 하고 체류 중인 자
변경·추가되는 근무처에서 활동하는데 필요한 자격요건을 구비
본인 귀책사유로 해고 또는 중도 퇴직하여 원고용주의 이적동의를 받지 못한 자는 제외","신고의무자(외국인)는 신고사유 발생일로부터 15일 이내에 관할 출입국·외국인청(사무소·출장소)장에게 신고(대리인의 신고 허용)
신고기한 도과 시 과태료 처분 후 신고 수리
잔여체류기간이 [변경된 고용계약기간+1개월]보다 적으면 연장신청을 받아 [변경된 고용계약기간+1개월]까지 연장
잔여체류기간이 [변경된 고용계약기간+1개월]보다 많으면 [변경된 고용계약기간+1개월]로 체류기간 단축조정
해고·중도퇴직자가 동일 직종에 계속 취업하려는 경우 구직(D-10) 체류자격으로 변경 허용",,,,,,,신고사유 발생일로부터 15일 이내 신고,,,,,"[필수서류]
- 통합신청서[별지 제34호서식]
- 여권 및 외국인등록증
- 수수료 없음
- 사업자등록증 또는 법인등기사항전부증명서 또는 연구기관 입증서류 등
- 원 근무처 장의 동의서
- 고용계약서 또는 임용예정확인서

[기타서류]
원 근무처 장의 동의서는 계약기간 만료일 또는 쌍방이 근무하기로 합의한 날짜까지 근무한 경우 면제, 휴·폐업 및 임금체불 등 사유 시 입증서류 또는 사유서로 대체 가능","연구자 비자인데 다른 회사로 옮기려면 무슨 요건 있어요?
퇴직했는데 동의서 못 받으면 어떻게 되나요?
근무처 변경 신고 대상이 되는지 어떻게 확인해요?

근무처 변경 신고는 며칠 안에 해야 하나요?
체류기간 조정은 어떻게 되나요?
해고됐는데 다른 비자로 바꿀 수 있나요?

근무처 변경할 때 어떤 서류 챙겨가야 해요?
수수료가 있나요?
원 회사 동의서 못 받으면 어떻게 해요?",p.187-188,석사 이상 학위 + 연구기관 채용,"F-2-7, F-5-9 영주",F-3 동반,"연구, 연구원, 학술연구",완료,[3차PDF정정] [출처] 'E-3 연구 / 근무처 변경·추가 (p. 168)' → 'p.187-188'
E-3,E-3,체류,재입국허가,,,"등록을 필한 외국인이 출국한 날로부터 1년 이내에 재입국하려는 경우 재입국허가 면제
체류기간이 1년보다 적게 남아있는 경우 체류기간 범위 내에서 재입국허가 면제
복수재입국허가: 출국 후 체류기간 범위 내에서 1년을 초과하여 2년 내에 재입국하려는 경우",,,,,,"입국규제 및 사증발급규제자는 체류지 관할 청(사무소·출장소)에 방문하여 재입국허가를 받아야 함
사우디아라비아, 이란, 리비아는 복수재입국제한. 단, 동 국가의 국민 중 결혼이민(F-6), 유학(D-2), 일반연수(D-4)는 가능",,,,,,,"[필수서류]
- 신청서(별지 34호서식)
- 여권 원본
- 외국인등록증
- 수수료","잠깐 출국할 때마다 재입국 허가 받아야 하나요?
출국 1년 넘어가면 어떻게 해요?
이란이나 사우디 국민은 재입국 제한이 있나요?

복수재입국허가 받으려면 어떤 서류 필요해요?
여권 사본만 내도 되나요?",p.191-192,석사 이상 학위 + 연구기관 채용,"F-2-7, F-5-9 영주",F-3 동반,"연구, 연구원, 학술연구",완료,[3차PDF정정] [출처] 'E-3 연구 / 재입국허가 (p. 95)' → 'p.191-192'
E-3,E-3,체류,외국인등록,,,,,,,,,,,"신고사항: 성명, 성별, 생년월일 및 국적, 여권의 번호·발급일자·유효기간
신고기한: 변경일로부터 15일 이내 신고",,,,,"[필수서류]
- 신청서(별지34호 서식)
- 여권원본
- 표준규격사진 1장
- 수수료
- 부가가치세법에 따른 사업자등록증
- 체류지 입증서류

[필수서류]
- 신청서(별지 34호 서식)
- 여권 및 외국인등록증
- 수수료 없음
- 변경관련 입증서류","외국인등록할 때 어떤 서류 챙겨가요?
사업자등록증도 필요한가요?
체류지 증명은 뭐로 하나요?

이름이나 여권 정보가 바뀌면 언제까지 신고해야 해요?
어떤 항목이 변경 신고 대상인가요?",p.192,석사 이상 학위 + 연구기관 채용,"F-2-7, F-5-9 영주",F-3 동반,"연구, 연구원, 학술연구",완료,[3차PDF정정] [출처] 'E-3 연구 / 외국인등록 (p. 32)' → 'p.192'
E-3 (방문연구원),E-3,체류,체류자격 변경,,,"국외 소재 기관에 소속되어 국내 연구기관 등의 초청으로 국내 체류하면서 연구활동에 종사하려는 자로 국내에서 연구활동에 대한 대가(보수)를 지급 받지 않는 자
왕복 항공권, 숙소 제공 등 입국·국내체류에 따른 실비 보전 수준 지원은 가능",,,,,체류기간은 연구기간 + 1개월로 부여,,방문연구원은 보수를 받지 않으며 실비 수준 지원만 가능,,,,,,"[필수서류]
- 통합신청서(별지 34호서식)
- 여권
- 표준규격사진 1매
- 수수료
- 고용기관 설립 관련 서류(사업자등록증 또는 법인등기사항전부증명서 또는 연구기관 입증서류 등)
- 초청 연구기관 명의의 초청 공문(임금요건 불필요, 연구기간, 연구분야 명시)
- 원 소속 고용계약 입증 서류(재직증명서, 고용계약서 등)

[기타서류]
- 석사 학위 이상 학위증, 경력증명서(해당자)
- 대학 대표자 명의로 발급된 졸업예정증명서·확인서 등(해당자)
- 우수 학술논문 저자 입증자료(해당자)
- 국내·외 은행 잔고 증명서(해당자)","한국 연구기관에 초청받았는데 보수 안 받으면 어떤 비자로 와요?
방문연구원도 비자 받을 수 있나요?
체류기간은 얼마나 주어지나요?",p.191-192,석사 이상 학위 + 연구기관 채용,"F-2-7, F-5-9 영주",F-3 동반,"연구, 연구원, 학술연구",완료,[3차PDF정정] [출처] 'E-3 연구 / 방문연구원 특례 (p. 190)' → 'p.191-192'
E-4,E-4,체류,체류자격 변경,,"외국인투자촉진법의 규정에 의한 기술도입 계약에 따라 대한민국 국민 또는 대한민국 법인에게 기술을 제공하는 자
국내에서 구할 수 없는 산업사의 고도기술 등을 국내 공·사기관에 제공하는 자","공·사기관에서 자연과학분야의 전문지식 또는 산업상의 특수분야에 속하는 기술 제공

유학(D-2), 구직(D-10) → 기술지도(E-4)자격으로의 변경요건:
구직(D-10) 또는 유학(D-2) 자격을 소지하고 합법 체류 중인 자
취업분야가 교수(E-1)·회화지도(E-2)·연구(E-3)·기술지도(E-4)·전문직업(E-5)·예술흥행(E-6)·특정활동(E-7) 체류자격에 해당하고 해당 자격요건을 구비
취업하려는 기관·단체 대표자와 고용계약 체결

자연과학분야의 전문지식 또는 산업상의 특수분야에 속하는 기술 제공자에 대해서는 소지자격에 관계없이 기술지도(E-4)자격으로 변경허가:
외국인투자촉진법, 조세특례제한법 또는 항공우주산업개발촉진법의 기술도입계약에 따라 기술을 제공하는 자
방위산업에 관한 특별조치법의 방위산업체에 기술을 제공하는 자
정부 또는 정부투자기관관리기본법에 의한 정부투자기관과의 계약에 의해 산업상의 기술을 제공하는 자",,,,,,,,,,,,,"[필수서류]
- 신청서(별지 34호서식)
- 여권 및 외국인등록증
- 수수료
- 파견명령서(본사발행) 또는 재직증명서
- 기술도입계약신고수리서, 기술도입계약서(또는 용역거래인증서) 또는 방위산업체지정서 사본
- 사업자등록증 사본

[기타서류]
- 소관부처 장관의 고용추천서(필요시)
- 전문외국인력 배우자: 학위증(원본 및 사본) 또는 경력증명서, 고용계약서(원본 및 사본), 원 근무처의 장의 동의서(원 근무처가 있는 경우만 해당)","외국인이 한국에 기술 전수하러 오려면 어떤 비자예요?
기술도입 계약 기반으로 일하는 분도 대상인가요?
국내에서 구하기 힘든 기술 제공자는 어디 해당해요?

유학생인데 기술지도 비자로 바꿀 수 있나요?
기술도입 계약 기반이면 다른 비자에서도 변경 가능한가요?
구직 비자에서 어떤 자격으로 옮길 수 있나요?

기술지도 비자로 바꿀 때 어떤 서류 필요해요?
재직증명서 대신 파견명령서로 되나요?
배우자가 신청할 때는 뭐 따로 챙겨야 해요?",p.193-194,특수기술 보유 + 국내기업 초청,"F-2-7, F-5 영주",F-3 동반,"기술지도, 기술이전",완료,[3차PDF정정] [출처] 'E-4 기술지도 (p. 190~192)' → 'p.193-194'
E-4,E-4,체류,체류기간 연장,,,,,,,1회에 부여할 수 있는 체류기간 상한 5년,,,,,,,,,"[필수서류]
- 신청서(별지 34호 서식)
- 여권 및 외국인등록증
- 수수료
- 파견명령서(본사발행) 또는 재직증명서
- 기술도입계약신고수리서, 기술도입계약서(또는 용역거래인증서) 또는 방위산업체지정서 사본
- 사업자등록증 사본
- 체류지 입증서류(임대차계약서, 숙소제공 확인서, 체류기간 만료예고 통지우편물, 공공요금 납부영수증, 기숙사비 영수증 등)","기술지도 체류 연장할 때 무슨 서류 챙겨야 해요?
체류지 입증은 뭐로 해요?
기술도입계약서가 필수인가요?

기술지도 비자는 한 번에 얼마나 줘요?
상한 체류기간이 몇 년이에요?",E-4 기술지도 (p. 194~196),특수기술 보유 + 국내기업 초청,"F-2-7, F-5 영주",F-3 동반,"기술지도, 기술이전",완료,[3차요약] E-4 기술지도 체류기간 연장. 1회 체류 상한은 5년. 필수 서류는 기술도입계약신고수리서·사업자등록증·체류지 입증서류 포함
E-4,E-4,체류,체류자격외 활동허가,,,"원래의 체류목적을 침해하지 않은 범위 내에서 정규교육기관 교육은 별도 허가 불요('09.6.15.부 시행)
외국인투자기업 CEO 등 우수전문인력의 대학 강연활동(C-4-5): 투자자(D-7, D-8, D-9) 자격 상근이사 이상, 전문인력(E-1, E-3, E-4, E-5, E-7) 자격소지자
C-4-5/E-7 외국첨단기술 인력의 E-1/E-3/E-4 자격 활동: 벤처기업 IT·e-business·BT·NT·신소재·수송기계·디지털가전·환경에너지 분야 종사자로 소관부처 장관의 고용추천이 있는 자
고액투자외국인 및 전문인력 배우자 취업: SCIENCE/GOLD/IT카드 소지 전문인력, 미화 50만불 이상 투자자, 전문외국인력(E-1~E-5, E-6(E-6-2 제외), E-7) 자격 소지자의 배우자

C-4-5/E-7 첨단기술인력의 E-1/E-3/E-4 활동 자격기준:
정보기업(IT) 또는 전자상거래 등 관련분야에 5년 이상 종사 경력
또는 관련학과 학사 이상 학력 소지자로서 해당분야 2년 이상 경력(국내 4년제 학사학위 취득자는 경력 불요)
또는 관련학과 석사학위 이상 소지자",,,,배우자 자격외 활동 허가기간 - 배우자의 체류기간까지(계속연장 가능),,"배우자 자격외 활동: 단순노무(D-3, E-9) 등을 제외한 모든 직종",,,,,,,"[필수서류]
- 신청서(별지 34호 서식)
- 여권 및 외국인등록증
- 수수료

[기타서류]
- 대학 강연활동(C-4-5): 표준규격사진 1장, 총(학)장의 추천서, 고유번호증(사업자등록증)사본, 고용계약서원본 및 사본, 원근무처장의 동의서
- C-4-5/E-7 첨단기술인력 활동: 표준규격사진 1장, 고용계약서(원본 및 사본), 원고용주의 동의서, 소관부처 장관의 고용추천서, 학력증명서 및 경력증명서(학사학위는 학위증 사본), 사업자등록증 사본
- 배우자 취업: 규칙 제76조에 의한 체류자격별 첨부서류(신원보증서 생략)","기술지도 비자로 와서 대학 강의도 할 수 있어요?
첨단기술 분야로 자격 변경 없이 활동 가능한가요?
배우자가 한국에서 취업할 수 있나요?

첨단기술 분야로 활동하려면 학력이 어떻게 돼야 해요?
경력이 몇 년 이상 있어야 자격되나요?
국내 학사 학위 있으면 경력 안 따져요?

자격외 활동허가 받을 때 기본 서류가 뭐예요?
대학 강의 신청 때 추천서가 따로 있나요?
배우자 취업할 때 신원보증서 필요해요?",E-4 기술지도 / 체류자격외 활동 (p. 30),특수기술 보유 + 국내기업 초청,"F-2-7, F-5 영주",F-3 동반,"기술지도, 기술이전",완료,"[3차요약] E-4 기술지도 자격으로 정규교육기관 교육, 대학 강연(C-4-5), 첨단기술 분야 활동, 배우자 취업 가능. 첨단기술 활동은 IT 5년 경력 또는 학사+2년 경력 필요"
E-4,E-4,체류,근무처 변경/추가,2010.11.15.부 사후 신고제로 개정(출입국관리법시행령 제26조의2제1항),,"기술지도(E-4) 자격으로 외국인등록을 하고 체류 중인 자
변경·추가되는 근무처에서 활동하는데 필요한 자격요건을 구비
본인 귀책사유로 해고 또는 중도 퇴직하여 원고용주의 이적동의를 받지 못한 자는 제외","신고의무자(외국인)는 신고사유 발생일로부터 15일 이내에 관할 출입국·외국인청(사무소·출장소)장에게 신고(대리인 신고 허용)
여권에 근무처변경·추가신고 스티커나 신고인을 부착 또는 날인·기재해야 하므로 방문신고 원칙(신고기한 임박 등 긴급한 경우 FAX 선 접수 후 방문)",,,,,,,신고사유 발생일로부터 15일 이내 신고,,,,,"[필수서류]
- 근무처변경·추가 신고서[별지 제38호의3서식]
- 여권 및 외국인등록증
- 수수료 없음
- 사업자등록증
- 원 근무처 장의 동의서
- 고용계약서
- 기술도입계약신고수리서, 기술도입계약서(또는 용역거래인증서) 또는 방위산업체지정서 사본 등

[기타서류]
근무처 변경 시 소관부처 장관의 고용추천서 필요
원 근무처 장의 동의서는 계약기간 만료일 또는 합의 날짜까지 근무 시 면제, 휴·폐업 및 임금체불 등 사유 시 입증서류 또는 사유서로 대체 가능","기술지도 비자로 다른 회사로 옮길 수 있는 조건이 뭐예요?
퇴직했는데도 변경 가능한가요?
원래 회사 동의 없으면 어떻게 되나요?

근무처 변경 신고는 며칠 안에 해야 해요?
꼭 방문해서 신고해야 하나요?
급할 때는 팩스로 먼저 보낼 수 있나요?

기술지도 근무처 변경 신고할 때 어떤 서류 가져가요?
수수료 내야 해요?
고용추천서가 꼭 있어야 하나요?",E-4 기술지도 / 근무처 변경·추가 (p. 193),특수기술 보유 + 국내기업 초청,"F-2-7, F-5 영주",F-3 동반,"기술지도, 기술이전",완료,"[3차요약] E-4 근무처 변경은 2010.11.15부 사후신고제. 신고는 15일 이내, 여권 스티커 부착 위해 방문신고 원칙. 소관부처 장관 고용추천서 필수"
E-4,E-4,체류,재입국허가,,,"등록을 필한 외국인이 출국한 날로부터 1년 이내 재입국 시 재입국허가 면제
체류기간이 1년보다 적게 남은 경우 체류기간 범위 내 재입국허가 면제
복수재입국허가: 출국 후 체류기간 범위 내 1년 초과 2년 내 재입국하려는 경우",,,,,,"입국규제 및 사증발급규제자는 체류지 관할 청에 방문하여 재입국허가 필요
사우디아라비아, 이란, 리비아는 복수재입국제한. 단 결혼이민(F-6), 유학(D-2), 일반연수(D-4)는 가능",,,,,,,"[필수서류]
- 신청서(별지 34호서식)
- 여권 원본
- 외국인등록증
- 수수료","출국하고 1년 안에 들어오면 재입국 허가 따로 안 받아도 되나요?
여러 번 재입국하려면 어떻게 해요?
이란이나 사우디 국민도 똑같이 적용되나요?

재입국허가 신청에 어떤 서류가 필요해요?
여권 사본만 내도 되나요?",E-4 기술지도 / 재입국허가 (p. 95),특수기술 보유 + 국내기업 초청,"F-2-7, F-5 영주",F-3 동반,"기술지도, 기술이전",완료,"[3차요약] 재입국허가는 모든 등록외국인 공통. 1년 이내는 면제, 1년 초과 2년 이내는 복수재입국허가 필요. 사우디·이란·리비아는 일부 자격(F-6/D-2/D-4) 외 복수재입국 제한"
E-4,E-4,체류,외국인등록,,,,,,,,,,,"신고사항: 성명, 성별, 생년월일 및 국적, 여권의 번호·발급일자·유효기간
신고기한: 변경일로부터 15일 이내 신고",,,,,"[필수서류]
- 신청서(별지34호 서식)
- 여권원본
- 표준규격사진 1장
- 수수료
- 부가가치세법에 따른 사업자등록증
- 체류지 입증서류

[필수서류]
- 신청서(별지 34호 서식)
- 여권 및 외국인등록증
- 수수료 없음
- 변경관련 입증서류","외국인등록 신청 때 어떤 서류 가져가요?
체류지 입증은 뭐로 해요?

여권 정보가 바뀌면 언제까지 신고해야 해요?
어떤 항목이 변경 신고 대상이에요?",E-4 기술지도 / 외국인등록 (p. 32),특수기술 보유 + 국내기업 초청,"F-2-7, F-5 영주",F-3 동반,"기술지도, 기술이전",완료,"[3차요약] 외국인등록은 신청서·여권·표준규격사진·수수료·사업자등록증·체류지 입증서류. 인적사항 변경(성명, 성별, 생년월일, 국적, 여권정보)은 15일 이내 신고"
E-5,E-5,체류,체류자격외 활동허가,E-5 전문직업 자격 소지자 및 관련 우수전문인력,"투자자(D-7, D-8, D-9) 자격 소지자 중 국내기업 상근이사 이상의 직 근무자
전문인력(E-1, E-3, E-4, E-5, E-7) 자격 소지자","정규교육기관(초·중·고 및 대학) 교육 시 별도 허가 절차 불요
고액투자외국인 및 전문인력 배우자
외국인투자기업 CEO 등 우수전문인력의 대학 강연활동

대학에서 90일 이내 강의활동
단기취업(C-4-5)자격으로의 자격외 활동",,,,,,,정규교육기관 교육은 체류기간 범위 내에서 별도 허가 절차 불요,,,,,,"[필수서류]
- 신청서(별지 34호 서식)
- 여권 및 외국인등록증
- 수수료
- 총(학)장의 추천서
- 고유번호증(사업자등록증) 사본
- 고용계약서 원본 및 사본
- 원근무처장의 동의서","전문직업 비자로 대학에서 강의도 할 수 있나요?
배우자가 같이 들어와서 일할 수 있어요?
자격외 활동 허가 받으려면 어떤 서류 필요해요?",E-5 전문직업 / 체류자격외 활동 (p. 111),의사·변호사·회계사 등 전문 자격증,"F-2-7, F-5 영주",F-3 동반,"전문직업, 변호사, 의사",완료,"[3차요약] E-5 자격으로 대학 강연(C-4-5), 첨단기술 분야 활동, 배우자 취업 가능. 정규교육기관 교육은 별도 허가 불요"
E-5,E-5,체류,근무처 변경/추가,전문직업(E-5) 자격으로 외국인등록을 하고 체류하고 있는 자,,"변경·추가되는 근무처에서 활동하는데 필요한 자격요건 구비

'10.11.15부 사후 신고제로 개정(출입국관리법시행령 제26조의2제1항)
전문인력은 사후신고만으로 근무처 변경·추가 가능","신고의무자(외국인)는 신고사유 발생일로부터 15일 이내에 관할 청(사무소·출장소)장에게 신고
대리인의 신고 허용
여권에 스티커 부착 위해 방문신고 원칙(긴급 시 FAX 선접수 가능)",수수료 없음,,,,본인 귀책사유로 해고 또는 중도 퇴직한 자로서 원고용주의 이적동의를 받지 못한 자는 제외,"원 근무처장 동의서는 계약기간 만료일까지 근무한 경우 면제
원 근무처의 휴·폐업 및 임금체불 등의 사유 시 입증서류 또는 사유서로 대체 가능",신고사유 발생일로부터 15일 이내 신고,,,,,"[필수서류]
- 근무처변경·추가 신고서[별지 제38호의3서식]
- 여권 및 외국인등록증
- 사업자등록증
- 원 근무처장의 동의서
- 고용계약서

[기타서류]
근무처 변경 시 소관부처 장관의 고용추천서 필요","전문직업 비자인데 직장을 옮기려면 어떻게 해요?
회사 바꿀 때 미리 허가 받아야 하나요?
퇴직했는데 다른 데서 일할 수 있어요?",E-5 전문직업 / 근무처 변경·추가 (p. 203),의사·변호사·회계사 등 전문 자격증,"F-2-7, F-5 영주",F-3 동반,"전문직업, 변호사, 의사",완료,"[3차요약] E-5 전문직업 근무처 변경은 사후신고제. 15일 이내 신고, 수수료 없음. 원 근무처장 동의서는 계약기간 만료일까지 근무 시 면제"
E-5,E-5,체류,체류자격 변경,"유학(D-2), 구직(D-10) 자격 소지자 또는 사증면제(B-1) 자격 독일인 또는 전문외국인력 배우자(F-3)","전문외국인력《E-1 내지 E-5, E-6(E-6-2 제외), E-7》자격소지자의 배우자로서 동반(F-3)자격 소지자","구직(D-10) 자격 또는 유학(D-2) 자격을 소지하고 합법 체류 중인 자
취업활동 분야가 E-1·E-2·E-3·E-4·E-5·E-6·E-7 자격에 해당하고 자격요건 구비
해당 기관·단체 등의 대표자와 고용계약 체결

유학(D-2) 자격 소지자는 구직(D-10)으로 변경할 요건 갖춘 졸업예정자
자국 또는 제3국 대학에서 학사 이상 학위 취득 + 경력요건 시 재학 중이라도 변경 허용",,,,독일인 변경 시: 체류자격별 1회 부여 체류기간의 상한,,"독일인 사증면제(B-1) 변경 시 기술연수(D-3), 비전문취업(E-9), 관광취업(H-1) 제외",,,,,,,"[필수서류]
- 신청서(별지 34호 서식)
- 여권 및 외국인등록증
- 표준규격사진 1장
- 수수료
- 고용계약서 사본
- 사업자등록증 사본 또는 허가증/등록증
- 학위증 사본 및 자격증 사본
- 소관부처 장관의 고용추천서

[기타서류]
원 근무처장의 동의서(원 근무처가 있는 경우)","유학생인데 졸업하고 전문직 비자로 바꿀 수 있어요?
배우자도 전문직 자격으로 바꿀 수 있나요?
독일인은 어떻게 장기체류로 전환하나요?",E-5 전문직업 / 체류자격 변경 (p. 170),의사·변호사·회계사 등 전문 자격증,"F-2-7, F-5 영주",F-3 동반,"전문직업, 변호사, 의사",완료,[3차요약] E-5 체류자격 변경은 유학(D-2)/구직(D-10)/사증면제 독일인/전문외국인력 배우자(F-3) 4가지 경로. 자격요건은 ①합법체류 ②E-1~E-7 분야 자격요건 ③고용계약 체결
E-5,E-5,체류,체류기간 연장,,,,,,,,,,,,,,,,"[필수서류]
- 신청서(별지34호 서식)
- 여권원본
- 표준규격사진 1장
- 수수료
- 고용계약서 사본
- 사업자등록증('부가가치세법'에 따른)
- 체류지 입증서류(임대차계약서, 숙소제공 확인서, 체류기간 만료예고 통지우편물, 공공요금 납부영수증, 기숙사비 영수증 등)","전문직업 비자 연장하려면 어떤 서류 내야 해요?
체류지 증명은 뭐로 하면 돼요?
고용계약서 사본만 있으면 되나요?",E-5 전문직업 / 체류기간 연장 (p. 41),의사·변호사·회계사 등 전문 자격증,"F-2-7, F-5 영주",F-3 동반,"전문직업, 변호사, 의사",완료,[3차요약] E-5 체류기간 연장은 신청서·여권·사진·수수료·고용계약서·사업자등록증·체류지 입증서류 필요. 체류지 증명은 임대차계약서/숙소제공 확인서/공공요금 영수증/기숙사비 영수증 등 가능
E-5,E-5,체류,재입국허가,등록을 필한 외국인,,"출국한 날부터 1년 이내 재입국 시 재입국허가 면제
체류기간이 1년보다 적게 남은 경우 체류기간 범위 내 재입국허가 면제

복수재입국허가: 출국 후 체류기간 범위 내에서 1년을 초과하여 2년 내에 재입국하려는 경우",,,"재입국허가 면제: 출국일로부터 1년 이내
복수재입국허가: 1년 초과 2년 이내",,,"입국규제 및 사증발급규제자는 체류지 관할 청(사무소·출장소)에 방문하여 재입국허가 필요
사우디아라비아, 이란, 리비아는 복수재입국 제한","사우디아라비아·이란·리비아 국민 중 결혼이민(F-6), 유학(D-2), 일반연수(D-4)는 복수재입국 가능",,,,,,"[필수서류]
복수재입국허가:
- 신청서(별지 34호서식)
- 여권 원본
- 외국인등록증
- 수수료","잠깐 출국했다가 다시 들어와도 재입국허가 받아야 하나요?
1년 넘게 나가 있어야 하면 어떻게 해요?
사우디나 이란 사람은 다른가요?",E-5 전문직업 / 재입국허가 (p. 31),의사·변호사·회계사 등 전문 자격증,"F-2-7, F-5 영주",F-3 동반,"전문직업, 변호사, 의사",완료,"[3차요약] E-5 재입국허가는 1년 이내 면제, 1년 초과 2년 이내는 복수재입국허가 필요. 사우디·이란·리비아는 복수재입국 제한"
E-5,E-5,체류,외국인등록,,,,외국인등록사항 변경신고: 변경일로부터 15일 이내,,,,,,,"성명, 성별, 생년월일 및 국적, 여권 변경사항 변경일로부터 15일 이내 신고
변경 시 제출: 신청서(별지 34호 서식), 여권 및 외국인등록증, 변경관련 입증서류 (수수료 없음)",,,,,"[필수서류]
- 신청서(별지34호 서식)
- 여권원본
- 표준규격사진 1장
- 수수료
- 사업자등록증('부가가치세법'에 따른)
- 체류지 입증서류","전문직업 비자로 외국인등록 할 때 뭘 내야 해요?
여권 바뀌면 따로 신고해야 하나요?
체류지 증명은 어떤 걸로 하면 돼요?",E-5 전문직업 / 외국인등록 (p. 31~32),의사·변호사·회계사 등 전문 자격증,"F-2-7, F-5 영주",F-3 동반,"전문직업, 변호사, 의사",완료,[3차요약] E-5 외국인등록은 신청서·여권원본·사진·수수료·사업자등록증·체류지 입증서류. 인적사항 변경은 15일 이내 신고
E-6,E-6,체류,체류자격외 활동허가,"합법체류 등록외국인(A-1, A-2, A-3 포함)으로서 방송, 영화, 모델활동을 하고자 하는 경우","고급과학기술인력(SCIENCE 카드), 첨단기술인력(GOLD 카드), 정보기술인력(IT카드) 자격 소지 전문 외국인력의 배우자
미화 50만불 이상 투자(법인포함)한 투자자격 소지자의 배우자
전문 외국인력자격(E-1, E-2, E-3, E-4, E-5, E-6-2 제외 E-6, E-7) 소지자의 배우자","비영리목적 지상파방송 임시(1회 및 비연속성) 출연은 일상생활의 부수적 활동으로 별도 허가 없이 활동 허용 (실비 사례금 가능)
고액투자외국인 및 전문인력 배우자

제출서류 및 체류실태 등을 종합 심사하여 허가여부 결정",,,,,,"세부자격 약호 E-6-2 활동에 종사하려는 경우는 자격외 활동허가 대상 제외
배우자 자격외활동: 단순노무(D-3, E-9) 등을 제외한 모든 직종 허용","정규교육기관(초·중·고 및 대학) 교육은 체류기간 범위 내 별도 허가 절차 불요
배우자 허가기간: 배우자의 체류기간까지(계속연장 가능)",,,,,,"[필수서류]
- 신청서(별지 34호 서식)
- 여권 및 외국인등록증
- 수수료
- 고용계약서
- 공연추천서(문화체육관광부 또는 방송통신위원회)
- 사업자등록증 등 단체 설립관련 서류
- 원 근무처장의 동의서(해당자)

[기타서류]
A-1, A-2자격 소지자: 외교부장관(외교사절담당관)의 추천서","예술흥행 비자로 다른 활동도 할 수 있나요?
배우자가 같이 와서 일할 수 있어요?
유흥업소 공연하는 사람은 자격외 활동 안 되나요?",E-6 예술흥행 / 체류자격외 활동 (p. 202),예술·연예·체육 활동 초청,"F-2 거주, F-5 영주",F-3 동반,"예술흥행, 연예인, 운동선수",완료,"[3차요약] E-6 자격외 활동은 방송·영화·모델활동, 대학강연 등. E-6-2(호텔·유흥 공연)는 자격외 활동 대상 제외. 비영리 지상파 임시 출연은 일상생활 부수적 활동으로 허가 불요"
E-6,E-6,체류,근무처 변경/추가,"E-6-1(음악, 미술, 문학 등 예술, 방송연예활동): 사후 신고대상
E-6-3(운동선수, 프로팀 감독, 매니저): 사후 신고대상
E-6-2(호텔업 시설, 유흥업소 등 공연): 사전 허가대상",,"호텔업 시설·유흥업소 공연활동 종사자(E-6-2) 제외 E-6 자격으로 외국인등록 하고 체류 중
변경·추가 근무처에서 활동하는데 필요한 자격요건 구비

E-6-2: 미리 관할 출입국·외국인청장 등에게 체류자격 변경·추가허가 신청
심사 후 최대 1년의 범위 내에서 고용계약기간 동안 체류기간 부여","사후 신고: 신고의무자는 사유 발생일로부터 15일 이내 관할 청장에게 신고
여권에 스티커 부착 위해 방문신고 원칙
파견근로자보호법 절차에 따른 공연장소 변경은 고용주 신고사항",사후 신고대상은 수수료 없음,,,,"본인 귀책사유로 해고 또는 중도 퇴직한 자로서 원고용주의 이적동의를 받지 못한 자는 제외
입국 후 6개월 이내 공연장소 변경 불가(원 공연장소 휴·폐업 등 부득이한 사정 제외)","사유서와 신원보증서는 원칙적으로 제출 생략
원 근무처장 동의서는 계약기간 만료일까지 근무한 경우 면제",공연장소 변경 시 변경일로부터 15일 이내 고용변동 신고(고용주),,,,,"[필수서류]
사후 신고대상(E-6-1, E-6-3):
- 신청서[별지 제34호 서식]
- 여권 및 외국인등록증
- 사업자등록증
- 원 근무처장의 동의서
- 고용계약서
- 고용추천서 또는 공연추천서
사전 허가대상(E-6-2):
- 신청서(별지 제34호 서식)
- 여권 및 외국인등록증
- 수수료
- 사업자등록증
- 원 근무처장의 동의서
- 고용계약서
- 공연 추천서(영상물등급위원회 발행)
- 신원보증서 원본","예술흥행 비자인데 소속사 옮기려면 어떻게 해요?
호텔에서 공연하는 사람은 사전허가 받아야 하나요?
공연장소만 바뀌어도 신고해야 해요?",E-6 예술흥행 / 근무처 변경·추가 (p. 187),예술·연예·체육 활동 초청,"F-2 거주, F-5 영주",F-3 동반,"예술흥행, 연예인, 운동선수",완료,"[3차요약] E-6 근무처 변경은 E-6-1/E-6-3은 사후신고(15일 이내), E-6-2(호텔·유흥 공연)는 사전허가. 사후신고는 수수료 없음. E-6-2 사전허가는 최대 1년 범위 내 체류기간 부여"
E-6,E-6,체류,체류자격 변경,"유학(D-2), 구직(D-10), 무사증/단기사증, 일반 체류자격, 사증면제(B-1) 독일인, 전문외국인력 배우자(F-3)","전문외국인력《E-1 내지 E-5, E-6(E-6-2 제외), E-7》자격소지자의 배우자로서 동반(F-3)자격 소지자","E-6-1 및 E-6-3에 해당하는 경우 제한적으로 허용
국제적으로 명성이 있는 전문예술·체육인의 경우 본부승인을 얻어 변경 허용
구직(D-10) 또는 유학(D-2) 자격 소지 합법 체류 중
취업활동 분야가 E-1·E-2·E-3·E-4·E-5·E-6·E-7 자격에 해당 + 자격요건 구비
해당 기관·단체 등 대표자와 고용계약 체결

유학(D-2) 자격 소지자는 구직(D-10)으로 변경 가능 요건 갖춘 졸업예정자
무사증/단기사증 입국자 자격변경은 불가피한 사유나 국익차원에서 허용
입단 테스트, 국제대회 참가자 등 입증자료 제출 시 청장 등 재량으로 허가",,,,"허가기간: 변경허가일로부터 최대 2년 범위 내에서 근로계약기간 + 1개월
독일인 변경: 체류자격별 1회 부여 체류기간의 상한",허가기간: 변경허가일로부터 최대 2년 범위 내에서 근로계약기간 + 1개월,"호텔·흥행(E-6-2) 분야 활동은 체류자격 변경 금지
일반 체류자격으로 장기 체류 중인 자는 현재 자격 그만두고 귀국 전 단기간 방송출연·모델활동만 허용 (E-6 또는 F-2, F-4, F-5 등 취업제한 없는 자격 소지자 제외)
독일인 사증면제(B-1) 변경 시 기술연수(D-3), 비전문취업(E-9), 관광취업(H-1) 제외",,,,,,,"[필수서류]
- 신청서(별지 34호서식)
- 여권 및 외국인등록증
- 표준규격사진 1장
- 수수료
- 고용계약서(또는 공연계약서)
- 사업자등록증
- 고용·공연추천서(문화체육관광부, 영상물등급위원회, 방송통신위원회, 프로스포츠 연맹 등 발급)","유학생인데 졸업하고 예술 비자로 바꿀 수 있나요?
관광으로 들어왔는데 운동선수 비자로 전환 가능해요?
배우자가 예술 활동 하려면 어떻게 해요?",E-6 예술흥행 / 체류자격 변경 (p. 205),예술·연예·체육 활동 초청,"F-2 거주, F-5 영주",F-3 동반,"예술흥행, 연예인, 운동선수",완료,"[3차요약] E-6 체류자격 변경은 E-6-1/E-6-3만 제한적 허용, E-6-2(호텔·유흥)는 변경 금지. 국제적 명성 전문예술·체육인은 본부승인. 허가기간은 근로계약+1개월(최대 2년)"
E-6,E-6,체류,체류기간 연장,"근로계약기간 연장, 근무처 변경 등으로 계속 체류해야 할 필요성 있는 E-6 자격 등록외국인",,"[표]
E-6 세부약호별 체류기간 연장 허가기간 표

E-6-1, E-6-3: 근로계약기간 + 1개월(최대 2년)
E-6-2: 최대 1년(연소자 유해 시 최대 6개월)",,,,,"E-6-1, E-6-3: 근로계약기간 + 1개월(최대 2년)
E-6-2: 공연추천기간 또는 근로계약기간(최대 1년. 단, 영등위 추천서 상 연소자 유해성 '유해'인 경우 최대 6개월)",,,,,,,,"[필수서류]
- 신청서(별지 34호서식)
- 여권 및 외국인등록증
- 수수료
- 고용추천서 또는 공연추천서(영상물등급위원회, 문화체육관광부, 방송통신위원회 등 발행)
- 고용계약서(또는 공연계약서)
- 사업자등록증 사본
- 신원보증서(E-6-2 자격만)
- 체류지 입증서류(임대차계약서, 숙소제공 확인서, 체류기간 만료예고 통지우편물, 공공요금 납부영수증, 기숙사비 영수증 등)
- 건강보험특실 확인서(E-6-2 자격만)

[기타서류]
기타 심사에 필요한 자료(필요 시 1-2종): 재직증명서, 외국인 고용현황, 근로소득원천징수부 등","예술흥행 비자 얼마나 더 연장할 수 있어요?
호텔에서 공연하는데 1년까지만 연장되나요?
연장할 때 어떤 서류 챙겨야 해요?",E-6 예술흥행 / 체류기간 연장 (p. 41),예술·연예·체육 활동 초청,"F-2 거주, F-5 영주",F-3 동반,"예술흥행, 연예인, 운동선수",완료,"[3차요약] E-6 체류기간 연장은 E-6-1/E-6-3는 근로계약+1개월(최대 2년), E-6-2(호텔·유흥)는 최대 1년(연소자 유해 시 6개월). E-6-2는 신원보증서, 건강보험특실 확인서 추가 필요"
E-6,E-6,체류,외국인등록,,,"채용신체검사서: 공무원채용신체검사서 발급 절차 따름
HIV반응 및 마약검사 항목은 필수 검사항목 아님",,,,,,,,"외국인등록사항 변경신고: 성명·성별·생년월일·국적, 여권 번호·발급일자·유효기간 변경 시 변경일로부터 15일 이내 신고
해고·중도퇴직자: 사유 발생일로부터 15일 이내 관할 청장 등에게 신고",,,,,"[필수서류]
- 신청서(별지34호 서식)
- 여권원본
- 표준규격사진 1장
- 수수료
- 사업자등록증 사본('부가가치세법'에 따른) - 해당 외국인을 고용한 단체·기업 등의 사업자등록증 또는 고유번호증
- 채용신체검사서 1부 (E-6-2만 제출)
- 체류지 입증서류","예술흥행 비자로 외국인등록 할 때 신체검사 받아야 해요?
유흥업소 공연 종사자는 따로 내야 하는 서류 있나요?
여권 바뀌면 며칠 안에 신고해야 해요?",E-6 예술흥행 / 외국인등록 (p. 32),예술·연예·체육 활동 초청,"F-2 거주, F-5 영주",F-3 동반,"예술흥행, 연예인, 운동선수",완료,[3차요약] E-6 외국인등록은 일반 서류 + E-6-2(호텔·유흥 공연)는 채용신체검사서 추가. HIV·마약검사는 필수 항목 아님
E-7,E-7,체류,체류자격 부여,대한민국 내의 공·사기관 등과의 계약에 따라 법무부장관이 특별히 지정하는 활동에 종사하려는 사람,"E-7-1 전문인력: 관리자 및 전문가 (67개 직종)
E-7-2 준전문인력: 사무 및 서비스종사자 (10개 직종)
E-7-3 일반기능인력: 기능원 및 관련기능종사자 (14개 직종)
E-7-4 숙련기능인력(점수제): 3개 직종 ('17.8.1 신설)
E-7-91 FTA 독립전문가
E-7-S 네거티브 방식 전문인력: 고소득자, 첨단산업분야 종사자
E-7-Y 국내성장인력
E-7-T 최우수인재 특정활동: 최우수인재 첨단산업분야 종사자","한국표준직업분류 상 대분류 항목과 직능수준 등을 감안한 도입직종 종사

일반요건 (하나 충족):
- 도입직종과 연관성 있는 분야 석사 이상 학위
- 도입직종과 연관성 있는 학사학위 + 1년 이상 첨단기술 분야 경력
- 도입직종과 연관성 있는 분야 5년 이상 근무경력
특별요건: 세계 500대 기업 1년 이상 전문직 근무경력자, 세계 우수대학(타임지 200대 / QS 500위) 학사학위 소지자, 국내 전문대학/대학 졸업자, 첨단기술인턴(D-10-3) 1년 이상 근무자 등 학력·경력 면제
부처추천 전문능력 우수인재(전년도 GNI 1.5배 이상 + 추천): 학력·경력 면제
고소득 전문직 우수인재(전년도 GNI 3배 이상): 직종 무관 학력·경력 면제
해외 유망인재(29세 이하 + 세계우수대학/한국학 + TOPIK 6급): 학위·경력 요건 면제
아시아권 QS 1,000위 이내 현지대학 이공계 졸업생(29세 이하 + TOPIK 2급): 경력요건 면제

[표]
E-7 세부약호별 분류기준과 직종 수, 첨단과학기술인력 우대 골드카드 추천기관 표

골드카드: 산업통상자원부(KOTRA), 2000년, IT/기술경영/나노/디지털전자/바이오/수송기계/신소재/환경에너지 등 8개 분야","기업 스스로 채용 → 사증발급 신청 또는 체류자격 변경허가 신청
뿌리산업체 숙련기능공: 비전문취업자 자격변경 + 민관합동 전문가 기량검증",,,"1회 부여 체류기간 상한: 3년 (주무부처 추천 우수인재, 지역특화발전특구, 첨단의료복합단지 내 E-7 직종, 경제자유구역 의료연구개발기관 연구원은 5년)",,"신청직종과 가장 유사한 직종의 자격요건 충족 시 가장 유사한 직종으로 고용 허용
대분류 1·2 전문직종: 청장 등 재량 허용
대분류 3-8 준전문·숙련기능직종: 법무부장관 승인 필요
초청자: 사증발급인정서 발급제한 대상자, 고용업체 요건 미충족, 세금 체납 시 제외","고용추천서 면제: 대학 및 공공기관 고용, 사기업 대기업 관리자 고용
창업 5년 이내 소규모 외국인투자기업·벤처기업: 매출실적 없어도 허용 (67개 전문인력 직종)",,E-7-4 숙련기능인력: 점수제 적용,'25.6 현재 91개 직종 (278개 세부분류) 선정,,,,"특정활동 비자로 한국에서 어떤 일 할 수 있어요?
학사 학위로도 받을 수 있나요 아니면 석사 필요해요?
연봉이 높으면 학력·경력 안 봐주나요?",E-7 특정활동 / 적용대상 및 도입기준 (p. 152),학력·경력 요건 + 국내기업 채용,"E-7-4 숙련 (변경), F-2-7 점수제, F-5 영주",F-3 동반,"특정활동, 전문인력, 외국인 채용",완료,"[3차요약] E-7 특정활동은 67개 전문직(E-7-1), 10개 준전문직(E-7-2), 14개 일반기능(E-7-3), 3개 숙련기능(E-7-4) 등 91개 직종(278개 세부분류). 일반요건은 석사 이상, 학사+1년, 또는 5년 경력 중 하나. 1회 체류상한 3년(특정 분야 5년)"
E-7,E-7,체류,체류자격외 활동허가,"외국인투자기업 CEO 등 우수전문인력, A-1·A-2 소지자, 주한외국공관원 가족, 고액투자외국인·전문인력 배우자, 방문동거(F-1)/동반(F-3) 자격 소지자, 제주영어교육도시 종사자","A-1, A-2 자격 소지자: 외국어회화강사(E-2), 외국인학교교사(E-7), 외국어교열요원(E-7), 문화예술(D-1), 종교(D-6), 교수(E-1), 연구(E-3) 등 활동","투자자(D-7, D-8, D-9) 중 국내기업 상근이사 이상의 직 근무자
전문인력(E-1, E-3 ~ E-5, E-7) 자격소지자
주한외국공관원 가족: 상호주의에 따라 27개 국가 (외교부장관 추천)

대학 강연: 90일 이내 강의활동
제주영어교육도시 국제학교 보조교사/강사: 국제학교 재학생 부모/교직원 직계가족, 18세 이상 해외 본교 졸업생, 학사 이상 + 2년 경력 또는 TESOL 자격증",,,,배우자 허가기간: 배우자의 체류기간까지 (계속연장 가능),,"배우자 자격외활동: 단순노무(D-3, E-9) 등 제외 모든 직종
제주영어교육도시 판매종사자: 영어 모국어 국가 출신 외 TOEIC 800점 이상 또는 TESOL 필수",정규교육기관 교육은 체류기간 범위 내 별도 허가 절차 불요,,,,,,"[필수서류]
대학 강연(C-4-5):
- 신청서(별지 34호 서식)
- 여권 및 외국인등록증
- 수수료
- 주무부처 장의 고용추천서
- 사업자등록증 사본
- 고용계약서
- 원 근무처장의 동의서
방문동거(F-1) 중국동포:
- 신청서(별지 34호 서식)
- 여권 및 외국인등록증
- 수수료
- 주무부처 장의 고용추천서 또는 고용필요성 입증서류
- 고용계약서
- 사업자등록증
- 학위증 또는 자격증

[기타서류]
F-1, F-3 자격 소지자 외국어회화강사(E-2)/외국인학교교사(E-7):
- 해당국 교원자격증 원본(없으면 학위증·경력증명서)
- 범죄경력증명서, 채용신체검사서
- 학교장 요청서
- 외국인교사 현황","특정활동 비자로 대학에서 강의도 할 수 있나요?
외교관 가족인데 한국에서 일할 수 있어요?
제주 국제학교에서 일하려면 어떤 요건이 필요해요?",E-7 특정활동 / 체류자격외 활동 (p. 216),학력·경력 요건 + 국내기업 채용,"E-7-4 숙련 (변경), F-2-7 점수제, F-5 영주",F-3 동반,"특정활동, 전문인력, 외국인 채용",완료,"[3차요약] E-7 자격외 활동은 외국공관원 가족, 첨단기술인력, 배우자, 제주영어교육도시 보조교사 등 다양한 경로. 제주영어교육도시 판매종사자는 영어 모국어 외 TOEIC 800 또는 TESOL 필요"
E-7,E-7,체류,근무처 변경/추가,특정활동(E-7) 자격으로 외국인등록 하고 체류 중인 자,"사전 허가대상: 기계공학기술자(2351), 제도사(2395), 해외영업원(2742) 중 해외 온라인상품판매원, 디자이너(285), 판매사무원(31215), 주방장 및 조리사(441), 고객상담사무원(3991), 호텔접수사무원(3922), 의료코디네이터(S3922), 양식기술자(6301), 조선용접공(7430), 숙련기능 점수제 종사자(S740, S610, S700), 선박 전기원(76212), 선박 도장공(78369), 항공(부품) 제조원(S8417), 송전전기원(76231), 자동차 부품제조원(S85411), 자동차 판금·도장원(S75104), 도축원(S71032)
사후 신고대상: 상기 직종 제외 특정활동(E-7)","판매사무원 등 14개 직종 제외 E-7 자격 소지자
변경·추가 근무처에서 활동하는데 필요한 자격요건 구비

'10.11.15부 사후 신고제로 개정(출입국관리법시행령 제26조의2제1항)
주방장 및 조리사: 원 근무처 외 타 근무처 근무시간은 원 근무처의 1/3 초과 불가","신고의무자는 신고사유 발생일로부터 15일 이내에 관할 청장에게 신고
여권에 스티커 부착 위해 방문신고 원칙",사후 신고는 수수료 없음,,,,본인 귀책사유로 해고/중도 퇴직 + 원고용주 이적동의 미수령자 제외 (근무처변경허가 또는 사증발급인정서 신청 대상),"사유서와 신원보증서는 원칙적으로 제출 생략
원 근무처장 동의서: 계약기간 만료일까지 근무 시 면제, 휴·폐업/임금체불 시 입증서류·사유서로 대체 가능",,,,,,"[필수서류]
사후 신고:
- 통합신청서[별지 제34호~제34호의2 서식]
- 여권 및 외국인등록증
- 주무부처 장의 고용추천서 또는 고용 필요성 입증서류
- 고용계약서
- 원 근무처장의 동의서
- 사업자등록증
사전 허가:
- 휴·폐업사실증명서, 임금체불 관련 공적 입증서류, 매출감소 등 경영악화 입증서류 (해당 중 1종)
- 원 고용주의 이적동의서
- 새로 고용계약한 업체의 자격요건 심사 서류 (사증발급인정서 첨부서류 준용)","특정활동 비자인데 회사 옮기면 사전허가 받아야 하나요?
조리사는 사전허가 직종이라던데 어떻게 처리해요?
퇴직했는데 다른 회사로 옮길 수 있어요?",E-7 특정활동 / 근무처 변경·추가 (p. 168),학력·경력 요건 + 국내기업 채용,"E-7-4 숙련 (변경), F-2-7 점수제, F-5 영주",F-3 동반,"특정활동, 전문인력, 외국인 채용",완료,"[3차요약] E-7 근무처 변경은 14개 직종(판금·도장원, 도축원 등) 사전허가 + 그 외 사후신고. 사후신고는 수수료 없음, 15일 이내. 주방장·조리사는 타 근무처 시간이 원 근무처의 1/3 초과 불가"
E-7,E-7,체류,체류자격 변경,"D-1, D-2, D-4, D-5, D-6, D-7, D-8, D-9, D-10, E-1, E-2, E-3, E-4, E-5, E-6(E-6-2 제외) 자격 합법 체류 등록외국인 및 동반 배우자(F-3)","외국인학교 교사 변경: 외국인학교 채용 절차 중인 합법체류자
비전문취업(E-9) 등 4년 이상 합법취업 + 점수제 E-7-4 변경자","특정활동(E-7) 자격 허용직종별 요건을 갖춘 체류외국인
취업 분야가 E-1·E-2·E-3·E-4·E-5·E-6·E-7 자격에 해당 + 자격요건 구비
해당 기관·단체 대표자와 고용계약 체결

국민고용 보호: 원칙적으로 국민고용자의 20% 범위 내 E-7 외국인 고용 허용
5명 미만 국민 고용 내수 위주 업체 또는 E-7 비율 20% 초과 업체: 신규·대체 초청·변경·근무처변경 원칙 불허
주무부처 추천 첨단산업: 국민근로자 50% 범위
특수 언어지역 우량 수출업체: 국민근로자 70% 범위
급여총액(연봉) 당해연도 최저임금 미만 시 발급 제한
전문인력: 법무부장관 확정·공고 임금요건 기준 적용
준전문/일반기능/숙련기능: 최저임금 이상
국내 전문학사·학사학위 소지자: 학사 + 1년 경력 직종도 고용추천서 제출 생략 (필수 직종 제외)",,,,독일인 변경: 체류자격별 1회 부여 체류기간의 상한,외국인학교 교사 변경 시: 최초 1년 범위 내,"단기체류(B계열, C계열), 기술연수(D-3), 계절근로(E-8), 비전문취업(E-9), 선원취업(E-10), 기타(G-1) 자격은 변경 제한
독일인 변경 시 기술연수(D-3), 비전문취업(E-9), 관광취업(H-1) 제외","아래 직종 자율검증대상자(외국인학교 교사) 범죄경력증명서 면제: 해당국 교원자격증 소지자, 채용박람회 채용 교사, 최근 5년 이내 국내 E-2/E-7로 3년 이상 근무자
정부초청 장학생 일/학습연계유학(D-2-7) 졸업자: 모든 직종에 대해 국민고용비율 적용 면제",,E-7-4 숙련기능인력 점수제 변경: 별도 매뉴얼 참조 ('23.9.25 개선 시행),,,,"[필수서류]
- 신청서(별지 34호서식)
- 여권 및 외국인등록증
- 표준규격사진 1장
- 수수료
- 고용계약서
- 고용업체 설립관련 서류(사업자등록증, 등기부등본 등)
- 경력증명서
- 주무부처 장의 고용추천서 또는 고용 필요성 입증서류
- 납세증명서(국세완납증명서), 지방세 납세증명

[기타서류]
외국인학교 교사 추가서류:
- 해당국 교원자격증(없으면 학위증·경력증명서)
- 학교장 추천서
- 원 근무처장의 동의서(해당자)
- 신원보증서
- 학교설립관련 서류
- 범죄경력증명서(E-2 자격과 동일)
- 채용신체검사서","유학생인데 졸업하고 특정활동 비자로 바꿀 수 있어요?
국민고용 비율이 뭐예요, 회사 규모가 작아도 받을 수 있나요?
비전문 취업으로 4년 이상 일했는데 숙련기능 비자로 바꿀 수 있어요?",E-7 특정활동 / 체류자격 변경 (p. 219),학력·경력 요건 + 국내기업 채용,"E-7-4 숙련 (변경), F-2-7 점수제, F-5 영주",F-3 동반,"특정활동, 전문인력, 외국인 채용",완료,"[3차요약] E-7 체류자격 변경의 국민고용 보호는 차등 적용: 일반 20%, 첨단산업분야(KOTRA/한국무역협회 추천) 50%, 특수 언어지역 우량 수출업체 70%. 임금요건은 전문인력은 법무부 공고 기준, 준전문·일반기능·숙련기능은 최저임금 이상"
E-7,E-7,체류,체류기간 연장,,,"한·인도 CEPA 독립전문가(IP):
- 국내법인/개인사업자와 서비스공급계약 체결한 전문가
- 양허직종(162개)에서 1년 이상 경력
- 사증특례: 최대 1년 단수사증발급인정서 (계약기간 1년 초과 시 1년 부여)
- 체류특례: 체류기간연장·근무처변경·자격변경·자격외활동허가 제한 (인도적 사유 예외)
한·러 한시적 근로활동 협정 (국내 채용 전문인력):
- 모회사 국내지사·자회사·계열회사 직원으로 국내 채용 + 자격요건 구비
- 1년 유효 복수사증발급인정서 발급
- 1회 6개월 체류기간 연장 허용 (최장 1년 6개월)
- 가족동반 불허",,,,,,,,,,,,,"[필수서류]
- 신청서(별지 34호 서식)
- 여권 및 외국인등록증
- 수수료
- 고용계약서
- 개인 소득금액 증명 (필수): 소득금액증명원(세무서) 또는 근로소득원천징수부(소속회사)
- 사업자등록증 사본 또는 법인등기부등본
- 체류지 입증서류(임대차계약서, 숙소제공 확인서, 체류기간 만료예고 통지우편물, 공공요금 납부영수증, 기숙사비 영수증 등)
- 고용주 납부내역증명, 납세증명서, 지방세 납세증명서 (정상영업 및 세금체납여부확인)

[기타서류]
신원보증서 원본 (아래 직종 한정):
기계공학기술자(2351), 제도사(2395), 해외영업원(2742) 중 해외 온라인상품판매원, 디자이너(285), 판매사무원(31215), 주방장 및 조리사(441), 고객상담사무원(3991), 호텔접수사무원(3922), 의료코디네이터(S3922), 양식기술자(6301), 조선용접공(7430), 숙련기능 점수제 종사자(S740, S610, S700)
외국법자문법률사무소 파견 구성원·외국법자문사·사무직원: 국내 법률사무소 설립관련 서류","특정활동 비자 연장하려면 소득증명도 내야 하나요?
조리사인데 연장할 때 신원보증서 필요해요?
인도에서 온 독립전문가는 따로 적용되나요?",E-7 특정활동 / 체류기간 연장 (p. 219~222),학력·경력 요건 + 국내기업 채용,"E-7-4 숙련 (변경), F-2-7 점수제, F-5 영주",F-3 동반,"특정활동, 전문인력, 외국인 채용",완료,"[3차요약] E-7 체류기간 연장은 일반 연장 + 특례(한·인도 CEPA, 한·러 협정). 14개 사전허가 직종은 신원보증서 원본 추가 제출. 소득금액 증명 필수"
E-7,E-7,체류,외국인등록,,,,,,,,,,,"외국인등록사항 변경신고: 성명·성별·생년월일·국적, 여권 번호·발급일자·유효기간 변경 시 변경일로부터 15일 이내 신고
변경 시 제출: 신청서(별지 34호 서식), 여권 및 외국인등록증, 변경관련 입증서류 (수수료 없음)",,,,,"[필수서류]
- 신청서(별지34호 서식)
- 여권원본
- 표준규격사진 1장
- 수수료
- 사업자등록증('부가가치세법'에 따른)
- 채용신체검사서 (외국인학교 등 교사만)
- 체류지 입증서류","특정활동 비자로 외국인등록 할 때 뭘 내야 해요?
외국인학교 교사는 신체검사 받아야 하나요?
여권 갱신했는데 며칠 안에 신고해야 해요?",E-7 특정활동 / 외국인등록 (p. 32),학력·경력 요건 + 국내기업 채용,"E-7-4 숙련 (변경), F-2-7 점수제, F-5 영주",F-3 동반,"특정활동, 전문인력, 외국인 채용",완료,[3차요약] E-7 외국인등록은 일반 서류 + 외국인학교 교사만 채용신체검사서 추가. 인적사항 변경은 15일 이내 신고
E-7,E-7,체류,사증발급,특정활동(E-7) 자격 허용직종 종사자,"E-7-1 전문인력 (67개 직종): 관리자 15개 + 전문가 및 관련종사자 52개
E-7-2 준전문인력 (10개 직종): 사무종사자 5개 + 서비스 종사자 5개
E-7-3 일반기능인력 (14개 직종)
E-7-4 숙련기능인력(점수제) (3개 직종)
E-7-S 네거티브 방식 전문인력 (E-7-S1 고소득자, E-7-S2 첨단산업분야)
E-7-Y 국내성장인력 (직종코드 9999)
E-7-T 최우수인재 특정활동 (첨단산업분야)","[표]
E-7 허용직종 94개를 6개 세부약호(E-7-1, E-7-2, E-7-3, E-7-4, E-7-S, E-7-Y, E-7-T)로 분류한 표

전문인력(E-7-1): 관리자 15개(경제이익단체 고위임원 S110, 기업 고위임원 1120, 경영지원 관리자 1212, 교육 관리자 1312, 보험·금융관리자 1320, 문화예술 관리자 1340, 정보통신 관리자 1350, 기타 전문서비스 관리자 1390, 건설광업 관리자 1411, 제품생산 관리자 1413, 농림어업 관리자 14901, 영업판매 관리자 1511, 운송 관리자 1512, 숙박여행오락스포츠 관리자 1521, 음식서비스 관리자 1522), 전문가 52개(생명과학·자연과학·사회과학·IT 개발자·건축·공학·간호사·교육·법률·경영진단·금융보험·디자이너·번역가 등)
준전문인력(E-7-2): 사무종사자 5개(면세점/제주영어교육도시 판매사무원 31215, 항공운송 사무원 31264, 호텔 접수 사무원 3922, 의료 코디네이터 S3922, 고객상담 사무원 3991), 서비스 5개(운송 서비스 431, 관광 통역 안내원 43213, 카지노 딜러 43291, 주방장 및 조리사 441, 요양보호사 42111)
일반기능인력(E-7-3) 14개: 동물사육사 61395, 양식기술자 6301, 할랄 도축원 7103, 악기제조 및 조율사 7303, 조선 용접공 7430, 선박 전기원 76212, 선박 도장공 78369, 항공기 정비원 7521, 항공기(부품) 제조원 S8417, 송전 전기원 76231, 자동차 부품제조원 S85411, 자동차 판금·도장원 S75104, 도축원 S71032, 건설기계부품제조원 S85513
숙련기능인력(E-7-4) 3개: 뿌리산업체 숙련기능공 S740, 농림축산어업 숙련기능인 S610, 일반 제조업체 및 건설업체 숙련기능공 S700",,,,,,,,,,,,,,"특정활동 비자로 받을 수 있는 직종 종류가 어떻게 돼요?
전문직이랑 기능직 차이가 뭐예요?
숙련기능 점수제는 어떤 직업이 해당돼요?",E-7 특정활동 / 허용직종 현황 (94개) (p. 226),학력·경력 요건 + 국내기업 채용,"E-7-4 숙련 (변경), F-2-7 점수제, F-5 영주",F-3 동반,"특정활동, 전문인력, 외국인 채용",완료,"[3차요약] E-7 허용직종은 94개. E-7-1 전문인력(67개: 관리자 15+전문가 52), E-7-2 준전문(10개: 사무 5+서비스 5), E-7-3 일반기능(14개), E-7-4 숙련기능(3개), 그 외 E-7-S/E-7-Y/E-7-T"
E-7 (E-7-1),E-7,체류,사증발급,관리자 및 전문가·관련 종사자 직종 (67개) 종사 예정자,"경제이익단체 고위임원(S110), 기업 고위임원(1120): 학력·경력 요건 미정 (기업 자율성 존중)
교육 관리자(1312): 학사 이상 + 관련 교사 자격·경력
보험·금융관리자(1320), 정보통신관리자(1350) 등: 일반 요건 적용","관리자(1212~1522) 공통 심사기준:
- 해당 기업의 운영부서 현황, 독립성, 일반직원 수, 외국인 관리자 임금수준 고려
- 원칙적으로 본사 운영부서 관리자에 한함
- 대기업 관리자: 고용추천서 면제 ('07.12.5. 규제개혁 장관회의)
- 중소기업 관리자: 직종별 고용추천기관 적시한 경우 추천서 징구

일반요건 (하나 충족):
- 도입직종 연관분야 석사 이상 학위
- 학사학위 + 1년 이상 첨단기술 분야 경력
- 5년 이상 해당분야 근무경력
임금요건: 법무부장관 확정·공고 임금요건 기준 적용",,,,,,중소기업기본법 시행령 제3조 별표 1의 대기업/중소기업 구별기준 적용,대기업 종사 관리자 고용추천서 면제,,,,,,,"전문인력 비자 받으려면 어떤 학력 필요해요?
대기업이랑 중소기업 기준이 어떻게 달라요?
관리자 직종은 어떤 사람들이 해당돼요?",E-7-1 전문인력 / 직종별 세부관리기준 (p. 678),학력·경력 요건 + 국내기업 채용,"E-7-4 숙련 (변경), F-2-7 점수제, F-5 영주",F-3 동반,"특정활동, 전문인력, 외국인 채용",완료,"[3차요약] E-7-1 전문인력은 67개 직종 관리자 및 전문가. 대기업 관리자는 고용추천서 면제, 중소기업은 직종별 추천기관 추천서 필요. 일반요건은 석사·학사+1년·5년 경력 중 하나"
E-7 (E-7-2),E-7,체류,사증발급,사무종사자 및 서비스 종사자 (10개 직종),"면세점/제주영어교육도시 판매사무원, 항공운송 사무원, 호텔 접수 사무원, 의료 코디네이터, 고객상담 사무원, 운송 서비스(국제여객선·국제항공 객실승무원), 관광통역 안내원, 카지노 딜러, 주방장 및 조리사, 요양보호사","운송 서비스(431): 석사 이상, 학사 + 1년 경력, 또는 3년 이상 경력
관광통역 안내원(43213): 석사 이상, 외국대학 한국학 학사 + 1년 경력, 국내대학 관광·역사계열 졸업자, 전문대학 졸업 + 국내 관광통역안내사 자격증
요양보호사(42111): 국내 대학 전문학사 이상 + 요양보호사 자격증

관광통역 안내원 고용업체: 관광사업등록 + 최근 2년 평균 연간 외국인 관광객 유치실적 2,000명 이상
요양보호사 업체당 고용인원: 국민고용인원 대비 20% 한도
요양보호사 소득요건: 당해연도 최저임금 이상",,,체류기간 상한 2년의 단수사증 (체류기간 1년 이하 단수사증은 공관장 재량 발급),체류기간 상한 2년의 단수사증 (체류기간 1년 이하 단수사증은 공관장 재량 발급),,운송 서비스 도입 불가: 선박 웨이터,,,,,,,"[필수서류]
관광통역 안내원 추가:
- 관광사업자등록증 사본(일반여행업)
- 외국인관광객 유치실적 증빙자료
주방장·조리사 추가:
- 요리사 자격요건 입증서류(요리경연대회 입상서류 또는 자격증+경력증명서 3-5년 또는 향토음식 10년 경력증명서)
- 고용보험 가입자 목록, 사업장용 고용보험피보험자격 취득 내역
- 사업장 면적 입증서류, 부가가치세과세표준증명

[기타서류]
관광편의시설업 지정 서류(해당자)
외국인관광객 면세판매장/보세판매장 서류(해당업체)","호텔에서 일하려면 어떤 자격 필요해요?
요양보호사로 들어오려면 학력은 어느 정도 돼야 해요?
관광통역 일하려면 자격증이 꼭 있어야 하나요?",E-7-2 준전문인력 / 직종별 세부관리기준 (p. 256),학력·경력 요건 + 국내기업 채용,"E-7-4 숙련 (변경), F-2-7 점수제, F-5 영주",F-3 동반,"특정활동, 전문인력, 외국인 채용",완료,"[3차요약] E-7-2 준전문인력은 10개 직종. 관광통역 안내원은 자격증 또는 학력 요건, 요양보호사는 국내 전문학사+자격증, 주방장·조리사는 자격요건+경력 또는 입상 등 입증"
E-7 (E-7-3),E-7,체류,사증발급,기능원 및 관련기능 종사자 (14개 직종),"동물사육사, 양식기술자, 할랄 도축원, 악기제조 및 조율사, 조선 용접공, 선박 전기원, 선박 도장공, 항공기 정비원, 항공기 부품 제조원, 송전 전기원, 자동차 부품제조원, 자동차 판금·도장원, 도축원, 건설기계부품제조원","자동차 판금·도장원(S75104): 전문학사 이상 + 3년 이상 해당분야 경력 또는 5년 이상 해당분야 경력 + 국토부 지정기관 기량검증 통과
도축원(S71032): 도축 분야 교육 수료 또는 자격증 취득 + 3년 이상 경력
건설기계부품제조원(S85513): 별도 기준

임금요건: 자동차 판금·도장원 → 전년도 1인당 GNI 70% 이상
업체당 고용인원: 국민고용인원 대비 20% 한도 (자동차 판금·도장원, 도축원 등)
도축원 업체당 최대 2명
해외 발급 서류는 아포스티유 확인 또는 대한민국 공관 영사확인 필수","사증발급인정서 발급 및 체류자격 변경 접수·심사 → 본부(체류관리과)에 쿼터 배정 요청 → 쿼터 번호 발부 → 허가
사회통합프로그램: 국내 입국 후 1년 이내 사회통합프로그램 사전평가 21점 이상(2단계 배정) 또는 1단계 이상 이수 또는 TOPIK 2급 이상",,체류기간 상한 2년의 단수사증,체류기간 상한 2년의 단수사증,사회통합프로그램 미충족 시: 1회 6개월씩 최대 1년 범위 내에서 체류기간 연장,"근무처 변경: 휴·폐업, 경영악화, 고용계약 만료 등 외국인 근로자 귀책사유 없는 경우에 한정
제도남용 방지 위해 법무부·소관부처 합동 점검",유학생 특례: 국내대학 해당분야 전문학사 이상 학위 + 취업 확정 + 소관부처 고용추천 시 경력요건 면제,1년 이내 사회통합프로그램 또는 TOPIK 2급 요건 충족,,"자동차 판금·도장원 시범운영기간('25.10~'27.9) 중 각 1년 단위별 총 330명 범위 내
도축원 시범운영기간('26.1~'27.12) 중 각 1년 단위별 총 150명 범위 내",,,"[필수서류]
공통 추가:
- 학위증
- 경력 증명서
- 소관부처 장관의 고용추천서 (필수)
- 기량검증 확인서 (해당자)","조선 용접공이나 도축원 일하려면 경력이 얼마나 필요해요?
기능직 비자 받으면 한국어 시험도 봐야 하나요?
유학생인데 졸업하고 기능직으로 일할 수 있어요?",E-7-3 일반기능인력 / 직종별 세부관리기준 (p. 272),학력·경력 요건 + 국내기업 채용,"E-7-4 숙련 (변경), F-2-7 점수제, F-5 영주",F-3 동반,"특정활동, 전문인력, 외국인 채용",완료,"[3차요약] E-7-3 일반기능인력은 14개 직종. 자동차 판금·도장원: 시범기간 25.10~27.9 연 330명, GNI 70% 임금, 업체당 20% 한도. 도축원: 시범기간 26.1~27.12 연 150명, 업체당 최대 2명. 둘 다 1년 이내 사회통합프로그램 또는 TOPIK 2급 요건"
E-7 (E-7-S2),E-7,체류,사증발급,네거티브 방식 전문인력(E-7-S) 중 첨단산업분야 종사(예정)자,,필수항목 + 가점항목 합산 60점 이상 시 자격 허용,,,,,,,,,"[기본 요건] 점수 60점 이상 + 소득 GNI 1배 이상 + 첨단산업분야 종사 (제한 직종 제외)
[학력 (최대 30점)] 박사: 첨단분야 2개 이상 30점/일반 25점, 석사: 25/20, 학사: 20/15, 전문학사: 15/10
[미래 기여 가능성] 연령 최대 20점, 근무경력 최대 25점, 한국어 최대 20점, 국내 유학 최대 20점
[소득 매트릭스] 전년도 GNI 1배~7천만원 미만 4구간 × 학력별 (5천만 미만:25/20/15/10, 5천~6천:20/15/10/0, 6천~7천:15/10/5/0, 7천+:기본만)
(상세표 매뉴얼 p.293-295 참조)",,,,,"첨단산업 네거티브 비자 점수는 어떻게 매겨져요?
소득이 얼마나 돼야 점수 많이 받아요?
석사 학위 있으면 몇 점인가요?",E-7-S2 첨단산업 분야 네거티브 비자 점수표 (p. 287),학력·경력 요건 + 국내기업 채용,"E-7-4 숙련 (변경), F-2-7 점수제, F-5 영주",F-3 동반,"특정활동, 전문인력, 외국인 채용",완료,"[3차요약] E-7-S2 첨단산업 네거티브 점수표(60점 이상): 소득×연령 5단계, 학력 박사30~전문학사 10(첨단/일반), 근무경력 5~25점(첨단분야만), 한국어 5~20점, 국내유학 5~20점, 가점 4종(우수대학·KOTRA·중소벤처·연구실적 각 10점) 최대 40점 (p.291~295). || [100%정정 PDF] 점수표 PDF p.293-295 핵심 요건 복원 (상세표는 매뉴얼 참조 권장)"
E-7 (E-7-4),E-7,체류,체류자격 변경,"숙련기능인력(E-7-4) 점수제 신청자

E-7-4 신청 대상 고용기업(사업장)","뿌리산업체 숙련기능공(S740), 농림축산어업 숙련기능인(S610), 일반 제조업체 및 건설업체 숙련기능공(S700)","현재 E-9·E-10·H-2를 1명 이상 정상적으로 고용 중인 기존 숙련기능 점수제 적용 사업장

상시근로자: 4대 사회보험 사업장 가입자 명부에 3개월 이상 등재 + 법정 최저임금 이상의 월급여를 받는 내·외국인 근로자
국민고용인원: 4대 사회보험 사업장 가입자 명부에 3개월 이상 등재 + 법정 최저임금 이상 월급여를 받는 내국인 근로자

[표]
숙련기능인력(E-7-4) 유형별 선발계획표 (단위: 명)

K-point E74 전체 33,000명 = 기업추천 개인트랙 12,000 + 중앙부처 추천 6,300(고용부 2,000 + 산업부 뿌리 1,100 + 농림부 900 + 산업부 조선 600 + 해수부 500 + 국토부 200 + 중기부 1,000) + 광역지자체 8,500 + 탄력배정 6,200",,,,,,"세금(국세, 지방세) 체납 사실 있는 업체는 제외","인구감소지역, 뿌리산업: 국민고용 인원의 50% 이내
다른 자격 외국인 고용인원 포함 여부: E-7-4 및 E-7-4R 이외의 E-7·E-9·E-10·H-2 및 F-2, F-4, F-5, F-6는 외국인 고용인원에서 제외
허용 계산값의 소수점 이하는 올림. 현재 E-9·E-10 외국인 고용 기업은 최소 1명(인구감소지역·뿌리산업은 2명) 고용 가능
건설업: '시공능력평가액이나 연평균 공사금액 중 택1' × 0.4 (1억당 0.4명, 소수점 올림) 내에서 고용 가능",,,"K-point E74 총 33,000명
기업추천 개인트랙: 12,000명 (36%)
중앙부처 추천: 합계 6,300명 (20%)
- 고용부 제조업: 2,000명 (6%)
- 산업부 뿌리산업: 1,100명 (3%)
- 농림부 농축산업: 900명 (3%)
- 산업부 조선업: 600명 (2%)
- 해수부 어업·내항상선: 500명 (2%)
- 국토부 건설업: 200명 (1%)
- 중기부 제조업: 1,000명 (3%)
광역지자체 추천(17개 시도): 8,500명 (26%)
탄력배정 쿼터: 6,200명 (18%)

허용 인원: 현재 해당 사업장 국민고용인원의 30% 이내
인구감소지역·뿌리산업 특례: 50% 이내",,,,"숙련기능 점수제 비자는 몇 명까지 받을 수 있어요?
뿌리산업이나 제조업 쿼터가 따로 있나요?
지자체 추천으로도 신청할 수 있어요?

회사에서 숙련기능 외국인 몇 명까지 고용할 수 있어요?
뿌리산업이나 인구감소지역은 더 많이 뽑을 수 있나요?
건설업은 인원 계산이 어떻게 돼요?",E-7-4 숙련기능인력 / 선발인원 및 유형별 배정 (p. 217),E-9/E-10/H-2 자격 최근 10년 중 4년+ 체류 + 점수제 200점/300점,"F-2-7 점수제, F-5-16 영주",F-3 동반,"숙련기능, K-point E74, 점수제",완료,"[3차요약] E-7-4 사업장(고용기업) 요건: 기존 숙련기능 점수제 사업장(E-9·E-10·H-2 1명 이상 고용), 허용인원 국민고용인원 30% 이내(인구감소·뿌리 50%), 건설업 1억당 0.4명, 세금체납 업체 제외. 신청종류는 체류자격 변경만 (p.295~300). || [100%정정 PDF] 신청종류 사증발급→체류자격 변경 (PDF p.151)"
E-7 (E-7-4),E-7,체류,체류자격 변경,"비전문취업(E-9)·선원취업(E-10)·방문취업(H-2) 자격으로 4년 이상 합법 체류 중 → 숙련기능인력(E-7-4) 전환 희망자

K-point E74 신청자: 중앙부처·광역지자체·고용기업 추천 받는 외국인

K-point E74 신청자: 한국어능력 입증이 필요한 외국인

K-point E74 전환을 위한 표준근로계약서 작성자","기업 추천 개인트랙: 현재 1년 이상 근무 중인 기업의 추천 + 중앙부처·지자체 추천 없이 전환요건 점수 이상
추천 쿼터 - 중앙부처 추천: 고용부, 산업부, 농식품부, 해수부, 국토부, 중기부
추천 쿼터 - 광역지자체 추천(17개 시도): 1년 이상 해당 광역지자체 소재 기업에서 근무 중 + 추천 (E-7-4 전환 후 2년 이상 해당 광역지자체에 체류지 유지 필수, 비수도권 특례 전환자는 3년)
탄력 배정 쿼터: 향후 추가 배정 필요 분야에 탄력적 운영

중앙부처 추천: 고용기업 추천자 중 부처별 지정 영역에 한해 추천
광역지자체 추천: 1년 이상 해당 광역지자체 소재 기업에 근무 중인 외국인 (E-7-4 전환 후 2년간 해당 지자체에서 계속 체류, 비수도권 특례 전환자는 의무기간 3년)
고용기업 추천: 현재 1년 이상 근무 중인 기업의 대표가 추천","최근 10년간 E-9, E-10, H-2 자격으로 4년 이상 체류한 현 등록외국인으로 현재 근무처에서 정상 근로 중
신청 당시 현재 근무처에서 외국인등록 + 합법적으로 근무 중
비수도권에서 3년 이상 체류 중인 자가 광역지자체 추천을 받은 경우 해당

① 최근 10년간 E-9, E-10, H-2 자격으로 4년 이상 체류한 현 등록외국인 + 현재 근무처 정상 근로 중
② 현재 근무처에서 연봉 2,600만원 이상으로 향후 2년 이상 E-7-4 고용계약 (농·축산업, 어업·내항상선: 2,500만원 이상)
③ 현재 1년 이상 근무 중인 기업의 추천 받은 자
④ 점수제 총점 300점에서 가점 포함 최소 200점 이상 (기본항목의 평균소득과 한국어능력 각각 최소 50점 이상)

평균소득: 최근 2년 연간 평균소득 2,500만원 이상 (농·축산업, 어업·내항상선: 2,400만원 이상)
재입국 공백 등으로 최근 2년 소득입증 불가 시 '21~'25년 중 연간 단위 소득금액 가장 높은 2개년으로 대체 가능
한국어능력: TOPIK 2급 또는 사회통합프로그램 2단계 이수 또는 사전평가 3단계(41점) 이상
한국어 한시적 유예(~'26.12.31): 한국어 외 요건 충족 + 총점 150점 이상 시 최초 연장(2년) 시까지 한국어 보완 조건부 유예

전환요건 점수: 300점 만점(가점 제외) 중 200점 이상(가점 포함) 득점
기본항목의 평균소득(Ⓐ) 및 한국어능력(Ⓑ) 각각 최소 50점 이상자만 인정

원칙적으로 국세청 발급 소득금액증명원만 인정
종합소득세 신고 완료 5월까지는 전년도 소득금액증명원 발급 불가 → '25년 5월까지는 '23~'24년 소득금액증명원 인정, '25년 5월 이후는 '24~'25년

아래 중 하나로 한국어능력 입증:
- 사회통합프로그램 사전평가(KIIP TEST)
- 사회통합프로그램 이수(KIIP)
- 한국어능력시험(TOPIK)

사회통합프로그램 사전평가: www.kiiptest.org
- 사전평가 결과일로부터 2년이 지나면 평가 결과 무효
- 점수 낮을 시 재시험 가능
사회통합프로그램 이수: 법무부 사회통합정보망 www.socinet.go.kr
한국어능력시험(TOPIK): www.topik.go.kr
사전평가 41점 이상이지만 구술 점수 3점 미만으로 0단계 배정된 경우: 점수 불인정 (한국어 능력 최소점 50점은 사전평가 3단계 배정 이상 기준)

E-7-4 전환 요건:
- 계약기간 최소 2년 이상
- 연봉 2,600만원 이상
- 외국인근로자가 사업장에서 수행할 구체적인 업무 기재 필수
- 연장·야간·휴일근로: 통상임금 50% 가산 (상시근로자 4인 이하 사업장 제외)
- 숙식 비용 부담 수준은 사용자-근로자 협의에 따라 결정","일정: 연중 상시 접수
방법: 하이코리아 전자민원 온라인 접수 원칙
신청 5부제: 출생 연도 끝자리별 신청 요일 지정 (1,6→월 / 2,7→화 / 3,8→수 / 4,9→목 / 5,0→금)
고령자·격오지·첨부서류 과다자 등 관할기관장 판단 시에만 대면 접수 허용
하이코리아 전자민원 가능 시간: 평일 오전 7시~오후 10시
첨부 파일: 2MB 이하 jpg, bmp, png, tif, pdf (증명사진은 95KB 이하 jpg)

중앙부처 추천:
- 추천 명단을 주 단위로 법무부(체류관리과)로 공문 송부
- 부처별 영역: 고용부(제조업), 산업부(뿌리산업/조선업), 농식품부(농축산업), 해수부(어업·내항상선), 국토부(건설업), 중기부(제조업)
광역지자체 추천:
- 17개 광역지자체 중 추천 희망 지자체가 추천
- 산하 기초지자체 추천 취합 후 쿼터 범위 내 추천
- 직종 무관 E-7-4 전환 가능 영역 추천
- 명단을 주 단위로 법무부(체류관리과)로 공문 송부
고용기업 추천:
- 해당 기업 직종(영역)에 맞게 추천

PBT(전국동시) 평가일정 ('26년):
- 2차: 접수 2.24~2.28, 평가 3.14, 결과 3.27
- 3차: 접수 3.24~3.28, 평가 4.11, 결과 4.24
- 4차: 접수 4.21~4.25, 평가 5.9, 결과 5.22
- 5차: 접수 7.7~7.11, 평가 7.25, 결과 8.7
- 6차: 접수 9.1~9.5, 평가 9.19, 결과 10.7
- 7차: 접수 10.13~10.17, 평가 10.31, 결과 11.13
- 8차: 접수 11.3~11.7, 평가 11.21, 결과 12.4
CBT센터 평가:
- 서울 CBT 센터: 서울 종로구 인사동7길 12 백상빌딩 12층
- 광명 CBT 센터: 경기도 광명시 소하동 1365 에이스 광명타워 3층(304호)
- 대전 CBT 센터: 대전광역시 중구 중앙로 154 2층(하나증권 대전사옥), 주말에만 사전평가 응시 가능",일반적인 자격변경 수수료 적용 (전자민원 감면 포함),,1회 부여 체류기간 2년 이내 (고용계약 범위 내),1회 부여 체류기간 2년 이내 (고용계약 범위 내),"체류자격 변경만 허용 (신규 비자발급 대상 아님)

제외 대상 (최근 10년 이내):
- 벌금 100만원 이상의 형
- 조세 체납자(완납 시 신청 가능)
- 출입국관리법 4회 이상 위반자
- 불법체류 경력 3개월 이상
- 대한민국의 이익이나 공공의 안전 등을 해치는 행동 우려자
- 경제질서·사회질서·선량한 풍속 해치는 행동 우려자
2년 내 한국어능력 미충족 시: 가족초청 불가, 이후 체류기간 6개월만 부여, 6개월 내 미충족 시 추가 연장 불허 및 체류허가 취소

신원보증기간이 2년보다 짧으면 체류기간 2년 부여 불가 (고용계약 2년이라도 동일 적용)
K-point E74 시행일('23.9.25) 이전 발급 부처 추천서는 유효하지 않음","원격대학(방송통신대, 사이버대) 학위, 독학사, 학점은행제 학위 인정
중간에 다른 업체 근무로 공백 있어도 과거+현재 동일 업체면 실제 근무기간 합산 가능 (1년 이상이면 인정)",,"[기본항목]
Ⓐ 평균소득(최근 2년 연간 평균): 최대 120점
- 2,500~3,000만: 50점, 3,000~3,500만: 65점, 3,500~4,000만: 80점, 4,000~4,500만: 95점, 4,500~5,000만: 110점, 5,000만 이상: 120점
- 농·축산업·어업·내항상선 종사자는 2,400만원 이상 적용
Ⓑ 한국어능력: 최대 120점
- TOPIK 2급/사회통합 2단계/사전평가 41~60점: 50점
- TOPIK 3급/사회통합 3단계/사전평가 61~80점: 80점
- TOPIK 4급 이상/사회통합 4단계 이상/사전평가 81점 이상: 120점
Ⓒ 나이: 최대 60점
- 19~26세: 40점, 27~33세: 60점, 34~40세: 30점, 41세 이상: 10점

[표]
K-point E74 점수표: 기본항목 240점 + 가점 150점 - 감점 최대 50점

기본항목 합계: Ⓐ소득(50~120) + Ⓑ한국어(50~120) + Ⓒ나이(10~60)
가점합계: 추천 30~80 + 근속 20 + 지역 20 + 자격증/학위 20 + 운전면허 10
감점합계: 벌금 5~20 + 조세체납 5~15 + 출입국 5~15

중앙부처 추천 소관 부서 연락처 + 광역지자체 추천 소관 부서 연락처 표

중앙부처: 농식품부 농축산업(농업경영정책과 044-201-1720) / 산업부 조선업(조선해양플랜트과 044-203-4338) / 산업부 뿌리산업(산업공급망정책과 044-203-4907) / 고용부 제조업(외국인력담당관실 044-202-7150) / 국토부 건설업(건설산업과 044-201-3493) / 해수부 어업(소득복지과 044-200-6013) / 해수부 내항상선·연근해어업(20톤 이상)(선원정책과 044-200-5744) / 중기부 제조업(인력정책과 044-204-7445)
광역지자체 (17개): 서울 외국인이민담당관 02-2133-5068 / 부산 인구정책담당관 051-888-1844 / 인천 다문화사회과 032-440-1564 / 대구 고용노동정책과 053-803-6733 / 광주 외국인주민과 062-613-2732 / 울산 경제정책관 052-229-2742 / 세종 기업지원과 044-300-4842 / 경기 이민사회정책과 031-8030-4673 / 경남 산업인력과 055-211-3384 / 경북 외국인공동체과 054-880-4550 / 충남 외국인정책과 041-635-4992 / 전남 이민정책과 061-286-2562 / 전북 외국인국제정책과 063-280-2082 / 충북 외국인정책추진단 043-220-2702 / 강원 지역소멸대응정책관 033-249-2498 / 제주 인구정책담당관 064-710-4752 / 대전 일자리경제정책과 042-270-4594

'26년 사회통합프로그램 사전평가(PBT) 일정표 (7차수)

2차: 2.24~2.28 접수 → 3.14 평가 → 3.27 결과
3차: 3.24~3.28 → 4.11 → 4.24
4차: 4.21~4.25 → 5.9 → 5.22
5차: 7.7~7.11 → 7.25 → 8.7
6차: 9.1~9.5 → 9.19 → 10.7
7차: 10.13~10.17 → 10.31 → 11.13
8차: 11.3~11.7 → 11.21 → 12.4",K-point E74 시행일: '24. 11. 27.(수),,,"[필수서류]
필수 서류 (모든 신청자):
- 통합신청서(별지34호)
- 여권사본(인적사항면)
- 점수제 자체 심사표(붙임7 양식)
- 신상 기술서(붙임8 양식)
- 표준근로계약서(E-7-4 계약서)
- 세무서 발행 소득금액증명원(최근 2년간 평균소득 확인용)
- 한국어능력 입증서류 (TOPIK 점수표 또는 사회통합 이수증/사전평가 성적표)
- 신원보증서(별지129호) - 고용주가 신원보증인
- 사업자등록증 사본 또는 농업경영체등록(국립농산물품질관리원)
- 납세증명서, 지방세납세증명서
- 4대보험 사업장 가입자 명부 또는 농업경영체등록, 공사금액 입증서류(시공능력순위확인서, 건설업)
- 고용기업 추천서(붙임9) + 추천자 신분증 사본

[기타서류]
가점 해당자만:
- 국내 자격증 사본
- 국내 학위증 사본
- 국내 운전면허증 사본
현재 근무처 해당자만:
- 뿌리기업 확인서(뿌리기업)
- 원청확인서 또는 기자재업체확인서(조선업)
- 내항여객운송사업면허증 또는 내항화물운송사업등록증(내항정기운송사업)
여권 유효기간 6개월 미만 시: 붙임10의 확인서 (1회에 한해 6개월로 간주, 단 고용계약기간은 2년 이상)

[필수서류]
중앙부처/광역지자체 추천:
- 별도 추천서 제출 불요 (자체심사표에 추천 여부 표시)
고용기업 추천:
- 외국인이 E-7-4 신청 시 추천서 및 추천자 신분증 사본 직접 제출

[필수서류]
근로계약서 견본(Labor Contract Sample) 필수 기재 항목:
- 사용자(업체명, 소재지, 성명, 사업자등록번호/주민등록번호, 전화번호)
- 근로자(성명, 생년월일, 본국주소)
- 근로계약기간 (최소 2년 이상)
- 근로장소 (계약서 명시 외 근로 금지)
- 업무내용 (업종, 사업내용, 직무내용)
- 근로시간 (1일 평균 시간외 근로시간, 교대제)
- 휴게시간 (1일 분)
- 휴일 (일요일, 공휴일 유급/무급, 매주/격주 토요일)
- 임금 (월 임금, 연봉 2,600만원 이상, 기본급, 고정 수당, 상여금, 수습기간 임금)
- 임금지급일 (매월/매주 지정일, 공휴일 전날 지급)
- 지급방법 (직접/통장 입금, 사용자는 근로자 명의 통장·도장 관리 금지)
- 숙식제공 (숙박시설 유형 및 근로자 부담금액, 식사 제공 여부 및 부담금액)","숙련기능 비자로 바꾸려면 몇 년 일해야 해요?
어떻게 신청해요, 직접 가야 하나요?
중앙부처 추천이랑 지자체 추천 중 뭐가 달라요?

숙련기능 비자 받으려면 연봉이 얼마 이상이어야 해요?
한국어 시험은 어느 정도 봐야 인정 되나요?
벌금 받은 적 있는데 신청 가능해요?

숙련기능 점수제 어떻게 계산해요?
연봉 4천만원이면 몇 점이에요?
인구감소지역에서 일하면 가점 받나요?

숙련기능 비자 변경할 때 어떤 서류가 필수예요?
소득증명원은 어디서 받아야 해요?
여권 유효기간이 짧으면 어떻게 해요?

숙련기능 비자 추천은 어디서 받을 수 있어요?
지자체마다 담당 부서가 다른가요?
부처 추천이랑 지자체 추천 중에 뭘로 받으면 돼요?

한국어 시험은 어디서 보면 되나요?
사전평가 점수 유효기간이 있나요?
재시험 볼 수 있어요?

숙련기능 비자 계약서는 어떻게 써야 하나요?
연봉이랑 계약기간 꼭 명시해야 해요?
숙식비도 계약서에 들어가요?",E-7-4 숙련기능인력(K-point E74) / 신청 대상 및 쿼터 유형 (p. 291),E-9/E-10/H-2 자격 최근 10년 중 4년+ 체류 + 점수제 200점/300점,"F-2-7 점수제, F-5-16 영주",F-3 동반,"숙련기능, K-point E74, 점수제",완료,"[3차요약] E-7-4 K-point E74 시행일 '24.11.27 (수). 기본요건 4종(4년+ 체류·연봉 2,600만+·1년+ 추천·총점 200/300), 점수표 기본 240+가점 150-감점 50, 시행일 이전 부처 추천서는 무효 (p.297~306)."
E-8,E-8,체류,외국인등록,농작물 재배·수확(원시가공 포함) 및 수산물 원시가공 분야 취업 활동자,,법무부장관이 관계 중앙행정기관의 장과 협의하여 정한 자,,,,1회 부여 체류기간 상한: 8개월 (총 체류기간 8개월 초과 불가),1회 부여 체류기간 상한: 8개월 (총 체류기간 8개월 초과 불가),,,,,,,,"[필수서류]
- 통합신청서, 여권, 사진(35mm×45mm) 1매, 수수료
- 거주/숙소 제공 확인서 (고용주의 등기부등본, 임대차계약서 등 추가서류 불요)
- 산재보험 가입증명원(사업장 가입 신청 입증서류) 또는 농·어업인 안전보험 보험증권(안전보험 가입 확약서)
- 여행자보험 가입증명서
- 마약검사 확인서 (밀봉상태 제출, 법무부장관 지정 의료기관 또는 보건소·보건의료원)
- (지자체) 숙소점검 확인서 (지자체 일괄 공문 제출)","계절근로 비자로 들어오면 얼마나 머물 수 있어요?
외국인등록 할 때 마약검사도 받아야 하나요?
숙소 증명은 어떤 서류로 하면 돼요?",E-8 계절근로 / 외국인등록 (p. 27),계절근로 양해각서 체결 지자체 초청,"단기 자격, 변경 제한적",-,"계절근로, 농어업",완료,"[3차요약] E-8 외국인등록: 농작물 재배·수확/수산물 원시가공 활동자, 체류상한 8개월. 제출=통합신청서·여권·사진·거주확인서·산재보험·여행자보험·마약검사(밀봉)·숙소점검(지자체) (p.321)."
E-8,E-8,체류,근무처 변경/추가,계절근로(E-8) 자격 등록외국인,,"근무처 추가는 허용되지 않음
변경 사유:
① 고용주의 귀책사유로 인해 근로계약이 중도 해지된 경우
② 외국인등록 전 고용주·계절근로자 간 합의를 통한 근무처 변경 가능",원 고용주는 출입국관서 및 지자체에 고용변동신고서 제출,근무처변경 수수료 면제,,,,"근무처 추가 불허
계절근로자의 귀책사유 없이 근로계약 중도 해지된 경우에 한정",,,,,,,"[필수서류]
- 통합신청서, 여권, 외국인등록증 (근무처변경 수수료 면제)
- 표준근로계약서 사본
- 산재보험 가입증명원(사업장 가입 신청 입증서류) 또는 농·어업인 안전보험 보험증서(안전보험 가입 확약서) — 새로 변경된 고용주로 변경
- 건강보험 가입증명원 또는 신청 입증서류(해당자만 제출)
- 계절근로자 배치 대상 고용주 확인서(지자체 발급)
- 거주/숙소 제공 확인서

[기타서류]
외국인등록 전 합의 변경 시: 필수 제출서류 + 마약검사 확인서","계절근로 비자로 다른 농장 옮길 수 있어요?
고용주가 잘못해서 그만뒀는데 다른 데서 일할 수 있어요?
근무처 추가도 가능한가요?",E-8 계절근로 / 근무처 변경 (고용주재배정) (p. 317),계절근로 양해각서 체결 지자체 초청,"단기 자격, 변경 제한적",-,"계절근로, 농어업",완료,"[3차요약] E-8 근무처 변경(고용주재배정): 추가 불허, 변경사유 2종(고용주 귀책 중도해지·외국인등록 전 합의). 수수료 면제. 합의 변경 시 마약검사확인서 추가 (p.321)."
E-8,E-8,체류,체류자격외 활동허가,국내 체류 외국인 계절근로자 제도 참여 대상 등록외국인,,,,수수료 면제,,,체류자격 외 활동허가 기간: 신청자의 체류기간 만료일 범위 내에서 최소 1주일부터 최장 8개월 이내,"계절근로자(C-4, E-8)는 계절근로 이외의 다른 활동을 위한 체류자격외 활동허가 허용 불가",,,,,,,"[필수서류]
- 통합신청서, 외국인등록증, 여권 (수수료 면제)
- 표준근로계약서 사본
- 계절근로 참여 신청서
- 산재보험 가입증명원(사업장 신청 입증서류) 또는 농어업인 안전보험 보험증서(안전보험 가입 확약서)
- 계절근로자 배치 대상 고용주 확인서

[기타서류]
유학생 계절근로 참여 추천서(해당자만 제출)
건강보험 가입증명원 또는 가입 신청 입증서류(해당자만 제출)
거주/숙소 제공 확인서(해당자만 제출)","계절근로 비자로 다른 일도 할 수 있어요?
유학생도 계절근로 참여 가능한가요?
자격외 활동허가는 얼마나 받을 수 있어요?",E-8 계절근로 / 자격외 활동허가 (p. 317~318),계절근로 양해각서 체결 지자체 초청,"단기 자격, 변경 제한적",-,"계절근로, 농어업",완료,"[3차요약] E-8 체류자격외 활동(국내 계절근로자 제도): 1주~8개월 범위 내, 수수료 면제, 계절근로 외 다른 활동 불허 (p.322)."
E-8,E-8,체류,체류기간 연장,체류기간 만료 임박 계절근로자,,"지자체 방문 시: ①~⑥
출입국·외국인관서 방문 시: ②~⑧","① 체류기간 만료일 60일 ~ 40일 전: 관할 지방자치단체로 신청 → 지자체에서 관할 출입국·외국인관서로 일괄 신청
② 체류기간 만료일 40일 이내: 관할 지자체로 신청 후 '체류기간 만료 계절근로자 체류기간 연장 추천서' 발급 받아 관할 출입국·외국인관서로 방문 신청",수수료 면제,,,,,,,,,,,"[필수서류]
- 외국인 계절근로자(E-8) 체류기간 연장 추천 신청서
- 여권 및 외국인등록증
- 거주/숙소 제공 확인서 (고용주의 등기부등본, 임대차계약서 등 추가서류 불요)
- 근로계약서
- 고용주 신분증
- 인신매매 피해 식별지표
- 체류기간 만료 계절근로자 체류기간 연장 추천서
- 통합신청서","계절근로 비자 만료 전에 언제 연장 신청해야 해요?
지자체에 가야 해요 출입국에 가야 해요?
연장할 때 수수료 내요?",E-8 계절근로 / 체류기간 연장 (p. 317~318),계절근로 양해각서 체결 지자체 초청,"단기 자격, 변경 제한적",-,"계절근로, 농어업",완료,"[3차요약] E-8 체류기간 연장: 60~40일 전 지자체 일괄, 40일 이내 지자체→출입국 방문. 수수료 면제 (p.322)."
E-9,E-9,체류,사증발급,"외국인근로자의 고용 등에 관한 법률에 따라 국내 취업하려는 자

비전문취업(E-9), 선원취업(E-10), 방문취업(H-2) 자격의 사증 또는 사증발급인정서 발급 신청자","상시근로자(고용보험 기준) 300인 미만 또는 자본금 80억원 이하 중소기업에 외국인 고용허가
고용허가제 선정국가(17개국): 태국, 필리핀, 스리랑카, 베트남, 인도네시아, 몽골, 파키스탄, 우즈베키스탄, 캄보디아, 중국, 방글라데시, 네팔, 미얀마, 키르기스스탄, 동티모르, 라오스, 타지키스탄","외국인근로자의 고용에 관한 법률의 규정에 의한 국내 취업요건을 갖춘 자

사업주에게 외국인근로자 고용을 허가하고, 외국인 근로자에게는 당해 사업주에게 고용되는 조건으로 최장 4년 10개월간 취업 허용
'04.8월 제도 시행 이후 16개국과 MOU 체결

누락 또는 허위사실 기재 시 사증발급 불허, 입국 후 체류허가 취소·강제퇴거 등 불이익 가능
입국 후 90일 이상 체류 시 입국 후 90일 이내 외국인등록, 외국인등록 시 대한민국 정부 지정 병원 발급 건강진단서 제출 필수
외국인등록 시 대한민국 정부가 정하는 기초 법질서 교육 이수해야 외국인등록 가능

[표]
고용허가제 선정국가 17개국 명단

태국, 필리핀, 스리랑카, 베트남, 인도네시아, 몽골, 파키스탄, 우즈베키스탄, 캄보디아, 중국, 방글라데시, 네팔, 미얀마, 키르기스스탄, 동티모르, 라오스, 타지키스탄",,,,"1회 부여 체류기간 상한: 3년 (재고용 시 추가 1년 10개월, 최대 4년 10개월)","1회 부여 체류기간 상한: 3년 (재고용 시 추가 1년 10개월, 최대 4년 10개월)",체류자격외 활동 억제,,,,,,,"[필수서류]
건강상태 확인서 (본인 직접 작성)
체크리스트 항목:
- 공중보건 위협 전염성 질환 감염 여부 (매독, B형간염, 결핵)
- 최근 5년 이내 통제된 물질(마약류) 복용 또는 알코올 등 중독 여부
- 과거 정신적·감정적·신경적 혼란으로 의사 치료 받은 경험
- 최근 5년 이내 심각한 질병·상해 경험","비전문취업 비자로 한국에서 얼마나 일할 수 있어요?
어느 나라에서 신청할 수 있나요?
회사 규모는 어느 정도여야 외국인 받을 수 있어요?

비전문취업 사증 신청할 때 건강 관련해서 어떤 걸 적어야 해요?
건강 항목에 거짓말로 적으면 어떻게 돼요?
입국 후 외국인등록할 때도 건강진단서 다시 내야 해요?",E-9 비전문취업 / 고용허가제 (p. 317~319),고용허가제 EPS-TOPIK + 사업장 매칭,E-7-4 K-point E74 (4년+ 후),-,"비전문취업, 고용허가제, 단순노무",완료,"[3차요약] E-9 비전문취업: 외국인근로자고용법, 중소기업(300인 미만/자본금 80억 이하), 최장 4년 10개월. 선정 17개국 vs 16개국 MOU(PDF 원문 그대로) (p.323)."
E-9,E-9,체류,근무처 변경/추가,비전문취업(E-9) 자격 외국인근로자,,"원칙적으로 최초 고용허가를 받은 사업장에서 계속 취업
예외적으로 사업장 휴·폐업 등 정상적 근로관계 지속 곤란 시 다른 사업장 변경 신청 가능
변경 사유 (외국인고용법 제25조 및 동법시행령 제30조):
- 사용자가 정당한 사유(해고, 계약기간 만료, 계약 해지 등)로 근로계약 해지 또는 갱신 거절
- 휴업·폐업 등 외국인근로자 책임이 아닌 사유로 계속 근무 불가
- 외국인근로자 고용허가 취소 또는 고용 제한 조치
- 근로조건이 계약조건과 상이하거나 위반, 사용자 부당한 처우로 사회통념상 계약 유지 어려움
- 상해 등으로 해당 사업장 근무 부적합하나 다른 사업장 근무 가능

농업분야 외국인근로자 근무처 추가 제도 (E-9-3):
- 작물재배업(계절적 농업) 근무 중인 비전문취업 자격자
- 원 사업장과 근로계약 유지(무급휴직 처리)하면서 일정기간 동안 다른 사업주와 근로계약 체결
- 계약 만료 시 원 사업장으로 복귀
- 농협 대행 가능
- 신청 추가서류: 추가근무처 고용허가서 사본, 추가근무처 표준근로계약서 사본, 영농규모증명서 및 사업자등록증/고유번호증/주민등록등본, 외국인근로자 위임장(대행 시)","사용자와 근로계약 종료 후 1월 이내에 사업장 변경 신청(고용노동부 고용센터)
사업장 변경 신청일로부터 3개월 이내에 근무처 변경허가(관할 출입국·외국인청)
업무상 재해·질병·임신·출산 등의 사유로 신청 불가 시: 사유해소일로부터 기간 계산
사유 해당자는 체류기간 만료 전 사업장변경신청기간 연장접수확인서 + 산재입증서류·진단서 등 첨부하여 체류기간연장 신청
체류기간연장허가 수수료 면제",,,,,"변경 횟수 제한:
- 입국한 날부터 3년 이내 취업가능기간 중: 원칙적으로 3회
- 재고용절차에 따른 체류기간 연장 중: 2회 초과 불가
- 휴·폐업 등 외국인근로자 책임이 아닌 사유: 변경횟수 포함하지 않음
- 최초 사업장 배치 전 사용자 귀책사유로 1회 변경한 경우 3회에 포함 시: 1회 추가 허용
체류기간 연장 상한: 최초 입국일로부터 3년, 재고용 시 4년 10개월 초과 불가","건설업종 사업장 변경 횟수 특례: '동일 원청 현장 내 업체 간 외국인력 이동' 시 책임건설업체(원도급업체) 승인 받은 경우 변경 횟수 미포함
공사현장 총 허용인원 범위 내 인력 배정 자율성 부여","농업분야 추가 근무처: 출입국관리법 제19조 고용주 신고의무가 원 근무처/추가 근무처 고용주 모두에게 적용 (정상 절차 복귀 시 원 근무처 신고의무 면제)
추가 근무처 고용주: 추가 근무처 관할 청에 신고(다른 경우 양쪽 모두 신고)
원 근무처 고용주: 근로자 중도 복귀/미복귀 시 신고",,,,,"[필수서류]
- 신청서(별지 34호서식), 여권, 외국인등록증, 수수료, 체류지 입증서류
- 고용허가서 사본
- 표준근로계약서 사본
- 사업자등록증 등 사업장 관련 입증서류

[기타서류]
건설업체: 해당 현장 책임건설업체(원도급업체) 작성 ""건설현장에 대한 외국인력 현황표""","비전문취업 비자로 회사 옮길 수 있어요?
회사 옮기는 횟수에 제한 있나요?
농업 분야는 다른 곳에서 추가로 일할 수 있나요?",E-9 비전문취업 / 근무처 변경·추가 (p. 319),고용허가제 EPS-TOPIK + 사업장 매칭,E-7-4 K-point E74 (4년+ 후),-,"비전문취업, 고용허가제, 단순노무",완료,"[3차요약] E-9 근무처 변경: 5종 사유, 1월 내 신청·3월 내 허가, 3년 내 3회·재고용 2회, 건설업 동일 원청 특례, 농업 E-9-3 추가근무처 제도 (p.323~326)."
E-9,E-9,체류,체류자격 변경,G-1에서 E-9 자격 회복 희망자,,"고용허가제 등으로 입국 후 산업재해 치료 등을 위해 기타(G-1)자격으로 변경 후 국내체류 중이던 외국인근로자
국내 체류기간 상한이 도래하지 않은 자

체류기간 상한(입국일로부터 기산): 비전문취업자(E-9) 3년
3년 만기 체류자 중 고용주 재고용 시: 1년 10개월 이내 체류기간",,,,,,,,,,,,,,"산재 치료 받고 다시 비전문취업으로 돌아갈 수 있어요?
G-1으로 바꿨다가 E-9로 회복 가능한가요?
체류기간이 얼마나 남아 있어야 회복 신청 가능해요?",E-9 비전문취업 / 기타(G-1)에서 회복 (p. 319~322),고용허가제 EPS-TOPIK + 사업장 매칭,E-7-4 K-point E74 (4년+ 후),-,"비전문취업, 고용허가제, 단순노무",완료,"[3차요약] E-9 G-1→E-9 회복: 산재 치료 후, E-9 체류기간 3년 미도래 자(재고용 시 4년 10개월) (p.325)."
E-9,E-9,체류,체류기간 연장,,,"취업활동기간연장: '09.12.10. 이후 외국인근로자 고용 등에 관한 법률 시행규칙에 따라 고용주가 재고용 신청하여 '취업기간 만료자 취업활동기간 연장확인서' 발급받은 비전문취업자
구직신청자 특례: 구직등록 유효기간(구직신청일로부터 3개월) 이전에 체류기간만료일이 도래 + 사업장변경 가능 횟수 남아 있는 자, 구직등록필증 발급일로부터 90일 범위 내 허가, 수수료 없음",,구직신청자 특례는 수수료 없음,,,,,,,,,,,"[필수서류]
- 신청서(별지 34호 서식), 여권 및 외국인등록증, 수수료
- 고용허가서 사본
- 표준근로계약서 사본
- 사업자등록증 사본
- 체류지 입증서류(임대차계약서, 숙소제공 확인서, 체류기간 만료예고 통지우편물, 공공요금 납부영수증, 기숙사비 영수증 등)

[기타서류]
입국 후 3년 만료 재고용에 따른 최대 1년 10개월 추가 연장의 경우: '취업기간만료자 취업활동기간 연장확인서'(고용노동부 발급)
구직신청자 특례:
- 자진출국 각서
- 구직등록필증
- 체류지 입증서류 (제출 곤란 시 생략 가능)","비전문취업 비자 연장하려면 뭘 내야 해요?
재고용 받은 경우 추가 연장 어떻게 해요?
구직 중인데 체류기간 만료되면 어떻게 해요?",E-9 비전문취업 / 체류기간 연장 (p. 322),고용허가제 EPS-TOPIK + 사업장 매칭,E-7-4 K-point E74 (4년+ 후),-,"비전문취업, 고용허가제, 단순노무",완료,"[3차요약] E-9 체류기간 연장: 취업활동기간연장 + 구직신청자 특례(구직등록필증 발급 후 90일, 수수료 없음) (p.325~326)."
E-9,E-9,체류,재입국허가,등록을 필한 외국인,,"출국한 날부터 1년 이내 재입국 시 재입국허가 면제
체류기간이 1년보다 적게 남은 경우 체류기간 범위 내 재입국허가 면제",,"단수 3만원, 복수 5만원",재입국허가 면제: 출국일로부터 1년 이내,,,"입국규제 및 사증발급규제자는 체류지 관할 청(사무소·출장소)에 방문하여 재입국허가 필요, 수수료 제출 대상",,,,,,,"[필수서류]
- 신청서(별지 34호 서식)
- 여권
- 외국인등록증
- 수수료(단수 3만원, 복수 5만원)","비전문취업 비자로 출국했다 들어올 때 따로 허가 받아야 하나요?
재입국허가 수수료 얼마예요?
1년 넘게 나가 있어야 하면 어떻게 해요?",E-9 비전문취업 / 재입국허가 (p. 322~323),고용허가제 EPS-TOPIK + 사업장 매칭,E-7-4 K-point E74 (4년+ 후),-,"비전문취업, 고용허가제, 단순노무",완료,"[3차요약] E-9 재입국허가: 1년 이내 출국 시 면제, 체류기간이 1년보다 적게 남은 경우 체류기간 범위 내 면제. 단수 3만/복수 5만원 (입국규제자만 수수료 대상) (p.327)."
E-9,E-9,체류,외국인등록,비전문취업(E-9) 외국인근로자를 고용한 자,,"마약류: ""마약류 관리에 관한 법률"" 제2조 제1항의 ""마약류(마약·향정신성의약품·대마)""
건강진단서 및 마약검사확인서는 반드시 봉투에 밀봉된 상태로 제출(개봉 불가)

[표]
건설업 비숙련 외국인력(E-9) 업무수행 가능 범위 40개 직종 표

1.도장 2.건축배관 3.방수 4.조적 5.타일 6.형틀목공 7.강구조 8.건축기계설비 9.건축목공 10.견출 11.미장 12.비계 13.석공 14.일반용접 15.조경 16.철거 17.철근 18.콘크리트 19.토공 20.특수용접 21.도배 22.수장 23.지붕 24.패널조립 25.코킹 26.창호 27.유리 28.보일러 29.보온 30.포장 31.준설 32.보링 33.발파 34.궤도 35.벌목 36.일반기계설비 37.잠수 38.제관 39.덕트 40.상하수도배관
각 직종은 자재 취급방법·공구 사용처·공사 용어·안전수칙 등 기초적 지식을 습득한 자가 작업반장이나 숙련공의 지시에 따라 자재운반 등 기능공들의 보조적 작업 수행","신고방법:
- 방문신고: 체류지 관할 청(사무소·출장소) 직접방문
- 팩스신고(1577-1346) 및 하이코리아 전자민원(www.hikorea.go.kr): 체류지 관할 청 구분 없이 신고 가능
- 하이코리아 전자민원은 고용노동부 고용변동신고와 일원화 실시(2011.10.17)
- 신고기한(사유발생 사실을 안 날로부터 15일)을 도과하지 않은 경우만 처리",,,,,,,"고용주 신고기한: 법 제19조(외국인을 고용한 자등의 신고의무)제1항, 법시행령 제24조 등의 사유 발생 사실을 안 날부터 15일 이내 주소지 관할 출입국·외국인관서에 신고
신고 사유:
- 외국인 해고 또는 중도 퇴직(계약기간 만료 퇴직은 신고 불필요)
- 외국인 사망
- 고용외국인 소재 불명
- 고용계약 중요 내용 변경(계약기간 변경, 고용주/대표자 변경, 근무처 명칭/소재지 변경)",,,,,"[필수서류]
- 신청서(별지34호 서식), 여권원본, 표준규격사진 1장, 수수료
- 사업자등록증 사본
- 법무부 지정 의료기관에서 발급한 마약검사확인서 (등록 시 기준 3개월 이내 발급, 봉투 밀봉상태 제출, 개봉 불가)
- 체류지 입증서류

[기타서류]
교육 중(또는 외국인등록 전) 고용회사 폐업·휴업 등 외국인 귀책사유 없이 고용관계 개시 불가로 고용노동부에서 사업장 변경 시: 근무처변경허가가 아닌 변경된 사업장으로 외국인등록
추가서류: 고용허가서 사본, 표준근로계약서 사본

[필수서류]
- 고용·연수 외국인 변동사유 발생신고서(별지 32호 서식)
- 외국인등록증 사본 (소재불명 신고: 휴대폰 번호, 예상소재지 등 포함)
- 사업자등록증 사본
- 고용주 신분증(고용주 직접 신고 시)
- 회사 직원 대리 신청: 고용주 위임장, 재직증명서, 직원 신분증","비전문취업 비자로 외국인등록 할 때 마약검사 받아야 해요?
검사 결과는 어떻게 제출해요?
고용회사가 망하면 새로 등록하나요 근무처 변경 신청하나요?

비전문취업 외국인 고용한 사장님이 신고할 의무가 있어요?
근로자가 그만두면 며칠 안에 신고해야 해요?
건설업에서 외국인이 할 수 있는 작업이 정해져 있나요?",E-9 비전문취업 / 외국인등록 (p. 323),고용허가제 EPS-TOPIK + 사업장 매칭,E-7-4 K-point E74 (4년+ 후),-,"비전문취업, 고용허가제, 단순노무",완료,"[3차요약] E-9 외국인등록: 마약검사확인서 봉투 밀봉. 건설업 40개 직종 표. 고용변동신고 15일, 사유 5종(해고·사망·소재불명·계약 중요 내용 변경) (p.327~328)."
E-10,E-10,체류,근무처 변경/추가,선원취업자가 사업장의 휴·폐업 등으로 정상적인 근로관계를 지속하기 곤란한 때,,지방해양수산청장의 추천을 받아 근무처 변경 신청 가능,,,,,,,"동일 선사(선주)의 선박 간 이동근무 시에도 미리 근무처변경 허가를 받아야 함. 단, 이 경우 수수료 면제",,,,,,"[필수서류]
- 신청서(별지 34호서식), 여권 및 외국인등록증, 수수료
- 한국해운조합 또는 수산업협동조합중앙회 발급 외국인 고용추천서
- 고용계약서
- 사업자등록증
- 산재서류 또는 진단서(필요시)
- 신원보증서","선원으로 일하다가 회사가 문 닫았는데 다른 배로 옮길 수 있어요?
근무지 바꿀 때 서류 뭐 내야 해요?
같은 선주 다른 배로 옮길 때도 수수료 내야 하나요?",E-10 선원취업 / 근무처 변경·추가 (p. 329),선원 자격 + 해운회사 채용,E-7-4 (4년+ 후),-,"선원취업, 해운, 어선",완료,"[3차요약] E-10 근무처 변경: 휴폐업 등 사유, 지방해양수산청장 추천. 동일 선사 이동도 미리 허가(수수료 면제) (p.333)."
E-10 (E-10-2),E-10,체류,체류자격외 활동허가,어선원(E-10-2) 자격자가 비전문취업(E-9) 활동 허가 신청,어선원(E-10-2),"어획물에 대한 건조, 포장 등 어획물과의 연계 작업활동

원 고용주와 체류자격 외 활동 예정 근무지 고용주가 동일할 것
어획에서 위판 과정 상 어획물 생산활동에 부수되는 작업일 것",,,,허용기간: 본 체류자격의 체류허가기간 중 1/3을 초과하지 못함,"허용시기: 조업기 중(금어기 중 신청은 가능)
허용기간: 본 체류자격의 체류허가기간 중 1/3을 초과하지 못함",,,,,해당 외국인선원의 선박 실제 근무 외국인선원 중 1/3 이내(소수점 이하는 절사),,,,"어선에서 일하는데 어획물 포장 일도 같이 할 수 있어요?
조업기 말고 다른 시기에도 활동 허가 받을 수 있어요?
한 배에서 몇 명까지 자격외 활동 허가 받을 수 있어요?",E-10 선원취업 / 체류자격외 활동 (p. 329),선원 자격 + 해운회사 채용,E-7-4 (4년+ 후),-,"선원취업, 해운, 어선",완료,"[3차요약] E-10-2 어선원 자격외 활동(E-9): 어획물 건조·포장 등 연계, 동일 고용주, 조업기 중, 1/3 이내 인원·기간 (p.333~334)."
E-10,E-10,체류,체류기간 연장,"선원취업(E-10) 자격으로 체류 중인 자

체류허가기간 중에 고용해지 등으로 구직 중인 자",,"1회 부여할 수 있는 선원취업자의 체류기간은 3년 이내로 하고 최초 입국 후 최대 3년까지 체류 허용
재고용에 의해 취업활동기간 연장 허가를 받은 경우에는 최초 입국일로부터 최대 4년 10개월까지 체류 허용

잔여 체류가능 기간이 총 체류가능기간(3년) 기준 최소 4개월 이상 남아 있는 자",고용해지일로부터 3개월의 범위 내에서 체류기간 연장허가,체류기간연장허가수수료 면제,,"1회 부여 체류기간 3년 이내, 최초 입국 후 최대 3년","1회 부여 체류기간 3년 이내, 최초 입국 후 최대 3년
재고용 특례 적용 시 최초 입국일로부터 최대 4년 10개월
고용해지일로부터 3개월 범위 내",,체류기간연장허가수수료는 면제,,,,,,"[필수서류]
- 신청서(별지 34호서식), 여권 및 외국인등록증, 수수료
- 고용계약서
- 사업자등록증 사본
- 신원보증서
- 외국인선원 고용추천서(E-10-1, E-10-3는 한국해운조합), 선원취업활동기간연장 추천서(E-10-2는 수협중앙회)
- 체류지 입증서류(임대차계약서, 숙소제공 확인서, 체류기간 만료예고 통지우편물, 공공요금 납부영수증, 기숙사비 영수증 등)

[필수서류]
- 신청서(별지 34호서식), 여권 및 외국인 등록증
- 각서","선원 비자로 얼마나 더 한국에 머물 수 있어요?
재고용되면 체류기간 얼마나 늘릴 수 있어요?
최초 입국부터 최대 얼마까지 머물 수 있나요?

선원 체류기간 연장하려면 무슨 서류 필요해요?
체류지 입증은 어떻게 해요?
고용추천서는 어디서 받나요?

선원으로 일하다 해고됐는데 구직활동 동안 한국에 머물 수 있나요?
구직 중 연장 시 수수료 내야 하나요?
얼마나 더 머물게 해주나요?",E-10 선원취업 / 체류기간 연장 (p. 329~330),선원 자격 + 해운회사 채용,E-7-4 (4년+ 후),-,"선원취업, 해운, 어선",완료,"[3차요약] E-10 체류기간 연장: 1회 3년, 최초 입국 후 최대 3년, 재고용 시 4년 10개월. 구직 중 특례(3개월 범위, 수수료 면제) (p.333~334)."
E-10,E-10,체류,외국인등록,선원취업(E-10) 외국인선원을 고용한 자,선원취업(E-10) 외국인선원의 고용주,,"방문신고: 체류지 관할 청(사무소·출장소) 직접방문 신고
팩스신고(1577-1346), 하이코리아 전자민원(www.hikorea.go.kr) - 신고기한을 도과하지 않은 경우에만 처리",,,,"해고·퇴직·고용계약 변경: 사유가 발생한 날로부터 15일 이내
사망·소재불명: 사유를 안 날로부터 15일 이내",,계약기간 만료로 인한 퇴직은 신고 불필요,"외국인을 해고하거나 외국인이 중도 퇴직한 때, 사망한 때, 소재불명, 고용계약의 중요 내용을 변경한 때 신고
고용주는 무단이탈·인권침해·부당대우·임금체불 등이 발생하지 않도록 선량한 관리의무 이행
선원취업자 외출 시 외국인등록증 또는 여권 휴대 조치
근무처에 선원취업자 명단 비치
선원취업자 출국 희망 시 즉시 출국조치
준수사항 관리소홀 시 사증발급인정서 발급 등 제한",,,,,"[필수서류]
- 신청서(별지34호 서식), 여권원본, 표준규격사진1장, 수수료
- 내항여객운송사업면허증 또는 내항화물운송등록증
- 건강검진서(반드시 봉투에 밀봉된 상태로 제출, 개봉 불가)
- 마약검사 확인서(반드시 봉투에 밀봉된 상태로 제출, 개봉 불가)
- 산업재해보상보험 또는 상해보험 가입증명원
- 체류지 입증서류

[필수서류]
- 고용·연수 외국인 변동사유 발생신고서(시행규칙 별지 32호 서식)
- 외국인등록증 사본
- 사업자등록증 사본
- 퇴직 외국인선원 인수·인계확인서
- 고용주 신분증(고용주 직접 신고 시) 또는 고용주 위임장·재직증명서·직원 신분증(대리 신청 시)","선원으로 한국 와서 외국인등록할 때 뭐 챙겨가요?
건강검진서는 어떻게 제출해요?
보험 가입 증명도 필요한가요?

선원 해고하면 며칠 안에 신고해야 해요?
계약 끝나서 퇴직하는 것도 신고해야 하나요?
하이코리아로도 신고 가능해요?",E-10 선원취업 / 외국인등록 (p. 32),선원 자격 + 해운회사 채용,E-7-4 (4년+ 후),-,"선원취업, 해운, 어선",완료,"[3차요약] E-10 외국인등록: 마약검사확인서·건강검진서 봉투 밀봉, 산재보험 또는 상해보험 가입. 고용주 신고기한 15일, 신고사유 5종, 외국인등록증/여권 휴대, 명단 비치 (p.335~337)."
F-1,F-1,체류,체류자격외 활동허가,"친척방문, 가족동거, 피부양, 가사정리, 그 밖에 이와 유사한 목적으로 체류하는 자

방문동거(F-1) 자격을 소지한 중국동포 중 취업자격 구비 등 일정요건에 해당하는 자가 교수(E-1) 내지 특정활동(E-7)으로 자격외 활동 허가 신청",,"출생당시 대한민국국적을 보유하였던 해외입양인
주한외국공관원의 가사보조인
외교(A-1) 내지 협정(A-3) 자격에 해당하는 자의 동거인으로서 그 세대에 속하지 아니한 자
SOFA해당자의 21세 이상의 동반자녀 또는 기타 가족
거주(F-2) 자격을 가지고 있는 자의 배우자 또는 미성년 자녀
대한민국에 주소를 둔 대한민국 국민으로서 양육권을 가진 부 또는 모의 부양을 받을 필요가 있는 미성년자
그 밖에 부득이한 사유로 직업 활동에 종사하지 아니하고 장기간 체류하여야 할 사정이 있다고 인정하는 자",,,,1회 부여 체류기간 상한 2년,,,원래의 체류목적을 침해하지 않은 범위 내에서 정규교육기관(초·중·고 및 대학)의 교육을 받고자 하는 때는 체류기간 범위 내에서 별도의 허가 절차 불요('09.6.15.부 시행),,,,,,"[공통서류]
- 신청서(별지 34호 서식), 여권 및 외국인등록증, 수수료

[필수서류]
- 주무부처 장의 고용추천서 또는 고용필요성 입증서류
- 고용계약서
- 사업자등록증
- 학위증 또는 자격증","한국에 있는 가족 만나러 장기로 머물려면 어떤 자격이 있어요?
한국 국민 부모에게서 부양받는 미성년자도 받을 수 있나요?
거주자격 가족도 함께 살 수 있는 자격이 있어요?

방문동거로 한국 들어왔는데 취업하려면 무슨 서류 내요?
학교 다니려면 따로 허가받아야 해요?
교수직 같은 데로 일하려면 어떤 자격 증빙이 필요해요?",F-1 방문동거 / 활동범위 및 해당자 (p. 332~333),국내 가족 초청 또는 친척 방문,"F-2 거주, F-6 결혼이민 (사실혼 등)",본인이 동반자격,"방문동거, 가족, 친척",완료,"[3차요약] F-1 방문동거: 친척방문·가족동거·피부양·가사정리. 해당자 7종, 체류상한 2년. 정규교육 별도 허가 불요. 중국동포 자격외활동(E-1~E-7) (p.337~338)."
F-1 (F-1-12),F-1,체류,체류자격외 활동허가,점수제 우수인재의 배우자 및 미성년 자녀로서 방문동거자(F-1-12),,외국인 관서장이 필요성이 있다고 판단되는 경우 전문직·준전문직(E-1~E-7) 취업 요건을 갖춘 경우 사전에 체류자격외 활동허가를 받아 취업 가능,,,,,,"원칙적으로 취업 및 영리활동 불가
호텔·유흥종사자(E-6-2) 및 숙련기능인력(E-7-4) 제외",외국인 관서장 판단으로 사전 체류자격외 활동허가 시 취업 가능,,,,,,"[기타서류]
해당 체류자격에서 요구하는 서류 제출","점수제 우수인재 가족인데 취업할 수 있어요?
유흥업소나 숙련기능인력으로도 일할 수 있나요?
취업 허가는 어떻게 받아요?",F-1-12 점수제 우수인재 가족 (p. 334),국내 가족 초청 또는 친척 방문,"F-2 거주, F-6 결혼이민 (사실혼 등)",본인이 동반자격,"방문동거, 가족, 친척",완료,"[3차요약] F-1-12 점수제 우수인재 가족 자격외 활동: 원칙 취업 불가, 예외로 외국인관서장 판단 시 E-1~E-7(E-6-2·E-7-4 제외) 사전 허가로 취업 가능 (p.339~340)."
F-1,F-1,체류,체류자격 부여,"거주(F-2)자격 소지자의 한국출생 자녀, 기술연수(D-3)·비전문취업(E-9)·선원취업(E-10)·방문취업(H-2)·재외동포(F-4) 자격으로 국내체류중인 자의 국내출생 자녀, 난민인정자의 국내출생 미성년 자녀",,"대한민국에서 출생하여 체류자격을 가지지 못하고 체류하게 되는 외국인 - 출생일로부터 90일 이내 자격부여 신청
대한민국에서 체류 중 국적 상실·이탈 등 사유로 체류자격을 가지지 못하는 외국인 - 사유 발생일로부터 30일 이내",,,,,"국내 출생 외국인: 부 또는 모의 체류기간 범위 내에서 기간부여
난민인정자의 자녀: 난민인정자의 체류기간 범위 내",,,,,,,,"[공통서류]
- 신청서(별지 34호 서식), 여권, 표준규격사진 1매, 수수료

[필수서류]
- 출생증명서
- 가족관계기록사항에 관한 증명서 등 친인척관계 입증서류
- 친인척 등의 주민등록등본(거주 F-2 부모의 경우)
- 부모의 외국인등록증 사본(D-3, E-9, E-10, H-2, F-4 부모의 경우)
- 중국의 경우 호구부
- 체류지 입증서류(난민인정자 자녀의 경우)","한국에서 외국인 자녀 낳았는데 어떤 자격을 받아요?
출생 후 며칠 안에 신청해야 해요?
난민으로 인정받았는데 한국에서 낳은 아이는 어떻게 등록해요?",F-1 방문동거 / 체류자격 부여 (p. 334),국내 가족 초청 또는 친척 방문,"F-2 거주, F-6 결혼이민 (사실혼 등)",본인이 동반자격,"방문동거, 가족, 친척",완료,"[3차요약] F-1 체류자격 부여: 출생일 90일/사유 30일 이내. 대상: F-2/D-3/E-9/E-10/H-2/F-4 자의 국내출생 자녀, 난민인정자 국내출생 미성년 자녀 (p.339~340)."
F-1,F-1,체류,체류자격 변경,"외교(A-1), 공무(A-2), 협정(A-3) 자격에 해당하는 자의 동거인 또는 주한 외국공관원의 가사보조인

국내 성장 기반 외국인 청소년 중 인도적 사유 등 국내 체류 필요성이 인정되는 경우","23. 방문동거(F-1) 가목: 친척 방문, 가족 동거, 피부양, 가사정리, 그 밖에 이와 유사한 목적으로 체류하려는 사람으로서 법무부장관이 인정하는 사람","성장기반이 국내에 형성된 외국인 청소년이 고교 졸업 후 대학에 진학하지 않더라도 국내 취업·정주하며 자립할 수 있도록 체류 지원
그 밖에 인도적 사유 등 국내 체류 필요성이 인정되는 경우는 방문동거(F-1) 허용",,,,,,투자가 및 전문인력의 외국인 가사보조인은 국내에서 체류자격 변경불가 (공관 사증발급이나 사증발급인정서를 통해서 입국),,,,,,,"[공통서류]
- 신청서(별지 34호 서식), 여권, 표준규격사진 1매, 수수료

[필수서류]
- 주한 해당공관의 요청공문
- 공관원신분증(비세대동거인의 경우) 또는 고용인의 외교관신분증명서 사본(가사보조인의 경우)
- 가족 또는 친족관계 입증서류(비세대동거인) 또는 고용계약서(가사보조인)","외교관 집에서 가사도우미로 일하려면 한국에서 자격변경 가능해요?
공관원 가족 동거인은 어떻게 자격변경 해요?
투자자 집 가사도우미도 한국에서 변경할 수 있나요?

한국에서 자란 외국인 청소년인데 진학 안 하면 어떤 비자 받을 수 있어요?
가족 돌보는 거나 인도적 사유로 한국에 더 있을 수 있나요?
방문동거 비자는 어떤 경우에 받아요?",F-1 방문동거 / 외국공관원 가사보조인 변경 (p. 334~336),국내 가족 초청 또는 친척 방문,"F-2 거주, F-6 결혼이민 (사실혼 등)",본인이 동반자격,"방문동거, 가족, 친척",완료,[3차요약] F-1 외교(A-1)/공무(A-2)/협정(A-3) 동거인·외국공관원 가사보조인 변경 가능. 투자가·전문인력 외국인 가사보조인은 국내 변경 불가(공관/인정서로 입국) (p.341~342).
F-1 (F-1-6),F-1,체류,체류자격 변경,"국민과 혼인이 단절되었으나 혼인단절자(F-6-3)에 해당하지 않는 사람으로서 재산분할, 가사정리 등의 사유로 국내 체류가 불가피한 사람",,"혼인단절 전 정상적인 혼인 생활 유지 여부
국내 체류의 불가피성 여부",,,,,"6개월 범위 내
F-1-6 자격의 체류허가 기간은 자격변경일로부터 1년까지",,,,,,,,"[필수서류]
- 신청서(별지 제34호 서식), 여권 및 외국인등록증, 사진 1매, 수수료
- 신원보증서
- 이혼 사실이 기재된 혼인관계 증명서
- 체류 불가피성에 대한 소명자료(사유서, 재산분할 관련 입증자료 등)
- 기타 심사에 필요하다고 인정되는 서류
- 체류지 입증서류(임대차계약서, 숙소제공 확인서, 체류기간 만료예고 통지우편물, 공공요금 납부영수증, 기숙사비 영수증 등)","이혼했는데 재산정리 때문에 한국에 더 있어야 해요. 자격 바꿀 수 있나요?
얼마나 더 머물 수 있어요?
소명자료는 뭐 내요?",F-1-6 혼인단절 결혼이민자 (p. 336~337),국내 가족 초청 또는 친척 방문,"F-2 거주, F-6 결혼이민 (사실혼 등)",본인이 동반자격,"방문동거, 가족, 친척",완료,"[3차요약] F-1-6 혼인단절 결혼이민자(F-6-3 미해당): 재산분할·가사정리 사유, 6개월 범위, 변경일로부터 1년까지 (p.342~343)."
F-1 (F-1-13),F-1,체류,체류자격 변경,고등학교 이하 유학(D-4-3) 사증발급 대상 교육기관에서 입학허가를 받았거나 재학 중인 외국인유학생의 2촌 이내의 친인척으로서 국내에 현재 합법체류 중인 자,,"국내 체류 비용 부담능력: 1년 간 생활비는 외국인 유학생의 연간 생활비 기준액의 2배 상당 금액(1인 기준)
일정 수준 이상의 재정능력 보유(불법체류 다발국가 국민): 연간 소득이 전년도 GNI 이상이거나, 자산이 국민기초생활보장법에 따른 중위 수준 이상",체류지 관할 청(사무소·출장소)에서 권한 위임,,,체류기간 2년 이내 허가(외국인유학생 체류기간 범위 내),체류기간 2년 이내 허가(외국인유학생 체류기간 범위 내),"단기체류자격 소지자, 기술연수(D-3), 비전문취업(E-9), 선원취업(E-10), 기타(G-1), 방문취업(H-2) 자격 소지자는 체류자격변경 불가
최근 5년 이내 출입국관리법 등 위반으로 200만원 이상의 벌금형 또는 통고처분, 강제퇴거 또는 출국명령 처분을 받은 사실이 있는 자는 사증(사증발급인정서)발급 제한
정부기관·지방자치단체 초청 장학생은 부모 동반 사증 발급 불가(원칙)
유학생의 유학경비를 부모의 체류비용 및 재정능력 심사자료로 중복 사용 불가",,,,,,,"[필수서류]
- 신청서(별지 34호 서식), 여권, 외국인등록증(해당자), 표준규격사진 1매, 수수료
- 외국인유학생 입학허가서 또는 재학증명서
- 가족관계 입증서류(원본 및 번역본 첨부 원칙, 부모의 영문성명을 알 수 있는 여권 사본 등)
- 국내 체류비용 부담능력 입증서류(3개월 이상 계속 예치된 기준 이상 금액의 잔고증명서 등)
- 재정능력 입증서류(불법체류 다발국가 국민에 한함) - 원천징수영수증, 부동산소유증명, 부동산거래계약서 등","아이가 한국에서 초·중·고 다니는데 부모도 같이 머물 수 있어요?
어떤 학교 다녀야 부모 동반이 가능한가요?
체류비용은 얼마나 있어야 해요?",F-1-13 외국인유학생 동반부모 (p. 337~339),국내 가족 초청 또는 친척 방문,"F-2 거주, F-6 결혼이민 (사실혼 등)",본인이 동반자격,"방문동거, 가족, 친척",완료,"[3차요약] F-1-13 외국인유학생(D-4-3 초중고) 2촌 이내 친인척 동반: 생활비 2배·재정능력 GNI 이상, 체류기간 2년 이내(유학생 범위), D-3/E-9/E-10/G-1/H-2 변경 불가 (p.343~344)."
F-1 (F-1-D),F-1,체류,체류자격 변경,"단기체류자격(B-1, B-2, C-3)으로 국내 체류 중인 외국인",,"해외 사업체 소유자 또는 해외 기업에 소속된 외국인으로서 원격근무가 가능한 자 중 1년 이상 동일 업종에 근무한 자 및 그 가족

대상: 해외 사업체 소유자 또는 해외 기업 소속 외국인으로 원격근무 가능, 1년 이상 동일 업종 근무
연령: 만 18세 이상(동반가족 자녀는 예외)
소득: 한국은행 고시 전년도 1인당 국민총소득(GNI)의 2배 이상",,,,,,,,,,,,,"[공통서류]
- 사증발급신청서(별지 제17호 서식), 여권, 표준규격사진 1매, 수수료

[필수서류]
- 재직증명서(동일 업종에 1년 이상 종사 입증 필요)
- 급여명세서, 잔고증명 등 소득 증빙 서류
- 범죄경력증명서, 의료보험 가입 증명서
- 가족관계 입증서류(가족 동반시)
- 기타 출입국관서의 장이 심사에 필요하다고 인정하는 서류","해외 회사 일하면서 한국에 살고 싶은데 어떤 비자 받아요?
원격근무자 비자는 소득이 얼마나 있어야 해요?
가족도 같이 데려올 수 있나요?",F-1-D 디지털노마드(워케이션) 비자 (p. 339~342),국내 가족 초청 또는 친척 방문,"F-2 거주, F-6 결혼이민 (사실혼 등)",본인이 동반자격,"방문동거, 가족, 친척",완료,"[3차요약] F-1-D 디지털노마드(워케이션): B-1/B-2/C-3 → F-1-D. 해외 사업체/기업 원격근무자, 1년 이상 동일 업종, 만 18세 이상, GNI 2배 이상. 가족 동반 가능 (p.347~348)."
F-1,F-1,체류,체류기간 연장,국내 친·인척 방문목적 입국자 또는 중국동포1세 및 그 존비속이 친척방문으로 입국한 경우,,국내친척 등의 신원보증이 있어야 함(중국동포1세 등),,,,,"중국동포1세 및 친척방문 입국자: 허가일로부터 1년 범위, 계속 체류 허용하되 1년씩 체류연장 허가",,,,,,,,"[공통서류]
- 신청서(별지 34호 서식), 여권 및 외국인등록증, 수수료

[필수서류]
- 국내 친·인척의 주민등록본
- 신원보증서(20세 이상인 자에 한함)
- 동포1세 또는 가족, 친척관계임을 입증할 수 있는 가족관계기록사항에 관한 증명서, 기타 신분관계자료(중국동포 해당)
- 호구부, 거민증 등 기타 본인신분을 확인 할 수 있는 서류(중국동포 해당)
- 체류지 입증서류(임대차계약서, 숙소제공 확인서, 체류기간 만료예고 통지우편물, 공공요금 납부영수증, 기숙사비 영수증 등)","한국 친척 만나러 왔다가 더 머물려면 뭐 내요?
신원보증서는 꼭 필요해요?
중국동포 1세는 어떤 서류가 더 있나요?",F-1 방문동거 / 체류기간 연장 (p. 41),국내 가족 초청 또는 친척 방문,"F-2 거주, F-6 결혼이민 (사실혼 등)",본인이 동반자격,"방문동거, 가족, 친척",완료,"[3차요약] F-1 친·인척 방문/중국동포 1세 친척방문 체류기간 연장: 국내 친척 신원보증, 1년 범위·1년씩 연장. 중국동포는 가족관계증명·호구부·거민증 추가 (p.347~348)."
F-1 (F-1-5),F-1,체류,체류기간 연장,자녀 양육지원 목적 또는 인도적 사정(중증질환·중증장애)으로 결혼이민자의 부모 등 가족(F-1-5) 사증을 발급받고 입국한 결혼이민자의 본국 가족,,,,,,,"최초 체류기간 연장(자녀 양육지원): 입국일로부터 1년 범위 내 자녀가 만 10세가 되는 해의 3월말까지
한부모 가족·다자녀 가족 특례: 자녀가 만 13세가 되는 해의 3월말까지
체류기간 연장(자녀 양육지원): 입국일로부터 3년 범위 내 자녀가 만 10세(특례 13세)가 되는 해의 3월말까지 최대 1년씩
인도적 사정: 입국일로부터 1년 범위 내(최초)/3년 범위 내(연장) 인도적 사정이 지속될 때까지
장애인증명서의 종합 장애 정도란에 중증장애 또는 장애 정도가 심한 장애로 기재되어 있을 경우 중증장애로 인정",취학의무 불이행 시 연장 제한: 자녀가 취학연령에 해당하지만 초청인이 취학의무를 이행하지 않을 경우 체류기간 연장허가 제한,,,,,,,"[공통서류]
- 통합신청서, 여권, 체류지 입증서류, 표준규격 사진, 수수료
- 비취업서약서(외국인등록 및 최초 체류기간 연장 시)

[필수서류]
- 국내 가족관계 증명서류: 초청인의 기본증명서, 가족관계증명서, 혼인관계증명서, 주민등록표(등본), 자녀명의 가족관계증명서(임신한 경우 임신진단서 또는 산모수첩)
- 자녀가 2명 이상일 경우에는 모든 자녀의 가족관계증명서 제출
- 자녀가 양자의 경우 초청인의 입양관계증명서 추가 제출
- 자녀가 친양자의 경우 친양자입양관계증명서 추가 제출(체류기간 연장 시)
- 자녀가 취학연령인 경우 재학증명서(체류기간 연장 시)
- 중증 질환·장애 증명서류: 중증질환(중증난치질환) 또는 산정특례 사실이 기재된 진료비 영수증 등, 장애인증명서 등(인도적 사정의 경우)","딸이 한국인이랑 결혼했는데 아이 봐주러 한국 가서 얼마나 머물 수 있어요?
한부모 가정이면 더 오래 있을 수 있나요?
중증질환 가족 돕기 위해 가는 경우는 어떻게 해요?",F-1-5 결혼이민자의 부모 등 가족 (p. 346),국내 가족 초청 또는 친척 방문,"F-2 거주, F-6 결혼이민 (사실혼 등)",본인이 동반자격,"방문동거, 가족, 친척",완료,"[3차요약] F-1-5 결혼이민자의 부모 등 가족: 자녀 양육지원(만 10세, 한부모·다자녀 특례 13세), 인도적 사정(중증질환·장애). 취학의무 미이행 시 연장 제한 (p.351~352)."
F-1,F-1,체류,재입국허가,방문동거(F-1) 자격으로 외국인등록을 필한 자,,"등록을 필한 외국인이 출국한 날부터 1년 이내에 재입국하려는 경우 재입국허가 면제
체류기간이 1년보다 적게 남아있는 경우 체류기간 범위 내에서 재입국허가 면제",,,복수재입국허가: 출국 후 체류기간 범위 내에서 1년을 초과하여 2년 내에 재입국 가능,,복수재입국허가: 출국 후 체류기간 범위 내에서 1년을 초과하여 2년 내에 재입국 가능,"사우디아라비아, 이란, 리비아는 복수재입국제한(단, 동 국가의 국민 중 결혼이민(F-6), 유학(D-2), 일반연수(D-4)는 가능)
입국규제 및 사증발급규제자는 체류지 관할 청(사무소·출장소)에 방문하여 재입국허가를 받아야 함","1년 이내 재입국허가 면제
체류기간이 1년 미만일 경우 체류기간 범위 내 면제",,,,,,"[필수서류]
- 신청서(별지 34호서식), 여권 원본, 외국인등록증, 수수료(복수재입국허가 시)","방문동거로 잠깐 출국했다 다시 들어오려면 어떻게 해요?
1년 안에 돌아오면 따로 허가 필요없어요?
이란·사우디 국민은 복수재입국 안 되나요?",F-1 방문동거 / 재입국허가 (p. 200),국내 가족 초청 또는 친척 방문,"F-2 거주, F-6 결혼이민 (사실혼 등)",본인이 동반자격,"방문동거, 가족, 친척",완료,"[3차요약] F-1 재입국허가: 1년 이내 면제, 1년 초과~2년 내는 복수재입국허가(수수료 부담). 사우디·이란·리비아는 복수재입국 제한(F-6·D-2·D-4 예외). (p.355~356)"
F-1,F-1,체류,외국인등록,방문동거(F-1) 자격으로 국내 체류하는 외국인. 외국인유학생 동반부모(F-1-13)도 포함,,,,,,,,,,,,,,,"[공통서류]
- 신청서(별지34호 서식), 여권원본, 표준규격사진1장(F-1-13은 사진 6개월 내 촬영 반명함), 수수료

[필수서류]
- 체류지 입증서류

[기타서류]
- 외국인유학생 동반부모(F-1-13)는 추가로 가족관계 입증서류(원본 및 번역본 첨부, 호구부, 출생증명서 등), 외국인유학생 재학증명서(또는 학교장 직인이 날인된 학비 납부 내역서), 외국인유학생 외국인등록증 사본(외국인유학생이 외국인등록자인 경우)","방문동거로 들어와서 외국인등록할 때 뭐 가져가요?
유학생 부모로 등록할 때 추가로 뭐 필요해요?
사진 규격은 어떻게 돼요?",F-1 방문동거 / 외국인등록 (p. 350),국내 가족 초청 또는 친척 방문,"F-2 거주, F-6 결혼이민 (사실혼 등)",본인이 동반자격,"방문동거, 가족, 친척",완료,[3차요약] F-1 외국인등록: 신청서·여권·사진·수수료·체류지 입증서류. 유학생 동반부모(F-1-13)는 가족관계/유학생 재학증명서/외국인등록증 사본 추가 (p.355~356).
F-2,F-2,체류,체류자격 변경,"영주자격을 부여받기 위하여 국내 장기체류하려는 자

국가공무원법 또는 지방공무원법에 따라 공무원으로 임용된 사람으로서 법무부장관이 인정하는 사람

국민과의 혼인관계 단절 후 한국인 배우자와 사이에 출생한 자녀를 성년이 될 때까지 국내에서 양육한 외국인 부 또는 모

거주(F-2) 자격 변경 및 연장 허가 예정자 중 국내법 위반 사실이 확인된 자","'22.7월부터 거주(F-2)자격 취득 및 연장 예정자를 대상으로 법질서 교육 등 준법시민교육 실시
법 위반 기간: 자격변경 신청 시 신청일로부터 10년 이내, 체류기간 연장 시 신청일로부터 5년 이내
사건종결일(불기소처분일, 벌금 등 납부일)부터 10년 경과(자격변경 신청자) 및 5년 경과(체류기간 연장 신청자) 시 제외","가. 국민의 미성년 외국인 자녀 또는 영주(F-5) 체류자격을 가지고 있는 사람의 배우자 및 그의 미성년 자녀
나. 국민과 혼인관계(사실상의 혼인관계 포함)에서 출생한 사람으로서 법무부장관이 인정하는 사람
다. 난민의 인정을 받은 사람
라. 외국인투자 촉진법에 따른 외국투자가 등 (50만 달러 이상 투자한 외국인으로서 D-8 자격으로 3년 이상 계속 체류, 50만 달러 이상 투자한 외국법인이 국내 외국인투자기업에 파견한 임직원으로 3년 이상 계속 체류, 30만 달러 이상 투자한 외국인으로서 2명 이상의 국민을 고용)
마. 영주(F-5)자격을 상실한 사람 중 국내 생활관계의 권익보호 등을 고려하여 법무부장관이 인정하는 사람(강제퇴거된 사람 제외)
바. 외교(A-1)부터 협정(A-3)까지의 체류자격 외의 체류자격으로 대한민국에 5년 이상 계속 체류하여 생활 근거지가 국내에 있는 사람으로 법무부장관이 인정하는 사람
아. 국가공무원법 또는 지방공무원법에 따라 공무원으로 임용된 사람
자. 나이, 학력, 소득 등이 법무부장관이 정하여 고시하는 기준에 해당하는 사람(점수제 우수인재)
차. 투자지역, 투자대상, 투자금액 등 법무부장관이 정하여 고시하는 기준에 따라 부동산 등 자산에 투자한 사람(관광·휴양시설 투자)
카. 법무부장관이 대한민국에 특별한 기여를 했거나 공익의 증진에 이바지했다고 인정하는 사람
타. 자목부터 카목까지의 규정에 해당하는 사람의 배우자 및 자녀
파. 국가균형발전 특별법에 따른 인구감소지역 등에서의 인력 수급과 지역 활력 회복을 지원하기 위해 법무부장관이 고시하는 기준에 해당하는 사람

신청자의 체류자격: 신청일 현재 자녀양육(F-6-2) 자격으로 적법하게 체류
국내 계속 체류기간: 국민의 배우자(F-6-1), 자녀양육(F-6-2), 혼인단절(F-6-3) 자격으로 5년 이상 계속하여 국내체류
국내 생활기반: 신청인(자녀양육자)과 자녀 모두 신청일 기준 5년 이내 해외에서 체류한 기간이 국내에서 체류한 기간을 초과하지 않아야 함
자녀양육: 자녀와 동거하며 실제 자녀를 양육

자격변경 신청 시기: 자녀가 민법상 성년이 되기 4개월 전부터 자녀양육(F-6-2) 자격 체류기간 만료일까지
국내 정주 기본 요건: 품행단정, 생계유지능력(기준 중위소득의 40%), 기본소양(사회통합프로그램 4단계 이상 교육 이수)","이민통합지원센터에서 교육이수자에 대한 이수확인서 발급, ICRM 참고사항에 '준법시민교육 교육이수 완료' 기재
체류담당자는 반드시 '교육이수 완료' 확인 후 자격변경 및 연장 허가
교육신청(사회통합정보망 개선 전):
방문신청: 체류담당자가 준법시민교육(3시간) 안내 및 신청 접수 후 접수증 교부(교육신청서를 취합하여 이민통합지원센터에 전달)
e-mail신청: 신청인이 관할 출입국관서의 이민통합지원센터의 e-mail로 교육 신청서 접수
교육신청(사회통합정보망 개선 후): 사회통합정보망(www.socinet.go.kr)에서 온라인 신청
지침 시행 후 준법시민교육대상자가 최초 연장 신청 시 다음 연장 시까지 준법시민교육 이수하도록 안내, 그 이후(2회부터) 법 위반사항 적발 시 준법시민교육 이수해야 연장 가능",,,1회 부여 체류기간 상한 5년,,,"신청인과 자녀 중 중증질환 또는 중증장애가 있는 경우 생계유지능력 요건 면제
최초 시행일(2021.01.28.) 이전 자녀 성년 도래로 신청할 수 없었던 사람은 2022.01.27.까지 체류허가 신청 허용

교육 제외 대상(거주(F-2) 자격변경 및 연장 허가 가능):
1) 과거 ""준법시민교육""을 이수한 자로서 추가 법위반 사실이 없는 자
2) 법위반 횟수가 1회 이하이며 불기소처분 또는 100만 원 이하의 벌금·범칙금·과태료를 부과받은 자(처분·부과 면제 포함)",,,,,,"[필수서류]
- 신청서(별지 34호 서식), 여권, 외국인등록증(해당자), 표준규격사진 1매, 수수료
- 공무원증 또는 공무원 임용예정 확인서
- 신원보증서

[공통서류]
- 여권, 표준규격 사진, 수수료, 통합신청서, 체류지 입증서류

[필수서류]
- 자녀양육 관련: 자녀명의 주민등록표, 자녀양육에 지출된 비용 확인 서류 등
- 생계유지능력: 소득금액증명, 객관적 증빙서류(급여내역, 매출·비용 관련 서류 등)
- 기본소양: 사회통합프로그램 교육확인서, 한국어와 한국문화시험 합격증(KLCT) 등","한국에서 영주권 받기 전에 장기로 머무는 자격은 어떤 거예요?
한국인 배우자 자녀나 영주권자 가족도 받을 수 있어요?
난민으로 인정받으면 어떤 자격으로 바뀌나요?

한국 공무원으로 채용됐는데 어떤 자격으로 머물 수 있어요?
공무원증만 있으면 되나요?
임용예정 단계에서도 신청 가능해요?

한국인 자녀 키우면서 살았는데 아이가 성인이 된 후에도 한국에서 살 수 있어요?
어떤 자격에서 5년 살아야 신청 가능해요?
소득은 얼마나 있어야 해요?

거주 비자 받았는데 법 위반한 적 있으면 어떤 교육 받아요?
벌금 100만원 이하면 교육 안 받아도 되나요?
준법시민교육은 어디서 신청해요?",F-2 거주 / 활동범위 및 해당자 (p. 350~351),점수제 80점·고소득·재외동포·난민 등 트랙별,F-5 영주,F-1 동반가족,"거주, 장기거주, 점수제",완료,"[3차요약] F-2 거주: 영주(F-5) 전 장기체류 자격, 가~파목 13분류 (국민·영주 미성년/배우자, 난민, 투자, 영주자격 상실자, 5년 이상 체류자, 공무원 등). 1회 부여 5년 상한. 준법시민교육(법위반자) 의무 (p.357~358)."
F-2 (F-2-99),F-2,체류,체류자격외 활동허가,기타 장기체류자(F-2-99),,"거주자격 취득 직전 체류자격에 해당하는 분야의 취업 등의 활동을 하면서 다른 취업활동을 하고자 하는 경우: 체류자격외 활동허가 불요
거주자격 취득 직전 체류자격 분야의 활동을 하지 않고 다른 취업활동을 하고자 하는 경우: 체류자격외 활동허가 필요
동반가족(배우자/미성년 자녀)으로 F-2-99 자격을 받은 사람이 취업활동을 하고자 하는 경우: 체류자격외 활동허가 필요

취업활동은 출입국관리법 시행령 별표 1 중 5. 단기취업(C-4), 별표 1의2 중 14. 교수(E-1)부터 22. 선원취업(E-10), 29. 방문취업(H-2) 체류자격상의 취업활동으로 한정",,,,,,"취업제한 분야: 사행행위 영업, 단란주점·유흥주점 영업, 풍속영업 중 선량한 풍속에 반하는 영업, 청소년 출입·고용금지업소, 개인과외 교습 행위",,,,,,,,"기타 장기거주 자격으로 한국 살고 있는데 일 바꿀 수 있어요?
동반가족인데 취업해도 되나요?
어떤 직종은 절대 안 되나요?",F-2-99 기타 장기거주자 / 체류자격외 활동 (p. 351~352),점수제 80점·고소득·재외동포·난민 등 트랙별,F-5 영주,F-1 동반가족,"거주, 장기거주, 점수제",완료,"[3차요약] F-2-99 자격외활동: 직전 자격 분야 활동 유지 시 별도 허가 불요(시행령 23조), 다른 분야 취업 또는 동반가족 취업은 허가 필요. 단란주점·유흥·풍속·청소년 금지업소·개인과외는 금지 (p.358~360)."
F-2 (F-2-7),F-2,체류,체류자격외 활동허가,점수이민제 우수인재(F-2-7)의 동반가족,,우수인재 비자 소지자가 연간 소득요건을 충족하는 경우 동반가족도 거주가족(F-2-71)을 받은 후 취업 가능(시행령 23조 제2항에 규정된 취업활동에 한함),,,,,,"소득요건 미충족 시 동반가족은 방문동거(F-1) 자격으로 체류 가능하나 취업 및 영리활동 금지
취업제한 분야 또는 국내 노동시장·사회경제질서에 부정적 영향을 미칠 수 있는 직종에 취업한 경우, 체류기간 연장 제한 또는 체류허가 취소 가능","외국어회화강사(E-2), 외국인학교교사(E-7), 국가기관·공공단체 교열요원(E-7) 요건을 갖춘 경우 사전에 체류자격외 활동허가를 받아 취업 가능",,,,,,,"점수제 우수인재 가족인데 일할 수 있어요?
배우자도 무조건 일이 가능한가요?
어떤 일은 금지돼요?",F-2-7 점수제 우수인재 / 동반가족 취업 (p. 352),D-7~E-7 또는 D-10 자격 + 점수제 80점 이상,F-5-1 영주,F-1-12 자녀,"점수제 거주, 우수인재",완료,[3차요약] F-2-7 동반가족 취업: 주체류자(우수인재) 연소득 요건 충족 시 거주가족(F-2-71)으로 시행령 23조 취업 가능. 미충족 시 F-1 체류(취업 금지). E-2/E-7 등은 사전 자격외 활동허가 (p.359~360).
F-2,F-2,체류,체류자격 부여,영주(F-5) 자격을 가진 자의 한국인배우자가 그 배우자의 국적을 취득하여 대한민국 국적을 상실한 때 또는 점수제 우수인재(F-2-7)의 국내 출생 자녀,,"점수제 우수인재(F-2-7, F-2-7S)의 미성년 자녀로 국내에서 출생
결격사유에 해당하지 않을 것
부 또는 모가 F-2-7 또는 F-2-7S 체류자격으로 합법체류 중일 것",,,,,"F-5 자격 한국인배우자 국적상실: F-2 1년
점수제 우수인재 국내 출생 자녀: 부 또는 모의 체류자격 및 체류기간과 동일
F-2-7S의 자녀: F-2-71 자격으로 주체류자의 체류기간(5년동안) 동일 부여","부 또는 모가 단기 체류자격(B-1, B-2, C-3)으로 입국하여 국내에서 출생한 자녀는 장기 체류자격 부여 불가, 출국 후 관련 비자를 받고 입국하여야 함",,,,,,,"[필수서류]
- 신청서(별지 34호 서식), 여권, 표준규격사진 1매, 수수료
- 국적취득증명서(영주권자 한국인배우자의 국적상실 경우)
- 출생증명서, 신원보증서(점수제 우수인재 국내 출생 자녀의 경우)
- 체류자격 변경 심사 서류와 동일","한국에서 외국인 자녀 낳았는데 거주자격 부여받으려면 뭐 내요?
부모가 점수제 우수인재인데 한국에서 낳은 아이는 어떤 자격을 받아요?
영주권자였다가 한국 국적 잃은 배우자는 어떻게 머물 수 있어요?",F-2 거주 / 체류자격 부여 (p. 352~354),점수제 80점·고소득·재외동포·난민 등 트랙별,F-5 영주,F-1 동반가족,"거주, 장기거주, 점수제",완료,[3차요약] F-2 자격 부여: ① 영주권자 한국인 배우자의 국적상실 시 F-2 1년 부여. ② 점수제 우수인재 국내 출생 자녀: 부/모 체류기간과 동일(F-2-7S 자녀는 5년 F-2-71) (p.360~362).
F-2 (F-2-2),F-2,체류,체류자격 변경,국민의 미성년 외국인자녀 또는 국민과의 혼인관계(사실상의 혼인관계 포함)에서 출생한 자녀,,,,,,,,"재외동포(F-4) 자격부여 제한 대상자는 제외
병역 이행 또는 면제처분을 받지 않은 상태에서 대한민국 국적을 이탈 또는 상실하여 외국인이 된 남성에 대해 40세 되는 해의 12월 31일까지 거주(F-2-2)자격 부여 제한",기존 방문동거(F-1-1)자격으로 체류하는 국민의 미성년 외국인 자녀에 대해서는 확인즉시 수수료 없이 거주(F-2-2)자격 변경,,,,,,"[필수서류]
- 신청서(별지 34호 서식), 여권, 표준규격사진 1매, 수수료
- 대한민국 국민과 해당 미성년자와의 관계 및 양육권 보유관계를 입증할 수 있는 서류(이혼판결문 등)
- 양육권 보유관계를 입증할 수 없을 때에는 친권자 또는 후견인의 동의서
- 국민의 외국인 자녀임을 입증할 수 있는 서류(출생증명서, 호구부 등)
- 자녀의 호구부 및 거민신분증
- 부모의 기본증명서, 가족관계증명서, 주민등록등본
- 신원보증서(양육권을 가진 부 또는 모)","한국인 부모 자녀인데 한국에서 어떤 자격으로 살 수 있어요?
국적이탈한 남성도 변경 가능한가요?
양육권 입증 못하면 어떻게 해요?",F-2-2 국민의 미성년 외국인자녀 (p. 354~355),점수제 80점·고소득·재외동포·난민 등 트랙별,F-5 영주,F-1 동반가족,"거주, 장기거주, 점수제",완료,[3차요약] F-2-2 국민의 미성년 외국인자녀 변경: 국민과의 혼인관계(사실혼 포함) 출생자녀 포함. F-1-1로 체류 중인 자녀는 수수료 없이 즉시 변경. 국적이탈 남성 40세까지 제한 (p.361~362).
F-2 (F-2-3),F-2,체류,체류자격 변경,영주(F-5) 자격 소지자의 배우자 및 미성년 자녀,,,,,,,,,"영주(F-5)자격 소지자 본인이 영주자격 변경 시 범죄경력증명서를 이미 제출한 경우 본인에 한해 제출 생략 가능 (단, 영주자격 변경 후 해외에서 6개월 이상 체류한 경우 제출 필요)",,,,,,"[필수서류]
- 신청서(별지 34호 서식), 여권, 표준규격사진 1매, 수수료
- 국내 배우자의 신원보증서
- 초청장
- 혼인배경 진술서
- 양국간 혼인관계 입증서류(결혼증명서, 가족관계 기록에 관한 증명서)
- 재정(소득) 입증관련 서류(재직증명서, 부동산 등기부등본, 예금잔고증명서 등)
- 교제경위서, 신용정보조회서(전국은행연합회 발행)
- 국적국 또는 거주국의 관할 기관이 발급한 혼인당사자 쌍방의 범죄경력에 관한 증명서
- 혼인당사자 쌍방의 건강진단서
- 과거 혼인기록이 있는 경우 혼인 해소 여부를 입증할 수 있는 서류(이혼증 등)
- 미성년 자녀의 경우 가족관계 입증 서류(출생증명서, 결혼증명서, 호구부 등)","배우자가 한국 영주권자인데 저도 한국에 거주하려면 어떤 자격이에요?
영주권자 배우자 자녀도 받을 수 있나요?
범죄경력 증명서는 어디서 받아요?",F-2-3 영주자격 배우자 및 미성년 자녀 (p. 355~357),점수제 80점·고소득·재외동포·난민 등 트랙별,F-5 영주,F-1 동반가족,"거주, 장기거주, 점수제",완료,"[3차요약] F-2-3 영주권자 배우자·미성년 자녀: 혼인관계 입증, 재정능력, 신원보증서, 교제경위서, 범죄경력증명서. 영주(F-5) 소지자 본인이 영주변경 시 이미 제출한 경우 본인 제출 생략 (p.362~364)."
F-2 (F-2-5),F-2,체류,체류자격 변경,외국인투자촉진법에 따른 외국인투자가,,"미화 50만 달러 이상을 투자한 외국인으로서 기업투자(D-8) 체류자격으로 3년 이상 계속 체류하고 있는 사람
미화 50만 달러 이상을 투자한 외국법인이 외국인투자촉진법에 따른 국내 외국인투자기업에 파견한 임직원으로서 3년 이상 계속 체류
미화 30만 달러 이상을 투자하여 2명 이상의 국민을 고용하고 있는 사람",,,,,,,,,,,,,"[필수서류]
- 신청서(별지 34호 서식), 여권 및 외국인등록증, 수수료
- 투자기업등록증 사본(50만 달러 이상 투자한 외국인)
- 파견명령서 또는 재직증명서 또는 소득금액증명원(3년간)(파견 임직원의 경우)
- 외국인 투자신고서 또는 투자기업등록증 사본, 피고용인 고용계약서 또는 소득금액증명원(30만 달러 이상 투자한 외국인)","한국에 큰돈 투자했는데 거주자격으로 바꿀 수 있어요?
얼마 투자해야 자격되나요?
국민 몇 명 고용해야 30만 달러 투자로 자격받나요?",F-2-5 고액투자자 (p. 351),점수제 80점·고소득·재외동포·난민 등 트랙별,F-5 영주,F-1 동반가족,"거주, 장기거주, 점수제",완료,[3차요약] F-2-5 고액투자자: 50만달러+D-8 3년 / 50만달러 파견 임직원 3년 / 30만달러+국민 2명 고용 중 하나 충족 (p.363~364).
F-2 (F-2-7),F-2,체류,체류자격 변경,"점수제 우수인재 거주자격 신청자

점수제 우수인재(상장법인 종사자, 유망산업분야 종사자, 전문직 종사자, 유학인재, 잠재적 우수인재 F-2-7S, 동반가족)",,평가항목별 배점의 합산 점수가 80점 이상일 것,,,,,,,"해외범죄경력서 제출 면제: 대한민국에서 태어난 후 해외에서 6개월 이상 연속 체류하지 않은 사람, 과거 본국 범죄경력증명서를 제출한 사람으로 해외에서 6개월 이상 연속 체류하지 않은 사람, 재외공관 사증발급 시 범죄경력증명서 제출 후 3개월 이내 자격변경 신청자",,"평가항목 최대 170점 인정 (공통항목 최대 130점 + 가·감점 항목 최대 40점, 감점 최대 -80점)
공통항목(최대 130점): 나이(최대 25점), 학력(최대 25점), 기본소양(최대 20점), 연간 소득(최대 60점)
나이: 25-29세 25점, 18-24세 23점, 30-34세 23점, 35-39세 20점, 40-44세 12점, 45-50세 8점, 51세 이상 3점
학력: 박사(이공계/2개 이상) 25점, 박사(이공계 외) 20점, 석사(이공계/2개 이상) 20점, 석사(이공계 외) 17점, 학사(이공계/2개 이상) 17점, 학사(이공계 외) 15점, 전문학사(이공계) 15점·10점
기본소양 한국어능력: TOPIK 5급 이상/사회통합 5단계 20점, 4급/4단계 15점, 3급/3단계 10점, 2급/2단계 5점, 1급/1단계 3점
연간소득: 1억원 이상 60점, 9천만~ 58점, 8천만~ 56점, 7천만~ 53점, 6천만~ 50점, 5천만~ 45점, 4천만~ 40점, 3천만~ 30점, 최저임금~ 10점
가점항목(최대 40점): 한국전 참전국 우수인재 추천 20점, 중앙행정기관 추천 20점, 사회통합프로그램 5단계 이상 10점, QS 500위 이내 또는 THE 200위 이내 대학 학위, 국내대학 학·석·박사, 사회봉사 실적(3년 이상 18회·150시간 7점, 3년 미만 12회·100시간 5점, 2년 미만 6회·50시간 1점)
감점항목(최대 -70점): 출입국관리법 위반 300만원 이상 또는 출국명령/강제퇴거 -30점, 100만원 이상 -20점, 50만원 이상 -10점, 형사처벌 벌금형 200만원 이상 -30점, 200만원 미만 -20점, 형사처벌(금고 이상) -40점

[표]
점수제 우수인재(F-2-7) 평가항목별 배점표",,,,"[공통서류]
- 신청서, 여권, 외국인등록증, 사진, 수수료, 체류지 입증서류
- 해외범죄경력증명서(연장신청시 6개월 이상 해외체류시에만 제출), 고용계약서

[필수서류]
- 신청인이 해당하는 점수를 기재한 점수표
- 평가 항목별 점수를 입증하는 서류
- 가족관계 소명 서류(출생증명서 포함), 결핵검진 확인서, 학위취득(예정)증명서 또는 졸업(예정)증명서
- 이공계 특성화 대학 총장 추천서(잠재적 우수인재 F-2-7S의 경우)
- 재직증명서, 사업자등록증, 법인등기부등본, 소득금액증명 등(해당자)","점수제 우수인재 비자 점수는 어떻게 계산해요?
한국어 시험 점수가 점수에 어떻게 반영돼요?
형사처벌 받으면 감점이 얼마나 돼요?

점수제 우수인재 자격변경하려면 무슨 서류 내요?
범죄경력증명서는 꼭 제출해야 해요?
해외에서 발급받은 서류는 어떻게 인증받나요?",F-2-7 점수제 우수인재 / 점수표 (p. 362),D-7~E-7 또는 D-10 자격 + 점수제 80점 이상,F-5-1 영주,F-1-12 자녀,"점수제 거주, 우수인재",완료,
F-2 (F-2-8),F-2,체류,체류자격 변경,"관광·휴양시설 투자이민제도에 따라 기준금액 이상 투자한 외국인 또는 법인의 현직임원, 주주와 그 배우자, 미혼자녀",,"투자대상 체류시설에 기준금액 이상 본인의 자금으로 투자한 외국인 또는 법인의 현직임원, 주주와 그 배우자, 미혼자녀: 거주(F-2) 대상자
투자시설에 계약금과 중도금으로 미화 10만불 이상 또는 1억원 이상을 본인의 자금으로 투자한 외국인: 방문동거(F-1) 대상자

본인의 해외 자본을 본인 명의로 송금, 수령하여 투자하여야 함
국내에서 합법적으로 형성한 소득 또는 국내 자산을 매각하여 투자한 경우 예외적으로 인정(불법체류 중 형성된 국내 소득과 자산은 불인정)
투자시설이 임대·담보·압류 등을 하지 않아야 하며, 수익활동에 활용하지 않아야 함",사전심사 후 6개월 이내에 국내 외국환은행을 통해 투자금 반입,,,,"투자대상 지역: 강원 정동진, 전남 화양지구, 강원 평창 알펜시아, 인천경제자유구역, 제주특별자치도, 전남 여수경도, 부산 해운대관광리조트·동부산관광단지
투자금액: 지역별 5억~10억 원 이상","국내법 위반 결격사유에 해당하지 않아야 함(금고 이상 실형 종료 5년 미경과, 집행유예 5년 미경과, 300만원 이상 벌금형 3년 미경과, 강제퇴거 7년 미경과, 출국명령 5년 미경과, 출입국관리법 위반 범칙금 등)",,"분양회사 신고의무: 영주자격 취득 전 투자금 회수 시 14일 이내 신고
분양회사 현황 통보의무: 매월 말일 기준 투자현황을 익월 5일까지 공문 통보",,,,,"[필수서류]
- 신청서(별지 34호 서식), 여권, 외국인등록증(해당자), 표준규격사진 1매, 수수료
- 부동산 매매계약서, 부동산 등기부등본(F-2 대상자에 한함)
- 분양회사 발행 회원증서·회원확인서·입금영수증(회원의 경우)
- 미분양주택 공실 확인서, 해당주택 전입세대 열람내역(미분양주택 투자자)
- 외환반입 관련 입증서류(국내 외국환은행 발급 외화송금 전신문, 외국환매입증명서 등)
- 가족관계 증명서(배우자·미혼 자녀의 경우)
- 국적국 또는 거주국의 해외범죄경력증명서(신청일 6개월 이내 발급)","제주에 콘도 사면 거주자격 받을 수 있어요?
부동산 투자로 한국에 살려면 얼마부터 가능해요?
가족도 같이 자격받나요?",F-2-8/F-2-81 관광·휴양시설 투자 (p. 365~366),점수제 80점·고소득·재외동포·난민 등 트랙별,F-5 영주,F-1 동반가족,"거주, 장기거주, 점수제",완료,"[3차요약] F-2-8 관광·휴양시설 투자: 기준금액 이상 투자 시 F-2, 10만불/1억원 이상 계약금·중도금 투자 시 F-1. 사전심사 후 6개월 이내 국내 외국환은행 통한 투자금 반입 (p.371~372)."
F-2 (F-2-12),F-2,체류,체류자격 변경,"법무부장관이 정한 공익사업 투자대상에 기준금액 이상 투자한 외국인 또는 법인의 임원, 주주와 그 동반가족",,"일반투자이민 15억원 이상, 고액투자이민 30억원 이상(원금보장·무이자형)
관광·휴양시설 투자이민제도와 연계: 합산액이 공익사업 투자기준금액 이상이면 인정(한국산업은행 예치금 최소 500만원 이상)",사전심사 후 6개월 이내에 공익투자 전담은행을 통해 투자금 반입,,,,"원금보장·무이자형: 한국산업은행 운용 공익펀드 예치
손익발생형: 법무부장관이 지정·고시하는 지역개발사업(관광 중심 기업도시) 출자",,거주를 하지 않고 수시 방문을 희망하는 경우 3년 유효한 복수사증(C-3) 발급,,,,,,"[필수서류]
- 신청서(별지 제34호 서식), 여권사본, 사진, 수수료
- 투자금 납입 증명 서류(투자유치기관 장의 직인이 날인된 투자확인서, 계좌이체 내역서 등)
- 외화반입 관련 입증서류(공익투자 전담은행 발행 외화송금 전신문, 외국환매입증명서 등)
- 가족관계 증명서(배우자·미혼 자녀의 송금 또는 자격변경 신청에 한함)
- 국외에서 해당 투자자 명의로 법인에 투자금 송금·지불 입증 서류(법인 통한 간접투자의 경우)
- 투자한 법인의 현직 임원 또는 과점주주 입증 서류
- 국적국 또는 거주국의 해외범죄경력증명서(신청일 6개월 이내 발급)","공익사업에 투자하면 어떤 자격을 받아요?
얼마부터 일반투자이민으로 인정되나요?
원금보장형이랑 손익발생형이 뭐가 달라요?",F-2-12/13/14 공익사업투자 (p. 374),점수제 80점·고소득·재외동포·난민 등 트랙별,F-5 영주,F-1 동반가족,"거주, 장기거주, 점수제",완료,[3차요약] F-2-12 공익사업투자: 일반 15억/고액 30억(원금보장·무이자) 이상. 한국산업은행 공익펀드 또는 지정 지역개발사업 출자. 관광·휴양 투자 합산 인정 (p.381~382).
F-2 (F-2-16),F-2,체류,체류자격 변경,법무부장관이 대한민국에 특별한 기여를 했거나 공익의 증진에 이바지 했다고 인정하는 자 및 그 배우자·자녀,,"국가의 독립 및 발전 기여(훈·포장, 5년 이상 위원 위촉 등)
국제관계 개선 및 국제지위 향상 기여(외교사절, 국제기구 직책, 재외공관 5년 이상, 국제교류 증진)
사회·복지·고용 분야 기여(사회·복지 분야 3년 이상 봉사활동)
국가의 안전 및 사회질서 기여(국가기밀·첨단산업정보 유출·테러 정보 제공, 국제범죄조직 검거 공헌)
기타 분야 기여(범죄·재해·재난·사고로부터 국민의 생명 및 재산보호 기여)

품행 요건: 금고 이상 형 종료 5년 경과, 벌금형 3년 경과 등
한국어와 한국문화에 대한 기본소양 요건: 국내 3년 이상 체류, 사회통합프로그램 2단계 이상 교육 이수, 사회통합프로그램 사전평가 41점 이상, 초·중·고등학교 졸업, 대학·대학원 졸업, 검정고시 합격 중 하나 이상",,,,,,,"기본소양 요건 적용 제외: 신청 당시 민법상 미성년자
해당 요건을 갖추지 못한 경우 다음 체류기간연장 시까지 요건 충족하여야 함을 안내, 확인서 제출 후 자격변경 및 체류기간 1년 이내 연장 허가",,,,,,"[공통서류]
- 신청서, 여권, 사진, 수수료, 체류지 입증서류, 해외범죄경력서

[필수서류]
- 기본소양 입증서류
- 특별 기여 입증서류(훈·포장 증서, 추천서, 그 외 증빙 서류 등)
- 기타 심사에 필요하다고 인정하는 서류(가족관계 입증서류 등)","한국에 특별히 기여한 외국인은 어떤 자격 받아요?
봉사활동으로도 이 자격받을 수 있나요?
한국어 능력은 어느 정도여야 하나요?",F-2-16 특별기여자 (p. 351),점수제 80점·고소득·재외동포·난민 등 트랙별,F-5 영주,F-1 동반가족,"거주, 장기거주, 점수제",완료,"[3차요약] F-2-16 특별기여자: 국가독립·국제관계·복지·안전·기타 기여 인정. 한국어/한국문화 기본소양(체류 3년·사통 2단계·사전평가 41점·정규교육 졸업 중 하나) 요구, 미성년자 제외 (p.387~389)."
F-2 (F-2-99),F-2,체류,체류자격 변경,외교(A-1)부터 협정(A-3)까지의 체류자격 외의 체류자격으로 대한민국에 5년 이상 계속 체류하여 생활 근거지가 국내에 있는 사람,,"문화예술(D-1), 취재(D-5), 종교(D-6), 주재(D-7), 기업투자(D-8, 투자금액 1억원 이상), 무역경영(D-9), 예술흥행(E-6-1, 3), 교수(E-1), 회화지도(E-2), 연구(E-3), 기술지도(E-4), 전문직업(E-5), 특정활동(E-7), 방문동거(F-1, 국내 출생 대만화교에 한함), 동반(F-3-18, 기타 장기 체류자의 배우자 또는 미성년 자녀)

국내 체류기간: 자격변경 대상 체류자격으로 대한민국에 5년 이상 계속 체류 (91일 이상 해외출국 기간, 완전출국 30일 초과 기간, 불법체류·불법취업 기간 등은 제외)
체류지(주소지) 요건: 사회통념상 정상적으로 장기 거주가 가능한 체류지 확보 (고시원·모텔 등은 억제)
품행단정요건: 금고 이상 형 5년 미경과, 출입국관리법 3회 이상 위반 통고처분 500만원 이상, 300만원 이상 벌금형 3년 미경과, 허위서류 제출 등 결격사유 없을 것
생계유지 능력: 자산 2,000만원 이상, 전년도 연간소득 4,000만원 이상, 경제활동 지속
한국어와 한국문화 기본소양: 사회통합프로그램 4단계 이상 이수, 사전평가 81점 이상, 초·중·고 졸업, 대학·대학원 졸업, 검정고시 합격 중 하나",준법시민교육 시행 (국내법 위반 사실이 확인된 자),,,,시행일 '25.7.7. 적용,"단기 사증, 기타(G-1), 관광취업(H-1), 불법체류자, 출국을 위한 체류기간연장 또는 출국기한유예 중인 자는 체류자격 변경 억제","생계유지능력 심사 면제: 국내 출생 대만 화교, 국내 10년 이상 체류 중인 종교(D-6) 자격자로서 중앙행정기관 또는 지방자치단체 장의 추천을 받은 자
기본소양 요건 심사 면제: 과거 한국어능력 입증서류 제출자(사회통합프로그램 4단계 이상 준하는 한국어능력 입증), 국내 출생 대만 화교 또는 대한민국 국민이었던 자",,,,,,"[필수서류]
- 여권, 사진 1매, 수수료, 신청서 및 신청사유서
- 해외범죄경력증명서
- 생계유지 능력 입증서류(자산: 예금잔고증명, 부동산임대차계약서, 부동산등기부등본 등 / 소득: 소득금액증명원 등)
- 경제활동 지속 입증서류(취업자: 고용계약서, 재직증명서, 사업자등록증 / 사업자: 법인등기사항전부증명서, 투자기업등록증 등)
- 한국어와 한국문화에 대한 기본소양 입증서류
- 부동산 임대차 계약서 등 체류지(주거지) 입증서류","한국에 5년 이상 있었는데 더 안정적으로 살 자격 있어요?
소득 얼마부터 이 자격받을 수 있어요?
어떤 자격에서 변경 가능해요?",F-2-99 기타 장기체류자 (p. 382),점수제 80점·고소득·재외동포·난민 등 트랙별,F-5 영주,F-1 동반가족,"거주, 장기거주, 점수제",완료,[3차요약] F-2-99 기타 장기체류자 변경: D-1~D-9·E-1~E-7·F-1(대만화교)·F-3-18 자격으로 5년 이상 계속 체류 + 생계능력·기본소양·품행단정 충족. G-1·H-1·단기·불법체류자는 변경 억제 (p.389~390).
F-2,F-2,체류,체류기간 연장,"F-2-2(국민의 미성년자녀), F-2-3(영주권자의 배우자 및 미성년자녀), F-2-4(난민인정자), F-2-5(고액투자자), F-2-99(기타 장기체류자)",,,,,,,,,,,,,,,"[공통서류]
- 신청서(별지 34호 서식), 여권 및 외국인등록증, 수수료

[필수서류]
- F-2-2: 가족관계 입증 서류
- F-2-3: 혼인사실이 등재된 가족관계 기록사항에 관한 증명서, 체류지 입증서류
- F-2-4: 체류지 입증서류(임대차계약서 등)
- F-2-5/F-2-99: 신원보증서, 연간소득 관련 서류(해당자), 경제활동 입증서류(해당자), 기본소양 입증서류(해당자), 체류지 입증서류
- 기타 심사에 필요하다고 인정하는 서류","거주자격 체류기간 연장하려면 뭐 내요?
한국인 자녀라 거주자격 받았는데 가족관계 증명서가 필요해요?
영주권자 가족이라 거주자격인데 체류지 입증은 어떻게 해요?",F-2 거주 / 체류기간 연장 (p. 399),점수제 80점·고소득·재외동포·난민 등 트랙별,F-5 영주,F-1 동반가족,"거주, 장기거주, 점수제",완료,[3차요약] F-2 체류기간 연장: F-2-2/3/4/5/99 트랙별 필수서류 다름(가족관계·체류지·신원보증·소득증빙). 공통은 신청서·여권·외국인등록증·수수료 (p.399~).
F-2 (F-2-7),F-2,체류,체류기간 연장,"점수제 우수인재 체류자격 외국인(F-2-7, F-2-7S) 및 그 배우자·미성년 자녀(F-2-71, F-1-12)",,"결격사유에 해당하지 않을 것
점수표 상 배점의 합산 점수가 80점 이상인 외국인 중 합산 점수 또는 연간소득 점수 중 신청인에게 유리한 점수를 적용하여 체류기간 차등 부여
합산점수 130점 이상 또는 연간소득 50점 이상: 5년
합산점수 120-129점 또는 연간소득 45점 이상: 3년
합산점수 110-119점 또는 연간소득 40점 이상: 2년
합산점수 80-109점 또는 연간소득 30점 이하: 1년",,,,,,"신청일 이전 3년 이내 취업 제한 분야에 취업하였을 경우 체류허가 불허(취소)
신청일 이전 6개월 이내 국내 노동시장·사회경제질서에 부정적 영향을 미칠 수 있는 직종에 취업한 경우 사안에 따라 허가","유예기간: 취득 점수가 80점 미만이라도 현재 취업 중인 자로 최저임금 이상 급여 받는 경우 1년 연장 유예
실직 또는 최저임금 이하 소득 제출 시: 각서 징구 후 6개월씩 2회 체류기간 연장 허가, 3회째 미달 시 구직(D-10, 최대 1년)으로 자격변경 허용
임신, 출산, 육아휴직 등으로 소득요건 미충족 시 체류만료일로부터 1년 연장 유예
한국전 참전 우수인재: 20점 가점, 동반가족도 F-2-71
잠재적 우수인재(F-2-7S): 5년
상장법인·유망산업 종사 예정자, 유학인재 등 취업예정자로 고용계약서 제출 시 1년",,점수제 평가표에 따른 체류기간 차등 부여 (5년/3년/2년/1년),,,,,"점수제 우수인재인데 점수에 따라 체류기간이 달라져요?
실직 상태에서도 연장 가능해요?
출산 휴직 중인데 소득 조건 충족 못하면 어떻게 해요?",F-2-7 점수제 우수인재 / 체류기간 연장 차등 (p. 390),D-7~E-7 또는 D-10 자격 + 점수제 80점 이상,F-5-1 영주,F-1-12 자녀,"점수제 거주, 우수인재",완료,[3차요약] F-2-7 연장 차등 체류기간: 합산 130점/연소득 50점=5년 → 120-129/45점=3년 → 110-119/40점=2년 → 80-109/30점 이하=1년. 신청인에게 유리한 점수 적용 (p.409~410).
F-2,F-2,체류,재입국허가,거주(F-2) 자격으로 외국인등록을 필한 자,,"등록을 필한 외국인이 출국한 날부터 1년 이내에 재입국하려는 경우 재입국허가 면제
체류기간이 1년보다 적게 남아있는 경우 체류기간 범위 내에서 재입국허가 면제",,,복수재입국허가: 출국 후 체류기간 범위 내에서 1년을 초과하여 2년 내에 재입국 가능,,복수재입국허가: 출국 후 체류기간 범위 내에서 1년을 초과하여 2년 내에 재입국 가능,"사우디아라비아, 이란, 리비아는 복수재입국제한 (단, 동 국가의 국민 중 결혼이민(F-6), 유학(D-2), 일반연수(D-4)는 가능)
입국규제 및 사증발급규제자는 체류지 관할 청(사무소·출장소)에 방문하여 재입국허가",,,,,,,"[필수서류]
- 신청서(별지 34호서식), 여권 원본, 외국인등록증, 수수료(복수재입국허가 시)","거주자격으로 잠깐 출국하면 다시 들어올 때 허가 필요해요?
1년 안에 돌아오면 자동으로 면제되나요?
이란이나 사우디 국적도 복수재입국 가능해요?",F-2 거주 / 재입국허가 (p. 200),점수제 80점·고소득·재외동포·난민 등 트랙별,F-5 영주,F-1 동반가족,"거주, 장기거주, 점수제",완료,"[3차요약] F-2 재입국허가: 1년 이내 면제, 1년 초과~2년 내는 복수재입국허가(수수료 부담). 사우디·이란·리비아 복수재입국 제한 (F-6·D-2·D-4 예외) (p.425~426)."
F-2,F-2,체류,외국인등록,거주(F-2) 자격으로 국내 체류하는 외국인,,,,,,,,,,,,,,,"[공통서류]
- 신청서(별지 34호 서식), 표준규격사진 1매, 수수료

[필수서류]
- 체류지 입증서류
- 필요시 추가 서류 요구 가능","거주자격으로 외국인등록할 때 뭐 가져가요?
사진 규격은 어떻게 돼요?
체류지 입증은 어떻게 해요?",F-2 거주 / 외국인등록 (p. 401),점수제 80점·고소득·재외동포·난민 등 트랙별,F-5 영주,F-1 동반가족,"거주, 장기거주, 점수제",완료,"[3차요약] F-2 외국인등록: 신청서(별지 34호)·표준규격사진·수수료·체류지 입증서류, 필요 시 추가 서류 (p.425~426)."
F-3,F-3,체류,체류자격외 활동허가,동반(F-3) 자격으로 체류 중인 전문인력·거주·재외동포·방문취업 자격자의 배우자 또는 성년 배우자,,"전문 외국인력 자격(E-1, E-2, E-3, E-4, E-5, E-6(E-6-2 제외), E-7) 소지자의 배우자 (숙련기능인력 E-7-4 배우자 포함)
거주(F-2), 재외동포(F-4), 방문취업(H-2) 자격의 성년 배우자

허용분야: 전문직종 분야(E-1에서 E-7, E-6-2 제외), 단순노무 분야(H-2 취업범위 중 농업·임업·축산업)
허가기간: 본인 체류기간 내 최대 1년 (고용계약 체결된 경우 체류기간 내 최대 1년 범위에서 고용계약 기간 내)",,,,,,,정규교육기관(초·중·고 및 대학) 교육을 받고자 하는 때는 별도의 자격외 활동허가 불요(2009.6.15. 시행),,,,,,"[필수서류]
규칙 제76조에 의한 체류자격별 첨부서류 (신원보증서 생략)
단순노무분야 활동 시 추가:
- 표준근로계약서
- 사업자등록증 또는 법인등기부등본
- 고용주 신분증 사본
- 한국어능력 증빙서류(TOPIK 2급 또는 사회통합프로그램 2급 이상)
- 조기적응프로그램 이수 증빙서류(해당 프로그램 마련 시까지 면제)","배우자가 전문직 비자로 한국에 있는데 저도 일할 수 있어요?
동반 자격으로 한국에 있는데 취업하려면 뭐 해야 해요?
배우자가 학교 다니는 건 따로 허가 받아야 해요?

동반 비자로 취업허가 받으려면 무슨 서류 내요?
단순노무 일을 하려면 한국어 시험 봐야 해요?
배우자 자격으로 일하려면 고용계약서도 같이 내요?",F-3 동반 / 체류자격외 활동 (p. 402),"주체류자(E-1~E-7, D-7~D-9 등)의 배우자·미성년 자녀",주체류자 따라 변경,본인이 동반자격,"동반, 배우자, 자녀",완료,"[3차요약] F-3 자격외활동: E-1~E-7(E-6-2 제외, E-7-4 배우자 포함)/F-2/F-4/H-2 성년 배우자. 전문직종 + H-2 농임축. 본인 체류기간 내 최대 1년. 단순노무는 TOPIK 2급/사통 2단계 + 조기적응 (p.421~424)."
F-3,F-3,체류,체류자격 부여,국내에서 출생한 동반(F-3) 대상 미성년 자녀,,"본국 공적서류는 번역자 확인서 필수, 협약국은 아포스티유, 미체약국은 주재국 대한민국 공관 영사확인",,,,,,,,,,,,,"[필수서류]
- 신청서(별지 34호 서식), 여권, 표준규격사진 1매, 수수료
- 부 또는 모의 외국인등록증
- 신원보증서
- 가족관계 입증서류 (본국 출생증명서 원본, 국내 출생증명서, 본국 가족관계증명서 등; 중국은 거민신분증·결혼증·호구부)","한국에서 아이가 태어났는데 동반 비자 받으려면 뭐 내요?
출생증명서를 본국 거랑 한국 거 둘 다 내야 하나요?
중국 출신인데 어떤 서류 준비해요?",F-3 동반 / 체류자격 부여 (p. 404),"주체류자(E-1~E-7, D-7~D-9 등)의 배우자·미성년 자녀",주체류자 따라 변경,본인이 동반자격,"동반, 배우자, 자녀",완료,"[3차요약] F-3 체류자격 부여(국내 출생 자녀): 신청서·여권·사진·수수료, 부/모 외국인등록증, 신원보증서, 출생증명서(본국/국내) 및 가족관계증명서. 본국 공적서류는 번역자 확인 + 협약국 아포스티유/미체약국 영사확인 (p.423~424)."
F-3,F-3,체류,체류자격 변경,국내 입국 후 임신·출산·양육·질병 등 사정변경으로 인도적 고려가 필요한 자,,"사증면제(B-1), 관광통과(B-2) 및 단기사증으로 입국한 자
국내 합법 장기체류 외국인",,,,,,,,,,,,,"[필수서류]
- 신청서(별지 34호 서식), 여권, 표준규격사진 1매, 수수료
- 가족관계 입증서류(결혼 또는 출생증명서 등)
- 체류경비 등 재정능력 입증서류
- 체류지 입증서류
- 신원보증서
- 체류자격 변경 사유서 및 관련 증빙 서류
- 주자격자(배우자 또는 부모)의 외국인등록증","단기비자로 한국 들어왔는데 임신해서 동반으로 바꿀 수 있어요?
동반으로 자격 변경하려면 어떤 서류 내요?
배우자 자격으로 변경할 때 사유서도 같이 내야 해요?",F-3 동반 / 체류자격 변경허가 (p. 402~404),"주체류자(E-1~E-7, D-7~D-9 등)의 배우자·미성년 자녀",주체류자 따라 변경,본인이 동반자격,"동반, 배우자, 자녀",완료,[3차요약] F-3 변경(인도적 사유): 임신·출산·양육·질병 등 사정변경자(단기사증/장기 합법체류자). 사유서 + 가족관계·재정능력·체류지·신원보증·주자격자 외국인등록증 (p.423~425).
F-3,F-3,체류,체류기간 연장,,,,,,,,,,,,,,,,"[필수서류]
- 신청서(별지 34호 서식), 여권 및 외국인등록증, 수수료
- 체류지 입증서류 (임대차계약서, 부동산 등기부등본, 전세계약서, 매매계약서 등 및 숙소제공 확인서)
- 배우자 또는 부모의 외국인등록증","동반 비자 연장하려면 어떤 서류 내야 해요?
임대차계약서도 같이 내야 하나요?
배우자 외국인등록증 사본도 첨부해야 해요?",F-3 동반 / 체류기간 연장허가 (p. 404~406),"주체류자(E-1~E-7, D-7~D-9 등)의 배우자·미성년 자녀",주체류자 따라 변경,본인이 동반자격,"동반, 배우자, 자녀",완료,"[3차요약] F-3 체류기간 연장: 신청서·여권·외국인등록증·수수료, 체류지 입증서류(임대차계약서 등), 배우자/부모 외국인등록증 (p.425~426)."
F-5,F-5,체류,체류자격 변경,"코로나19로 인해 재입국허가(면제) 기간이 도과되어 영주자격이 상실된 사람으로, 영주자격 상실기간이 2020.1.1.~2021.12.27.인 자

외국국적동포로서 영주(F-5)자격을 신청하는 사람

K-STAR 거주(F-2-7S) 및 K-STAR 영주(F-5-S1)를 거쳐 우수인재 평가기준을 충족한 사람","저명인사, 학술분야 연구실적 우수자

문화·예술·스포츠 분야 우수능력자

기업·신산업·지식재산권·전문직·국제기구 분야 우수인재","민법상 성년으로서 주재(D-7)부터 특정활동(E-7)까지 또는 거주(F-2) 자격으로 5년 이상 대한민국에 체류한 사람
국민 또는 영주자격(F-5) 보유자의 배우자 또는 미성년 자녀로서 국내 2년 이상 체류한 사람
외국인투자촉진법상 미화 50만 달러를 투자하고 5명 이상 국민을 고용한 외국인투자가
재외동포(F-4)로 2년 이상 계속 체류 중인 사람으로서 법무부장관이 인정하는 사람
국외 일정 분야 박사 학위 취득자(영주 신청시 국내 기업 고용) 또는 국내 대학원 박사학위 취득자
60세 이상으로서 법무부장관이 정하는 금액 이상 연금을 국외에서 받는 사람
탁월한 능력자, 특별한 공로자, 학사 학위·기술자격 + 일정 임금 충족자 등 법무부장관이 인정하는 사람

법 제46조제1항 각 호의 강제퇴거 사유에 해당하지 않을 것

재외공관에서 단기일반(C-3-1, 090) 사증을 발급받아 국내 입국 후 관할 출입국·외국인관서에서 영주 자격변경 신청
품행단정 요건은 심사, 생계유지 및 기본소양 요건은 심사 면제

공통 기본요건 (모두 충족해야 함):
1. 본인 또는 동반가족이 생계를 유지할 능력이 있을 것
   - 소득 주체: 신청인, 배우자(사실혼 제외), 자녀, 부모(배우자 부모 제외) 중 생계를 같이 하는 사람
   - 신청자 본인 소득·자산이 기준액의 50% 이상 (미성년 자녀 양육자/미성년 자녀 제외)
   - 소득 산정기간: 신청일이 속하는 연도의 이전 1년
   - 인정 소득: 종합소득 중 소득세를 납부한 것, 자산은 소득세를 납부한 경우만 인정
   - 연간소득 심사 기준: 신청일 기준 전년도 1인당 국민총소득(GNI) 이상
   - 자산 기준: 전년도 '가계금융·복지조사' 가구당 평균 순자산
2. 기본 소양: 사회통합프로그램 5단계 이수 또는 영주용·귀화용 종합평가 60점 이상 득점
3. 품행 단정: 출입국관리법 제10조의3, 시행령 12조의2, 시행규칙 18조의4에 따른 품행 단정 요건

국적심의위원회에서 우수인재 특별귀화에 적합한 것으로 인정한 사람
국회사무총장·법원행정처장·헌법재판소사무처장·중앙행정기관의 장 등이 추천한 사람
재외공관장, 지방자치단체의 장, 4년제 대학 총장 등이 추천한 사람으로 법무부장관이 심의에 부친 사람
수상·실적·경력 등으로 국제적 권위를 인정받거나 우수인재 가점제도를 적용하여 법무부장관이 심의에 부친 사람

국적심의위원회 심의·의결 적합
법령을 준수하는 등 품행 단정
국어능력과 대한민국 풍습 이해 등 기본 소양(면접심사 합격 시 인정)
귀화 허가가 국가안전보장·질서유지·공공복리 해치지 않을 것

저명인사: 전직 국가원수·정부 수반·각료급 이상, 전직 국제기구 대표 등
저명인사: 노벨상, 퓰리처상, 괴테상, 공쿠르상, 맨부커상, 필즈상, 튜링상, 올림픽 동메달 이상 수상자 등
학술분야: 국내·외 4년제 대학 부교수 이상으로 1년 이상 재직 + 최근 5년 이내 SCI/SSCI/A&HCI 1편 이상 또는 KCI 2편 이상
학술분야: 국내·외 4년제 대학 교원으로 3년 이상 재직 + 최근 5년 이내 SCI 등 3편 이상 또는 KCI 5편 이상 (외국국적동포 2년 이상)
학술분야: 최근 3년 이내 QS·THE 300대 대학에서 2년 이상 강의 + SCI 등 3편 이상 또는 KCI 5편 이상 (외국국적동포 500대 대학)
학술분야: 국내 학술 분야 국가·공공·산학·기업부설 연구기관 연구원 3년 이상 + SCI 등 3편 이상 또는 KCI 5편 이상
패스트트랙 특례: 우수인재 패스트트랙 F-2 자목 → F-5 자격 취득자로 SCI 3편 이상 또는 KCI 5편 이상 또는 특허 2편 이상

문화·예술: 국내·외 공신력 있는 단체·기관으로부터 수상 경력
문화·예술: 저명 인사 심사를 통해 가입할 수 있는 협회의 회원
문화·예술: 전문출판물 또는 주요 대중매체에 자신의 우수한 재능 기사 게재
문화·예술: 공신력 있는 전시회·박람회·경연·영화제 등에서 심사위원 참여 경력
문화·예술: 국제 권위 예술 전시회·공연·영화제·음악제 등에서 작품 전시·공연·수상 또는 국제 출판사·음반사 등과 계약
스포츠: 국제적 권위 체육행사(올림픽, 월드컵, 페럴림픽 등) 출전 경력 선수·지도자
스포츠: 최근 3년 이내 국제 권위 체육대회 개인전 3위 이내, 단체전 8강 이내 또는 PGA·LPGA 등 20위 이내

상기 예 중 2개 이상 충족
소득요건: 일반외국인 GNI 2배 이상, 외국국적동포 GNI 1.5배 이상 (또는 상업적 성공 입증)

국내·외 기업: 세계 300대 기업(FORTUNE·ECONOMIST 선정) 3년 이상 근무 + 대기업/중견기업 사내이사 (외국국적동포 500대 기업)
국내 기업: 상시근로자 100인 이상·자본금 80억 원 초과 국내기업 3년 이상 사내이사 이상 (외국국적동포 2년 이상)
수출: 3년간 대외수출 연평균 미화 500만 달러 이상 개인사업자·중소기업 대표 (외국국적동포 200만 달러)
외투기업: 미화 50만 달러 이상 투자 외투기업 대표이사로 3년 이상 거주 + 납세 3억 원 이상, 국민 30명 이상 고용
신산업·첨단기술: 시스템반도체·바이오헬스·미래차·AI·신소재·IT·BT·NT 등 분야 2년 이상 경력 + 국내 고용 (외국국적동포 1년)
원천기술: 신산업·첨단기술·과학 등 분야 세계수준 원천기술 보유자
지식재산권: 특허·실용신안·디자인권 보유 + 총소득 1억 원 이상
전문분야: 의사·변호사·회계사·기술사 등 전문자격 + 국내 3년 이상 체류 근무
국제기구: UN·WHO·OECD·IAEA·UNESCO 등 10년 이상 근무 경력

소득요건(해당 카테고리): 일반외국인 GNI 2배 이상, 외국국적동포 GNI 1.5배 이상
저명인사·학술·원천기술·지식재산권·국제기구는 소득요건 없음","재외공관에서 사증발급 → 국내 입국 → 출입국·외국인관서에서 자격변경

신청 및 접수 → 국적심의위원회 심의·의결 → 귀화 면접심사 → 귀화·국적회복 허가 → 국적증서 수여 → 외국국적 불행사서약",,,,상한 없음,2022.12.31.까지 국내 입국 + 자격변경 신청을 완료해야 함 (사증만 발급받고 신청하지 않으면 대상 아님),"생계유지 능력 면제: F-5-6 중 대한민국 기업과 연간 교역실적 20억원 이상자/미화 50만 불 이상 투자자/거주국 정부 공인 동포단체·법인기업체 대표 재외공관장 추천자, F-5-7 중 국적회복·특별귀화 요건 충족자
생계유지 능력 완화: F-5-14는 GNI 70% 이상 인정, 사회통합프로그램 5단계 이수·국내 초중고 졸업·국내 학사 이상 학위 취득자는 GNI 70% 이상 인정, 자원봉사 100시간 이상은 GNI 80% 이상 인정
기본소양 면제: F-5-6, F-5-7 중 국적회복·특별귀화 요건 갖춘 자, F-5-14, 민법상 미성년외국인, 면제 요건 갖춘 자

대한장애인체육회 회장 추천 우수인재(장애인)는 외국국적동포 기준 적용",,,,,,"[필수서류]
재외공관 사증발급 단계: 여권 사본, 사증발급 신청서, 신분증 사본, 영주권 상실 사유서
국내 자격변경 단계: 신청서, 여권 사본, 표준규격사진, 자격변경 및 영주증 발급 수수료, 해외범죄경력증명서, 결핵검진확인서(결핵 고위험국가에 한함), 체류지 확인 서류 등

[필수서류]
- 국적법 시행규칙 제3조에 따른 귀화허가 신청서류 일체
- 우수인재 국적신청 상세기술서 및 증빙자료
- 우수인재 가점 항목별 점수표 및 증빙자료(해당자)","어떤 사람이 영주권 신청할 수 있어요?
한국인이랑 결혼했는데 몇 년 살아야 영주 받을 수 있어요?
한국에서 박사 받으면 바로 영주 신청 가능해요?

코로나 때문에 영주권 잃었는데 다시 받을 수 있어요?
영주권 상실자 구제는 어떤 서류 내고 어떻게 신청해요?
구제 신청 기한 지나면 어떻게 되나요?

외국국적동포가 영주권 받으려면 어떤 요건을 갖춰야 해요?
소득 요건이 면제되는 경우는 어떤 경우예요?
한국어 시험 점수가 없으면 영주 신청 못 해요?

K-STAR 영주 받은 다음 한국 국적으로 귀화할 수 있어요?
우수인재 특별귀화는 누가 추천해 주나요?
귀화 절차가 어떻게 되나요?

학술 분야 연구자로 한국 국적 받을 수 있는 조건이 뭐예요?
SCI 논문이 몇 편 있어야 우수인재 특별귀화 신청 가능해요?
해외 대학에서 박사 받았는데 자격 되나요?

예술 분야에서 활동하는데 한국 우수인재 귀화 받을 수 있나요?
국제대회 입상하면 자격 되나요?
소득 기준은 얼마나 돼야 해요?

한국에서 회사 임원으로 일하는데 우수인재 귀화 자격 되나요?
특허 가지고 있으면 국적 신청할 수 있어요?
의사나 변호사 자격증 있으면 신청 가능한가요?",F-5 영주 / 해당자 (p. 406~407),D-7~E-7 또는 F-2 5년+ 체류 + 소득·재산 요건,국적취득,"F-1, F-2-71 (점수제 자녀)","영주, 정착, 영주권",완료,"[3차요약] F-5 영주 변경: 일반 영주 해당자 1~18호(D-7~E-7/F-2 5년+, 국민·영주자 배우자·자녀 2년+, 50만달러 투자+5명 고용, 박사학위, 60세+연금 등) + 코로나19 영주 상실 구제(22.12.31. 입국+자격변경 신청) (p.425~428 + p.473~474). 우수인재 특별귀화는 국적취득 매뉴얼 별도."
F-5,F-5,체류,체류자격 부여,대한민국에서 체류 중인 영주(F-5) 자격의 부 또는 모가 대한민국에서 출생한 자녀에 대하여 영주(F-5) 자격 부여를 신청하는 경우,,출생일로부터 90일 이내에 체류자격 부여 신청 (해외에서 출생한 자녀는 제외),,,,,,,,,,,,,"[필수서류]
신청서(별지 34호 서식) 등","한국에서 영주권자 부모 사이에 아이가 태어났는데 어떻게 영주 받아요?
출생 후 며칠 안에 신청해야 하나요?
해외에서 낳은 아이도 같은 방식으로 받을 수 있어요?",F-5 영주 / 체류자격 부여 (p. 407~408),D-7~E-7 또는 F-2 5년+ 체류 + 소득·재산 요건,국적취득,"F-1, F-2-71 (점수제 자녀)","영주, 정착, 영주권",완료,"[3차요약] F-5 체류자격 부여: 영주(F-5) 부 또는 모의 국내 출생 자녀, 출생일부터 90일 이내 신청, 해외 출생 자녀는 제외 (p.427~428)."
F-5,F-5,체류,재입국허가,,,,"출국한 날부터 2년을 초과하고자 하는 경우 기간만료 전 재외공관에서 재입국허가 연장 필요 (허가기간 3월 이내)
공관장의 허가범위: 출국한 날부터 2년이 만료되는 시점부터 3월 이내",,,,"출국 후 2년 이내 재입국 면제, 2년 초과 시 사전 허가 필요",,출국한 날부터 2년 이내에 재입국하고자 하는 경우 재입국허가 면제,,,,,,,"영주권자인데 외국에 얼마나 나가 있어도 다시 들어올 수 있어요?
2년 넘게 해외에 있어야 할 때는 미리 뭘 해야 해요?
재입국 면제 기간 지나면 어디서 허가 받아요?",F-5 영주 / 재입국허가 (p. 439),D-7~E-7 또는 F-2 5년+ 체류 + 소득·재산 요건,국적취득,"F-1, F-2-71 (점수제 자녀)","영주, 정착, 영주권",완료,"[3차요약] F-5 재입국허가: 출국 후 2년 이내 면제, 2년 초과 시 기간만료 전 재외공관에서 재입국허가 연장(3월 이내) (p.471~472)."
F-6,F-6,체류,체류자격 변경,"한국에서 혼인이 유효하게 성립되어 있고, 우리 국민과 결혼생활을 지속하기 위해 국내 체류를 하고자 하는 사람","F-6-1: 양 당사자 국가에 혼인이 유효하게 성립되어 국민과 결혼생활을 지속하기 위해 국내 체류하려는 외국인
F-6-2: 국민과 혼인관계(사실혼 포함)에서 출생한 미성년 자녀를 혼인관계 단절 후 국내에서 양육하거나 양육하려는 부 또는 모
F-6-3: 국민 배우자와 혼인 상태로 국내 체류 중 그 배우자의 사망·실종, 그 밖에 자신에게 책임없는 사유로 정상적 혼인관계 유지가 불가능한 사람","국민과 혼인관계(사실상의 혼인관계 포함)에서 출생한 자녀를 양육하고 있는 부 또는 모 (법무부장관이 인정하는 사람)
국민인 배우자와 혼인 상태로 국내 체류 중 배우자 사망·실종, 그 밖에 자신에게 책임없는 사유로 정상적 혼인관계 유지가 불가능한 사람 (법무부장관이 인정)",,,,1회에 부여할 수 있는 체류기간 상한 3년,,"사실혼은 혼인의사 + 사회통념상 부부공동생활 실체가 있어야 인정 (단순 동거, 중혼적 사실혼은 인정 안 됨)",,,,,,,,"한국인이랑 결혼했는데 어떤 비자 받아요?
한국인 배우자랑 사별했는데 한국에 계속 있을 수 있어요?
혼인신고는 했는데 사실혼만 인정되면 결혼이민 비자 받을 수 있어요?",F-6 결혼이민 / 자격 해당자 및 활동범위 (p. 426),한국인과 혼인성립,F-5 영주 (2년+ 후),"F-1-12 자녀, F-1-5 부모","결혼이민, 한국인 배우자, 가족결합",완료,"[3차요약] F-6 결혼이민: F-6-1(혼인 유효+체류), F-6-2(자녀 양육), F-6-3(사망·실종 등). 1회 부여 상한 3년. 사실혼은 혼인의사+사회통념상 부부공동생활 실체(98므961). 단순 동거·중혼적 사실혼은 불인정 (p.475~476)."
F-6 (F-6-1),F-6,체류,체류자격 변경,국내 합법체류자 중 국민의 배우자(F-6-1) 자격으로 변경하려는 사람,,출처(중첩 테이블 #295 또는 별도 부록) 확인 후 그대로 유지 또는 출처 표기 강화,"1) 통합신청서·여권·사진·수수료 등 기본서류 준비 2) 한국인 배우자가 작성하는 초청장·신원보증서 3) 외국인 배우자의 결혼배경진술서 4) 국제결혼안내프로그램 이수증·건강진단서·범죄경력증명서 5) 소득·주거 요건 입증서류 첨부 6) 체류지 관할 청(사무소·출장소)에서 심사 → 체류허가기간 1년 부여(독일인 B-1 입국자, 임신·출산·자녀양육 등 예외 외에는 단기사증·불법체류자 자격변경 불가).",체류자격 변경: 4만원 (매뉴얼 라인 66 수수료표).,,체류허가기간 1년 이내,체류허가기간 1년 이내,"원칙적으로 자격 변경 불가, 출국 후 재외공관에서 사증 발급 후 입국해야 하는 대상:
1. 단기사증 소지자 (B-1, B-2, C-1~C-4)
2. 불법체류자 (밀입국자, 위·변조여권행사자 포함)
3. 출국을 위한 체류기간 연장허가를 받은 자
4. 일반 형사범 (단순 벌금은 제외)
5. 위 1~4 신분으로 체류 중 기타(G-1) 자격을 받은 자
관광취업(H-1) 자격으로 체류 중인 사람은 결혼이민(F-6) 자격 변경 불가","사증면제(B-1) 자격으로 입국한 독일인은 결혼이민(F-6) 체류자격 변경 가능
임신·출산 또는 부부 사이에 출생한 자녀 양육 등 사유로 국내 자격변경이 불가피하다고 판단되면 심사 후 변경 가능

소득요건 미달 시 재산의 5% 인정 (재산은 취득일로부터 6개월 이상 지속, 부채 제외 순재산)
가족(직계가족) 소득·재산 합산 가능 (주민등록표상 세대 같이 하는 직계가족, 형제·자매는 불가)",,,,,체류지 관할 청(사무소·출장소)장.,"[공통서류]
통합신청서(별지34호), 여권용 사진 1매, 신청인(외국인 배우자) 여권 원본 및 사본 1부, 수수료
외국인 배우자 초청장, 신원보증서, 외국인 배우자의 결혼배경진술서
한국인 배우자: 여권 사본 1부, 기본증명서(상세), 혼인관계증명서(상세), 가족관계증명서(상세), 주민등록등본 원본
외국인 배우자: 본국 결혼증명서 원본(필요시), 결핵 관련 진단서(결핵 고위험국가에 한함), 해당 국가에 특별히 적용되는 서류

[필수서류]
국제결혼 안내프로그램 이수증 (면제 대상자는 제출 불필요)
한국인 배우자 건강진단서 (면제 대상자는 제출 불필요)
외국인 배우자 범죄경력증명서, 건강진단서

[기타서류]
소득요건 입증서류: 소득금액증명 원본, 신용정보조회서, 근로/사업/기타소득 입증서류, 재산 활용 시 등기부등본·예금증명 등
의사소통 요건 입증: TOPIK 1급 이상, 한국교육원 한국어강좌 2단계 수료증, 세종학당(초급1A+1B) 수료증 등
주거요건: 자가 시 등기부등본, 임대 시 등기부등본 + 임대차계약서 사본
교제 입증: 사진·가족 사진·SNS 대화 내역 등 (5쪽 이내), 결혼중개업체 등록증/보증보험증권/계약서 사본(중개업체 만남), 소개자 신분증 사본(지인 소개)","단기비자로 들어와 있는데 한국에서 바로 결혼이민으로 바꿀 수 있어요?
불법체류 중인데 결혼했으면 자격 변경 가능해요?
임신했는데 자격 변경 안 된다고 하면 어떻게 해요?

결혼이민 비자 신청할 때 한국인 배우자가 얼마나 벌어야 해요?
한국어 시험 안 보고도 결혼이민 신청할 수 있어요?
아이가 있으면 소득 요건 면제되나요?",F-6-1 / 체류자격 변경허가 (p. 442),한국에서 혼인이 성립된 외국인 배우자,F-5-2 영주 (혼인 2년+ 후),F-1-12 자녀,"국민의 배우자, 결혼이민",보류,"F-6-1 행: 본문은 매뉴얼과 잘 일치. 2026 소득표 수치 출처 확인 필요(별도 부록일 가능성). || [자동정정] [자격요건] 적용: '2026년 기준 소득요건: 초청인의 과거 1년간 연간소득(세전)이 2인 25,195,752' → '출처(중첩 테이블 #295 또는 별도 부록) 확인 후 그대로 유지 또는 출처 표기 강화' || F-6-1 변경: 자격요건이 1차에서 메타 코멘트로 덮어쓰여 정보 손실. 매뉴얼 라인 6653의 2026년 가구원 수별 소득기준표 복원 권장. 수수료(4만원), 추천·승인기관(청장), 절차(접수→심사→1년부여) 보완 필요. || [2차자동정정] [절차] 적용: '' → '1) 통합신청서·여권·사진·수수료 등 기본서류 준비 2) 한국인 배우자가 작성하는 초청장·' | [수수료] 적용: '' → '체류자격 변경: 4만원 (매뉴얼 라인 66 수수료표).' | [추천·승인기관] 적용: '' → '체류지 관할 청(사무소·출장소)장.' || [2차검토필요] [자격요건] 검토필요: 현재='출처(중첩 테이블 #295 또는 별도 부록) 확인 후 그대로 유지 또는 출처 표기 강화' / 제안='한국인 배우자와 정상적 혼인관계 유지. 한국인 배우자의 소득·주거·의사소통(한국어/배우자국 언어)·국제결혼안내프로그램 이수 요건 충족(국제결혼 ' (사유: ) || [3차요약] F-6-1 체류자격 변경허가: 한국인과 혼인 + 가구원수별 소득요건(2인 25,195,752원 → 7인 57,090,900원, 1인당 5,755,188원 추가). 자녀/외국 동거/F-6 체류이력은 면제. 1년 부여. 단기사증·불법체류·형사범 등은 출국 후 재발급 (p.475~480)."
F-6 (F-6-2),F-6,체류,체류자격 변경,"결혼이민(F-6) 이외의 체류자격으로 체류 중인 외국인으로, 국민과 혼인관계(사실혼 포함)에서 출생한 미성년 자녀를 국내에서 양육하고 있는 부 또는 모",,"1) 국민과 정상적 혼인관계에서 출생한 미성년 자녀를 국내에서 직접 양육 중 2) 친자관계 입증(출생증명서·유전자검사 등) 3) 자녀양육 사실 입증(양육권 판결, 주민등록 동거, 친척·통반장 확인서 등).",,체류자격 변경: 4만원 (매뉴얼 라인 66 수수료표).,,체류허가기간 1년,체류허가기간 1년,,,,,,,,"[필수서류]
- 신청서(별지 제34호 서식), 여권, 외국인등록증(해당자), 표준규격사진 1매, 수수료
- 자녀가 국민인 경우 자녀 명의의 기본증명서·가족관계증명서
- 가족(친자)관계 입증서류 (출생증명서, 유전자검사 확인 서류)
- 자녀양육 입증서류 (판결문 등 양육권 관련, 자녀 등재 주민등록등본, 5촌 이내 한국인 친척이나 통(반)장 확인서 등)
- 혼인단절자(이혼·사망·실종 등)의 경우 사유 입증서류 (해당자에 한함)
- 범죄경력증명서 및 건강진단서 (旣제출자로서 해외에서 6개월 이상 연속체류 사실이 없는 자는 면제)
- 그 밖에 심사에 필요한 서류","한국인 배우자랑 헤어졌는데 아이 키우려고 한국에 남을 수 있어요?
아이 양육으로 자격 변경 신청할 때 어떤 서류 내요?
혼인은 끊겼는데 자녀 양육으로 비자 받을 수 있나요?",F-6-2 자녀 양육자 / 체류자격 변경허가 (p. 453),한국인과 혼인 중 출생 미성년 자녀를 양육하는 외국인 부 또는 모,F-5 영주,F-1-12 자녀,"자녀양육, 한부모, 결혼이민",완료,F-6-2 변경: 핵심 컬럼(자격요건/절차/수수료) 공란. 보완 권장. 출처 페이지(p.453) 실제 매뉴얼 위치 확인 필요. || [2차자동정정] [자격요건] 적용: '' → '1) 국민과 정상적 혼인관계에서 출생한 미성년 자녀를 국내에서 직접 양육 중 2) 친자관계' | [수수료] 적용: '' → '체류자격 변경: 4만원 (매뉴얼 라인 66 수수료표).' || [3차요약] F-6-2 자녀 양육자: 한국인과 혼인 중 출생 미성년 자녀를 양육하는 외국인 부/모. 친자관계+양육 입증 필요. 1년 부여 (p.489).
F-6 (F-6-3),F-6,체류,체류자격 변경,"결혼이민(F-6) 이외 자격으로 체류 중인 사람으로, 국민과 정상적인 혼인생활을 유지하면서 국내 체류 중 한국인 배우자의 사망·실종, 그 밖에 자신에게 책임없는 사유로 혼인이 단절된 사람",,"아래 모든 요건을 갖춰야 함:
① 결혼이민(F-6) 이외 자격으로 체류 중
② 국민과 정상적인 혼인생활을 유지하면서 국내 체류 중 배우자의 사망·실종, 그 밖에 자신에게 책임없는 사유로 혼인 단절",,체류자격 변경: 4만원 (매뉴얼 라인 66 수수료표).,,체류허가기간 1년,체류허가기간 1년,"제한 대상(단기체류자, 형사범(단순 벌금형 제외), 출국을 위한 체류기간 연장허가를 받은 사람) 및 제한 대상이었으나 기타(G-1) 자격 체류허가를 받은 사람은 제외
신청 당시 국민의 배우자 자격(F-6-1)으로 체류 중인 경우는 체류기간 연장허가 대상",,,,,,,"[필수서류]
공통: 신청서(별지 제34호 서식), 여권, 외국인등록증, 표준규격사진 1매, 수수료, 범죄경력증명서 및 건강진단서(旣제출자 + 해외 6개월 미만은 면제)
사망: 배우자 사망 입증서류(사망진단서, 배우자의 사망사실이 기재된 기본증명서 등), 가족관계 입증서류(혼인관계증명서 등)
이혼: 이혼사실이 기재된 혼인관계증명서, 이혼 관련 소송서류(소장, 이혼 판결문 등), 귀책사유 입증자료(가출신고서, 폭행 병원 진단서, 검찰 불기소결정문, 여성관련 단체 확인서, 국민 배우자의 4촌 이내 친척의 확인서 등)
실종: 실종사실 증명서류(실종선고심판서), 가족관계 입증서류","한국인 배우자랑 이혼했는데 결혼이민 자격 유지할 수 있어요?
이혼이 제 잘못이 아닌 걸 어떻게 증명해요?
배우자가 사망했을 때 어떤 서류로 자격 변경 신청해요?",F-6-3 혼인단절자 / 체류자격 변경허가 (p. 459),국민인 배우자의 사망·실종 등 귀책없는 혼인 단절,F-5 영주,F-1-12 자녀 (또는 케이스에 따라 부모) - 일반적으로 자녀 동반이 더 흔함,"혼인단절, 사별, 결혼이민",완료,동반가족 'F-1-5 부모' 표기는 일반적인 F-6-3 케이스(자녀 양육)와 부합하지 않을 수 있어 검토 권장. || [자동정정] [동반가족] 적용: 'F-1-5 부모' → 'F-1-12 자녀 (또는 케이스에 따라 부모) - 일반적으로 자녀 동반이 더 흔함' || F-6-3 혼인단절자 변경: 1차 자동정정(F-1-5→F-1-12)은 합리적. 다만 동반가족 값에 '또는 케이스에 따라 부모' 같은 모호 표기 잔존 → 단일 값으로 정리 권장. 수수료/추천기관 보완 필요. || [2차자동정정] [수수료] 적용: '' → '체류자격 변경: 4만원 (매뉴얼 라인 66 수수료표).' || [2차검토필요] [동반가족] 검토필요: 현재='F-1-12 자녀 (또는 케이스에 따라 부모) - 일반적으로 자녀 동반이 더 흔함' / 제안='F-1-12 자녀' (사유: ) || [3차요약] F-6-3 혼인단절자: F-6 이외 자격으로 체류 중 배우자 사망·실종 또는 자신 책임 없는 사유로 혼인 단절된 자 (p.489~490).
F-6,F-6,체류,체류자격 부여,,,"국내 체류 중 대한민국 국적을 상실한 사람으로 체류목적이 결혼이민에 해당하는 사람
주한미군 현지 제대자로 체류목적이 결혼이민에 해당하는 사람

법 제23조에 따라 대한민국에서 출생한 외국인은 출생일로부터 90일 이내에, 체류 중 국적을 상실·이탈한 외국인은 그 사유 발생일로부터 30일 이내에 체류자격을 받아야 함",제출서류 및 체류허가 기간은 체류자격 변경허가에 준함,,,1년 이내(체류자격 변경허가에 준함),,,,,,,,,체류자격 변경허가(F-6-1)와 동일.,"한국 국적을 잃었는데 결혼이민으로 바꿀 수 있어요?
국적 상실 후 며칠 안에 신청해야 해요?
주한미군 제대 후에 결혼이민 자격 받을 수 있어요?",F-6 결혼이민 / 체류자격 부여 (p. 442),한국인과 혼인성립,F-5 영주 (2년+ 후),"F-1-12 자녀, F-1-5 부모","결혼이민, 한국인 배우자, 가족결합",완료,F-6 자격부여: 본문 정합. 다만 1회부여 체류기간/제출서류 등 다수 컬럼이 '변경허가에 준함'이라는 매뉴얼 지침임에도 공란. 변경 행의 값을 명시 복제하거나 '체류자격 변경허가에 준함' 표기 권장. || [2차자동정정] [1회부여 체류기간] 적용: '' → '1년 이내(체류자격 변경허가에 준함)' | [제출서류] 적용: '' → '체류자격 변경허가(F-6-1)와 동일.' || [3차요약] F-6 체류자격 부여: 국적 상실자(혼인 유지) 또는 주한미군 제대자 중 결혼이민 해당자. 출생자 90일/국적이탈 30일 이내 (p.475).
G-1,G-1,체류,G-1 일반 정의(해당자 카탈로그) → 행 분류 재검토 또는 '해당자 분류'로 명시,,"산업재해 청구 및 치료 중인 사람과 그 가족
질병·사고로 치료 중인 사람과 그 가족
각종 소송 진행 중인 사람
임금체불로 노동관서에서 중재 중인 사람
난민신청자, 난민불인정자 중 인도적 체류허가자
사고 등으로 사망한 사람의 가족
임신·출산 등 인도적 체류허가자
질병치료 등으로 입국 후 장기치료가 필요한 환자와 그 가족
성폭력 피해자 등 인도적 고려가 필요한 사람
인도적 체류자(G-1-6)의 가족
기타 사유에 해당되는 사람","외교(A-1) 내지 결혼이민(F-6), 관광취업(H-1) 및 방문취업(H-2) 자격에 해당하지 않는 활동을 하려는 사람
영주(F-5)에도 해당하지 않는 사람으로서 법무부장관이 인정하는 사람",,,,1회에 부여할 수 있는 체류기간 상한 1년,,,,,,,,,,"어떤 사람들이 기타 체류자격을 받을 수 있어요?
한국에서 치료받아야 하는데 비자가 없으면 어떻게 해요?
난민 신청 중인데 체류 자격 어떻게 받아요?",G-1 기타 / 해당자 (p. 462),난민신청·인도적체류·산재 등 기타 사유,사유 해소 시 자격 정리,G-1 동반,"기타, 난민, 인도적체류",완료,"이 행은 G-1 일반 정의(해당자 11종) 카탈로그 성격. 신청종류 '체류자격 변경'으로 일관성 있게 유지하려면 신청상황 추가 권장. || [자동정정] [신청종류] 적용: '체류자격 변경' → 'G-1 일반 정의(해당자 카탈로그) → 행 분류 재검토 또는 '해당자 분류'로 명시' || G-1 카탈로그 행: 1차 자동정정이 신청종류 컬럼에 분류 메타 문구를 넣어 컬럼 의미 훼손. 컬럼 의미 복원 후 검수메모에서 '행 분류 검토' 사실 기록 권장. || [2차검토필요] [신청종류] 검토필요: 현재='G-1 일반 정의(해당자 카탈로그) → 행 분류 재검토 또는 '해당자 분류'로 명시' / 제안='체류자격 변경 (또는 해당자 분류 메타)' (사유: ) || [3차요약] G-1 기타: A-1~F-6, H-1~H-2, F-5에 해당하지 않는 자 중 법무부장관 인정. 산재·치료·소송·난민·외국인환자 등 11개 해당자 (p.499)."
G-1 (G-1-5),G-1,체류,체류자격외 활동허가,"난민인정 신청을 한 후 6개월이 경과한 자 (입증자료 제출 지연, 소재 불명, 보호 등 신청자 귀책 사유 기간은 6개월에 산입 안 함)
난민인정 신청자 중 장애 등으로 근로능력 없는 피부양자를 부양하거나 이에 준하는 사유로 청장 등이 특별히 필요하다고 인정하는 자",,"취업제한 업종 제외한 단순노무 업무만 허용
취업제한 업종: 건설업(복합업종은 건설업 외 가능), 사행행위 영업, 단란·유흥주점 유흥접객원, 풍속영업 중 선량한 풍속에 반하는 업종, 개인과외 교습, 기타 법무부장관 제한 분야
외국어 회화강사(E-2) 등 전문분야 취업은 일반 체류외국인과 동일한 절차로 진행",,,,"난민신청자: 체류기간 범위 내에서 체류허가기간까지
인도적 체류허가자: 체류기간 범위 내에서 체류허가기간까지","난민신청자: 체류기간 범위 내에서 체류허가기간까지
인도적 체류허가자: 체류기간 범위 내에서 체류허가기간까지",난민신청자가 취업제한 업종에 불법취업하는 경우 일반 체류외국인에 준하여 사범처리,,,,,,,"[필수서류]
- 신청서(별지 제34호 서식), 여권, 외국인등록증
- 고용계약서
- 사업자등록증 사본 등 사업장 관련 서류
- 수수료 (일반 체류외국인과 동일)","난민 신청한 지 6개월 지났는데 일할 수 있어요?
난민 신청자도 건설업에서 일할 수 있나요?
인도적 체류자도 취업 허가 받을 수 있어요?",G-1 기타 / 난민신청자 체류자격외 활동허가 (p. 462~465),난민법에 따라 난민인정 신청을 한 후 6개월 이상 경과한 자 (G-1-5),사유 해소 시 자격 정리,G-1 동반,"기타, 난민, 인도적체류",완료,G-1-5 자격외 활동: 본문 정합. 단 선행자격이 G-1 공통값으로 일괄 복사되어 sub-code 한정 필요. || [2차자동정정] [선행자격] 적용: '난민신청·인도적체류·산재 등 기타 사유' → '난민법에 따라 난민인정 신청을 한 후 6개월 이상 경과한 자 (G-1-5)' || [3차요약] G-1-5 난민신청자 자격외활동: 신청 후 6개월 경과 시 단순노무 가능. 건설업·사행/유흥·풍속·개인과외 제외. 전문분야 취업은 별도 절차 (p.501~502).
G-1 (G-1-1),G-1,체류,체류자격 변경,"산재보상심사 청구·재심청구 중인 자, 산재로 입원치료 중인 자, 치료 후 근로복지공단 요양승인 후 요양 중인 자 및 후유증상 치료 중인 자, 그 가족(배우자 및 직계가족)",,,,,,체류기간 1년 범위 내 (입원치료 및 산재보상 완료시까지),체류기간 1년 범위 내 (입원치료 및 산재보상 완료시까지),,,,,,,,"[필수서류]
- 신청서(별지 제34호 서식), 여권, 표준규격사진 1매, 수수료
- 산재보상심사청구서 또는 재심청구서
- 산재로 인한 병원진단서 등
- 가족관계 기타 보호자 입증 서류 (가족에 한함)
- 생계유지능력 심사확인서","산업재해로 치료 중인데 한국에 더 머물 수 있어요?
산재 치료 중에 가족도 같이 체류자격 받을 수 있어요?
산재 자격변경 신청할 때 어떤 서류 내요?",G-1-1 산업재해 / 체류자격 변경허가 (p. 465~467),난민신청·인도적체류·산재 등 기타 사유,사유 해소 시 자격 정리,G-1 동반,"기타, 난민, 인도적체류",보류,G-1-1: 본문 정합. 선행자격이 G-1 공통값. sub-code 한정 필요. || [2차검토필요] [선행자격] 검토필요: 현재='난민신청·인도적체류·산재 등 기타 사유' / 제안='산재보상 청구·재심청구 또는 산재 치료·요양 중인 외국인 근로자 및 그 가족 (G-1-1)' (사유: ) || [3차요약] G-1-1 산업재해: 산재보상 청구/재심 또는 입원/요양/후유증상 치료 중인 자와 가족. 체류 1년 범위(완료 시까지) (p.505).
G-1 (G-1-5),G-1,체류,체류자격 변경,"대한민국 안에 있는 외국인으로서 난민인정을 신청한 자(G-1-5)
난민불인정자 중 인도적 체류허가를 받은 자(G-1-6)",,,,,,난민불인정자 중 인도적 체류허가자: 통보를 받은 날부터 체류기간 1년 부여,난민인정신청자: 6개월 내지 1년 범위 내 (청장 등이 법정기한 1년 내에서 탄력적으로 부여 가능),,,,,,,,"[필수서류]
- 신청서(별지 제34호 서식), 여권 및 외국인등록증, 표준규격사진 1매, 수수료
- 난민인정신청 접수증 등 난민신청자 또는 인도적 체류허가자임을 입증할 수 있는 서류
- 체류지 입증 서류 (임대차계약서, 숙소제공 확인서, 체류기간 만료예고 통지우편물, 공공요금 납부영수증, 기숙사비 영수증, 교회·난민지원시설·인권단체·UNHCR 등의 주거확인서 등)
수수료는 일반 체류외국인과 동일","난민 신청하려고 하는데 어떤 서류 내야 해요?
난민 신청자는 체류기간을 얼마나 받아요?
난민 인정 안 됐는데 인도적 체류허가는 받을 수 있어요?",G-1-5 난민신청자 / 체류자격 변경허가 (p. 467~470),난민인정 신청자(G-1-5) 또는 난민불인정 인도적 체류허가자(G-1-6),사유 해소 시 자격 정리,G-1 동반,"기타, 난민, 인도적체류",완료,G-1-5 변경: 본문 정합. 선행자격은 sub-code 한정 권장. || [2차자동정정] [선행자격] 적용: '난민신청·인도적체류·산재 등 기타 사유' → '난민인정 신청자(G-1-5) 또는 난민불인정 인도적 체류허가자(G-1-6)' || [3차요약] G-1-5(난민신청)/G-1-6(인도적 체류허가) 변경허가: 난민인정 신청 외국인 또는 인도적 체류허가자. 6개월~1년 부여 (p.507).
G-1 (G-1-10),G-1,체류,체류자격 변경,"B-1, B-2, C-3(C-3-3 포함) 자격으로 입국한 후 의료기관 검진 등에 의해 장기치료 또는 요양이 필요한 것으로 인정되는 사람
장기체류가 필요한 환자와 동반 필요성이 인정되는 배우자 등 동반가족 및 간병인",,,,,,G-1-10 / 체류기간 1년 이내 범위,,,,,,,,,"[필수서류]
- 신청서(별지 제34호 서식), 여권, 표준규격사진 1매, 수수료
- 의료기관에서 발행한 소견서 등 장기 치료의 필요성을 입증할 수 있는 서류
- 치료 및 체류 비용 조달 능력을 입증할 수 있는 서류 (유치 기관 또는 신원보증인이 보증 시 제출 생략)
- 가족관계 및 간병인 입증서류","단기비자로 입국했는데 장기치료가 필요해요. 어떤 자격으로 바꿔요?
외국인 환자 비자로 가족도 같이 들어올 수 있나요?
의료기관 소견서 없이도 외국인환자 자격 받을 수 있어요?",G-1-10 외국인환자 / 체류자격 변경허가 (p. 470~471),난민신청·인도적체류·산재 등 기타 사유,사유 해소 시 자격 정리,G-1 동반,"기타, 난민, 인도적체류",보류,"G-1-10 외국인환자: 본문 정합. 선행자격은 sub-code 한정 권장(단기사증 B-1/B-2/C-3 → 장기치료 필요 인정). || [2차검토필요] [선행자격] 검토필요: 현재='난민신청·인도적체류·산재 등 기타 사유' / 제안='B-1, B-2, C-3(C-3-3 포함) 단기사증 입국자 중 의료기관 검진 결과 장기치료/요양이 필요한 자 (G-1-10) 및 동반가족/간병인' (사유: ) || [3차요약] G-1-10 외국인환자: 단기사증(B-1, B-2, C-3) 입국 후 장기치료 필요 인정자 + 동반가족/간병인. 1년 이내 (p.507)."
G-1,G-1,체류,체류기간 연장,,,,,,,,"산재(G-1-1): 6월 범위 내 (중증환자는 1년 범위)
질병·사고 치료(G-1-2): 1회 6월 범위 내
소송(G-1-3): 1회 6월 범위 내
임금체불(G-1-4): 6개월 범위 내 (출국기간 유예자는 3개월 범위)
난민신청자(G-1-5): 매회 6개월~1년 범위
인도적 체류허가자(G-1-6): 사유 소멸 시까지 1회 1년 범위
임신·출산(G-1-9): 6월 범위 내
외국인환자(G-1-10): 1년 이내
성폭력피해자(G-1-11): 1년 범위 내",,,,,,,,"[공통서류]
공통: 신청서(별지 제34호 서식), 여권, 외국인등록증, 수수료, 기타(G-1) 자격 심사확인서(별첨 2 서식), 체류지 입증서류

[필수서류]
산재(G-1-1): 산재로 인한 병원 진단서, 근로복지공단 진료계획 심사 결정 통지서·후유증상서비스 카드
질병·사고 치료(G-1-2): 의료기관 진단서, 치료·체류 비용 조달 능력 입증서류, 신원보증서, 가족관계 입증서류
소송(G-1-3): 소장 사본, 소송제기 증명원, 법률구조결정서 사본, 청구권 존재 확인 서류, 신원보증서, 가족·보호자 입증서류
임금체불(G-1-4): 노동부 발급 체불금품 확인원, 대한법률구조공단 접수증, 소송관련 서류(소송 수행 시), 신원보증서
임신·출산 인도적(G-1-9): 진단서 등 연장 필요성 입증서류, 신원보증서
외국인환자(G-1-10): 의료기관 소견서·진단서, 치료·체류 비용 조달 능력 입증서류, 가족·간병인 입증서류","기타 자격으로 있는데 체류기간 연장하려면 어떤 서류 내요?
산재 치료 중인 사람 연장 신청할 때 뭘 추가로 내야 해요?
난민 신청자는 연장 기간을 얼마까지 받을 수 있어요?",G-1 기타 / 체류기간 연장허가 (매뉴얼 후반부 G-1 체류기간 연장허가 셀),난민신청·인도적체류·산재 등 기타 사유,사유 해소 시 자격 정리,G-1 동반,"기타, 난민, 인도적체류",완료,G-1 연장: 본문 정합. 출처 페이지(p.93)는 G-1 연장 본문 위치와 어긋남 → 정확한 페이지 확인 필요. || [2차자동정정] [출처] 적용: 'G-1 기타 / 체류기간 연장허가 (p. 93)' → 'G-1 기타 / 체류기간 연장허가 (매뉴얼 후반부 G-1 체류기간 연장허가 셀)' || [3차요약] G-1 체류기간 연장: 각 세부자격(G-1-1~G-1-99) 사유 지속 중 연장. 부여기간은 세부코드별 상이 (p.509~510).
H-1,H-1,체류,체류자격 변경,대한민국과 관광취업에 관한 협정·양해각서를 체결한 국가의 국민으로서 관광을 주된 목적으로 입국한 사람,,"원칙적으로 자격변경 제한
전문 직종(의사, 변호사, 교수, 항공기조종사, 회화강사 등)과 특정활동(E-7): 요건을 갖춘 경우 자격 변경 가능",,,,,,"영국, 프랑스, 아일랜드, 덴마크, 칠레, 이탈리아, 이스라엘, 벨기에 국적자는 전문직종 변경도 불가
다른 체류자격에서 관광취업 자격으로 변경 불가
유흥접객업소 직종(E-6), 사행행위·단란주점·유흥주점, 풍속영업, 개인과외 교습 등은 취업 제한",,,,,,,,"관광취업 비자로 들어왔는데 다른 비자로 바꿀 수 있어요?
워킹홀리데이 중에 한국에서 회화강사로 일할 수 있어요?
어떤 직종은 관광취업 비자로 일할 수 없어요?",H-1 관광취업 / 체류자격 변경허가 (p. 480),관광취업 협정국 국민 (만 18~30세),"단기, 변경 제한적",-,"관광취업, 워킹홀리데이",완료,"[3차요약] H-1 자격변경: 원칙 제한. 단, 전문직(의사·변호사·교수·항공기조종사·회화강사 등) 및 E-7은 요건 갖춘 경우 가능 (p.517~518)."
H-1,H-1,체류,체류기간 연장,,,"취업활동 기준 (1주당 최대 취업 가능 시간):
이스라엘 25시간 (취업기간 3개월, 최대 300시간), 호주·이탈리아·벨기에 25시간 (6개월, 625시간), 덴마크 25시간 (9개월, 950시간), 캐나다 40시간 (H-1 체류기간, 2,080시간), 그 외 국가 25시간 (H-1 체류기간, 1,300시간)
학업기간: 호주 4개월, 캐나다·아일랜드·덴마크·홍콩·오스트리아·이스라엘·벨기에·뉴질랜드 6개월, 그 외 H-1 체류기간",,,,,"입국한 날로부터 1년 범위 내에서 연장
협정에 따라 미국 1년 6개월, 영국·캐나다는 2년까지 연장 가능",,,,,,,,,"관광취업 비자는 얼마나 머물 수 있어요?
워킹홀리데이로 캐나다인이 한국에 얼마나 있을 수 있어요?
관광취업 비자로 일주일에 몇 시간까지 일할 수 있어요?",(p. 480 또는 매뉴얼 H-1 관광취업 섹션) - p.5는 도입부일 가능성 높음,관광취업 협정국 국민 (만 18~30세),"단기, 변경 제한적",-,"관광취업, 워킹홀리데이",완료,"H-1 연장: 자격요건/체류상한의 정확한 매뉴얼 위치 확인 필요. 출처 페이지(p.5) 점검 필요. || [자동정정] [출처] 적용: 'H-1 관광취업 / 체류기간 연장허가 (p. 5)' → '(p. 480 또는 매뉴얼 H-1 관광취업 섹션) - p.5는 도입부일 가능성 높음' || H-1 연장: 1차에서 출처가 'p.5'로 부정확 → 자동정정에서 모호하게 처리. 명확한 페이지 표기 필요. 자격요건의 협정별 시간/기간 상세는 별도 부록 출처 확인 필요. || [2차검토필요] [출처] 검토필요: 현재='(p. 480 또는 매뉴얼 H-1 관광취업 섹션) - p.5는 도입부일 가능성 높음' / 제안='H-1 관광취업 / 체류기간 연장허가 (매뉴얼 라인 6685, 관광취업(H-1) 섹션)' (사유: ) || [3차요약] H-1 체류기간 연장: 국가별 취업/학업 기준 차등 (이스라엘 25h·3월, 캐나다 40h·H-1, 그 외 25h·H-1) (p.515~518)."
C-3 (C-3-8),C-3,체류,사증발급,모국을 방문하고자 하는 외국국적동포,,재외동포의 출입국과 법적 지위에 관한 법률 제2조제2호에 해당하는 외국국적동포,,,"5년 유효한 동포방문(C-3-8, 090일) 복수사증",90일,,"특정강력범죄(제1항 제1~6호), 마약, 보이스피싱, 상습음주운전(3회 이상)으로 형을 선고받은 사실이 있는 사람 및 기타 범죄로 금고 이상의 형을 선고받은 사실이 있는 사람은 입국규제 여부에 관계없이 실질심사를 통해 사증발급 제한 가능
단기방문(C-3) 자격으로 취업활동 불가",,,,,,,"[필수서류]
- 사증발급신청서(별지 제17호 서식), 여권 및 사본, 표준규격사진 1매, 수수료
- 외국국적동포임을 입증하는 국적국의 공적서류","재외동포인데 모국 방문하려고 어떤 비자 받아요?
동포방문 사증은 얼마나 유효해요?
동포방문 비자로 한국에서 일할 수 있어요?",동포방문(C-3-8) 사증 발급 절차 (p. 59),90일 이내 단기방문·관광,자격변경 원칙 불가,동반자 별도 신청,"단기방문, 관광, 의료관광, 단체관광",완료,C-3-8 동포방문 사증발급: 본문 정합. 1회 부여 체류기간(90일) 명시 권장. 체류·사증 분류 일관성 검토 사안 (현재 '체류'로 들어가 있으나 사증발급 행). || [2차자동정정] [1회부여 체류기간] 적용: '' → '90일' || [3차요약] C-3-8 동포방문: 재외동포법상 외국국적동포 대상 5년 유효 90일 복수사증 (재외동포편 p.3).
H-2,H-2,체류,외국인등록,방문취업 사증으로 입국한 동포,,"입국일로부터 90일 이내에 체류지 관할 출입국·외국인청(사무소·출장소)에 외국인등록 신고
한국어능력 입증서류 제출 시 체류기간 3년 부여, 미제출 시 1년 부여",,,,,외국인등록 시 최대 3년 (한국어능력 입증서류 제출 조건),"26.2.12.부터 방문취업(H-2) 사증의 신규 발급 중단 (재외동포 F-4 자격으로 통합)
기존 H-2 사증 보유자만 외국인등록 시 최대 3년 부여",,,,,,,"[필수서류]
- 여권, 천연색 사진 1매(6개월 이내 촬영), 외국인등록신청서, 수수료, 조기적응프로그램 교육 이수증
- 유학생 부모의 경우: 유학자격 소지자의 재학증명서 및 외국인등록증 사본 (유학생과 동반신청 시 제출 생략)
- 법무부 지정 병원에서 발급한 건강진단서 (별첨 4)","방문취업 사증으로 들어왔는데 외국인등록할 때 뭐 가져가요?
한국어 시험 없으면 체류기간이 줄어드나요?
유학생 부모로 방문취업 등록할 때 필요한 서류는요?",방문취업제(H-2) 체류관리 / 외국인등록 (p. 487),재외동포 (방문취업 자격 부여),"E-7-4 (4년+), F-4 재외동포",-,"방문취업, 재외동포, 단순노무",완료,"[3차요약] H-2 외국인등록: 입국일 90일 이내. 한국어능력 입증 시 3년, 미제출 1년. 2026.2.12. 이전 H-2 사증 보유자만 (재외동포편 p.4~7)."
H-2,H-2,체류,체류기간 연장,,,"고용부에서 ""취업기간 만료자 취업활동 기간연장 확인서""를 받은 경우 입국일(또는 체류자격변경허가일)로부터 4년 10개월 내에서 허가
감염병 확산, 천재지변 등의 사유로 체류기간 직권 연장 시 6년 이내 연장 가능",,,,,최대 4년 10개월 (특별 사유 시 6년 이내),"원칙적 기준: 초범은 범칙금 500만원 이상, 재범은 최근 3년 이내 합산 금액 700만원 이상이면 체류 불허 후 출국조치
최근 3년 이내 3회 이상 범칙금 처분을 받은 경우 금액에 관계없이 체류불허 후 출국조치",,"결핵(결핵의심 포함) 등 진단을 받은 경우 ""외국인 결핵환자 사증발급 및 체류관리 지침""에 따라 처리",,,,,,"방문취업 비자 얼마나 연장할 수 있어요?
취업활동 기간연장 확인서 없으면 연장 안 되나요?
범칙금 받으면 체류 못 하나요?",방문취업(H-2) / 체류기간 연장허가 (p. 487~489),재외동포 (방문취업 자격 부여),"E-7-4 (4년+), F-4 재외동포",-,"방문취업, 재외동포, 단순노무",완료,"[3차요약] H-2 체류기간 연장: 고용부 확인서 시 4년 10개월 이내, 감염병·재해 사유 직권연장 시 6년 이내 (재외동포편 p.6~7)."
F-4,F-4,체류,체류자격 변경,,,"출생에 의하여 대한민국의 국적을 보유하였던 사람(대한민국정부 수립 전에 국외로 이주한 동포 포함)으로서 외국국적을 취득한 사람 (F-4-41)
위에 해당하는 사람의 직계비속으로서 외국국적을 취득한 사람 (F-4-42)

대상별 제출서류가 국내에서 발급되거나 출입국정보시스템으로 확인 가능한 경우에 한해 국내에서 자격변경 가능
CIS 지역 국가 동포가 과거 동포 사증(C-3-8, H-2, F-4)을 발급받은 적이 있는 경우 동포 입증자료 제출 시 국내 자격변경 가능",,,,,,18.5.1. 개정 재외동포법 시행으로 18.5.1. 이후 최초로 대한민국 국적을 이탈했거나 국적을 상실한 남성은 병역이행 또는 면제처분이 없으면 40세 되는 해 12월 31일까지 재외동포(F-4) 자격 부여 제한,"조기적응프로그램 이수 면제: 국내 초·중·고교 재학·졸업자, 만 6세 이하·65세 이상, 장기체류 자격으로 국내 3년 이상 체류자, 이전 조기적응프로그램 이수자, 사회통합프로그램 1단계 이상 이수자, 중증장애인",,,,,,"[공통서류]
한국어능력 입증서류 (별첨 2 제출기준)
해외 범죄경력증명서 (별첨 1 제출기준)
가족관계기록사항에 관한 증명서, 제적등본, 호구부, 거민증, 출생증명서 등 외국국적동포 입증 서류

[필수서류]
F-4-41: 본인이 대한민국 국민이었던 사실 증명 서류(가족관계기록사항 증명서, 제적등본, 폐쇄등록부 등), 외국국적을 취득한 원인 및 연월일 증명 서류
F-4-42: 직계존속이 대한민국 국민이었던 사실 증명 서류, 본인과 직계존속의 외국국적 취득원인 및 연월일 증명 서류, 직계존비속 관계임을 증명하는 서류(출생증명서 등)

[필수서류]
- 재외동포 통합신청서(별지 제1호서식), 여권 및 사본, 표준규격사진 1매, 체류지 입증서류, 결핵진단서, 조기적응프로그램 이수증, 수수료
- 동포임을 입증할 수 있는 서류
- 해외 범죄경력증명서 (별첨 1)
- 한국어 능력 입증서류 (별첨 2)","재외동포(F-4) 자격은 어떤 사람이 받을 수 있어요?
부모님이 한국 국적이었으면 저도 재외동포 비자 받을 수 있어요?
국적 이탈한 남자도 재외동포 자격 받을 수 있나요?

재외동포로 자격 변경하려면 어떤 서류 내요?
조기적응프로그램은 누가 면제받을 수 있어요?
중국에서 동포 사증 받았던 이력이 있으면 한국에서 바로 변경 가능해요?",재외동포(F-4) 자격부여 / 기본대상 (p. 489~490),재외동포법상 동포 (한국계 외국인),F-5 영주 (2년+ 거소),F-1 동반,"재외동포, 한국계, 동포",완료,"[3차요약] F-4 변경: F-4-41(출생 의한 한국국적 보유자→외국국적), F-4-42(F-4-41 직계비속→외국국적). CIS 동포 과거 동포사증 이력자는 국내 변경 가능 (재외동포편 p.8~9)."
F-4,F-4,체류,체류자격외 활동허가,"방문취업(H-2)으로 체류하며 취업개시 신고를 한 사실이 있는 동포가 재외동포(F-4)로 변경 후 같은 사업장에서 계속하여 일하려는 경우

재외동포(F-4) 자격 보유자

재외동포(F-4) 자격으로 체류자격 외 활동허가를 신청하거나 자격을 부여받는 외국인 (영문·중문·노문 서약서 양식 제공)",,"법적 근거: 출입국관리법 제18조제1항, 동법 시행령 제23조제3항, 동법 시행규칙 제27조의2, 법무부고시 제2026-65호
시행일: 2026. 2. 12.
재검토기한: 매 3년이 되는 시점마다 타당성 검토

법무부 고시 제2026-35호(2026.2.12.) 「재외동포(F-4) 자격의 취업활동 제한범위 고시」에서 정한 제한 직업에 취업하지 않을 것을 서약
위반 시 범칙금 처분 및 체류기간 연장 불허 등 출입국관리법에 따른 처벌 가능",,,,1회 부여 기간은 재외동포(F-4) 자격의 체류기간 범위 내에서 근로계약 기간에 따라 부여,1회 부여 기간은 재외동포(F-4) 자격의 체류기간 범위 내에서 근로계약 기간에 따라 부여,"재외동포(F-4)는 단순노무행위, 사행행위 등 선량한 풍속·사회질서에 반하는 행위, 기타 공공의 이익이나 국내 취업질서 유지를 위해 제한이 필요한 분야 취업 불가
국내법령에 의해 일정한 자격을 요하는 경우 그 자격을 갖춰야 함

1. 일반 기준 (취업활동 제한)
가. 단순노무행위를 하는 경우 (붙임 1: 단순노무종사자 대분류 9 직업)
나. 선량한 풍속이나 그 밖의 사회질서에 반하는 행위:
   - 사행행위 등 규제 및 처벌 특례법상 사행행위 영업장소 취업
   - 식품위생법상 유흥주점 등 유흥종사자 근무
   - 풍속영업의 규제에 관한 법률상 풍속영업 중 선량한 풍속에 반하는 영업장소 취업
다. 그 밖에 공공의 이익이나 국내 취업질서 유지를 위해 제한 필요 직업 (붙임 2 참조)

재외동포(F-4) 자격이 종사할 수 없는 단순노무 직업 (대분류 9 단순노무 종사자):
이삿짐 운반원(92112), 우편 집배원(92210), 택배원(92220), 늘찬배달원(퀵서비스 92230), 식음료 정기배달원(92241; 우유·녹즙·발효유), 신문 정기배달원, 그 외 정기배달원(92249; 학습지·도서), 음식점 배달원(92291), 그 외 배달원(92299; 마트·백화점·세탁소·빨래수거·지하철·카드 배달), 건물 청소원(94110), 운송장비 청소원(94121; 비행기·선박·기관차·버스), 시설장비 청소원(94122), 쓰레기 수거원(94142), 거리 및 공공장소 청소원(94130), 재활용품 수거원(94141), 그 외 청소 관련 종사원(94190), 아파트 경비원(94201), 그 외 건물관리원(94209), 전단지 배포원 및 벽보원(95392), 그 외 판매 관련 단순 종사원(95399), 산불 감시원(99121), 계기 검침원(99211), 가스 점검원(99212), 주차 관리원(99231), 구두 미화원(99910), 세탁원 및 다림질원(99920), 검표원(99930), 환경 감시원(99991), 그 외 서비스 관련 단순 종사원(99999)

공공의 이익·국내 취업질서 유지를 위한 제한 직업:
서비스 종사자(대분류 4):
- 발 관리사(42231), 목욕 관리사(43143), 혼례 종사원(43220; 예식진행·폐백·전문주례사), 노래방 서비스원(44232), 그 외 오락시설 서비스원(44239; PC방·비디오방·만화방), 골프장 캐디(44292), 주류 서비스 종사원(45313; 소믈리에·와인스튜어드·호스트)
판매 종사자(대분류 5):
- 노점 및 이동 판매원(53220; 노점상·신문가두 판매원·열차객실 판매원)","2. 예외 기준 (출입국관리법 시행령 제23조제3항제1호)
- 지방자치분권 및 지역균형발전에 관한 특별법상 인구감소지역 중 법무부장관이 정한 지역특화형 비자 사업 대상 시·군·구에 거소를 두거나 거소가 속한 광역시 또는 도 내에서 제1호 가목(단순노무) 또는 다목(공공이익 제한 직업)의 취업활동을 하는 재외동포(F-4)는 취업활동의 제한을 받지 않음 (단, 나목 풍속 관련은 제한)

지역특화형 비자 시범지역에 거주하는 재외동포(F-4)로서 사전에 체류자격 외 활동허가를 신청하는 경우는 예외",,,,,,"[필수서류]
- 재외동포 통합신청서(별지 제1호서식), 여권 및 사본, 거소신고증
- 단순노무 업종 취업사실을 입증할 수 있는 공적서류(건강보험 가입내역, 소득금액증명원 등; 출입국관리정보시스템(ICRM)으로 확인되는 경우 제출 면제)
- 근로계약서, 사업자등록증, 수수료

[필수서류]
재외동포(F-4) 취업활동 제한직업 비취업 서약서 (영문/중문/노문)
기재사항: 성명, 국적, 성별, 생년월일, 휴대전화, 여권번호, 여권 발급일자·유효기간, 대한민국 안의 주소
행정정보 공동이용 동의서: 신청인 + 배우자 + 부 또는 모 서명 또는 인","H-2로 일하다가 F-4로 바꿨는데 같은 회사에서 계속 일할 수 있어요?
재외동포 자격에서 단순노무도 허가받으면 가능해요?
체류자격 외 활동허가 받으려면 어떤 서류 내요?

재외동포 비자로 어떤 일은 못 해요?
인구감소지역에서는 단순노무도 가능해요?
유흥업소나 사행업소에서 일할 수 있어요?

재외동포 비자로 택배 일은 못 해요?
아파트 경비원이나 건물 청소도 안 되나요?
배달원으로 일할 수 있는 업종도 있어요?

재외동포로 노래방이나 PC방에서 일할 수 있어요?
골프장 캐디는 재외동포 비자로 가능해요?
노점상은 재외동포 비자로 안 되나요?

재외동포 자격 받을 때 비취업 서약서가 뭐예요?
서약서 어기면 어떻게 돼요?
지역특화형 비자 지역에서는 서약서 안 써도 되나요?",재외동포(F-4) / 체류자격 외 활동허가 (p. 492~495),재외동포법상 동포 (한국계 외국인),F-5 영주 (2년+ 거소),F-1 동반,"재외동포, 한국계, 동포",완료,"[3차요약] F-4 자격외활동: 법무부고시 제2026-35호 제한직업에 취업하지 않을 것 서약. 지역특화 F-4는 자격외 활동허가 신청 시 예외 (재외동포편 p.10~11, 별첨 8)."
F-5 (F-5-6),F-5,체류,체류자격 변경,재외동포(F-4) 자격으로 대한민국에 2년 이상 계속 체류하고 있는 사람 (국내 거소신고 후 국외 거주 기간도 2년 이상 계속 체류기간에 포함),,"아래 어느 하나의 요건을 갖춘 사람:
- 영주자격 신청 시 연간 소득이 한국은행 고시 전년도 1인당 GNI 이상 (동거가족 합산 시 신청인 소득이 50% 이상)
- 해외로부터 연금을 받는 60세 이상으로 연간 연금액이 전년도 GNI 이상
- 전년도 재산세 납부실적 50만원 이상, 또는 본인명의 순자산이 전년도 가계금융·복지조사 평균순자산 이상
- 대한민국 기업과의 연간 교역실적 20억원 이상
- 대한민국에 미화 50만 불 이상 투자한 사람
- 거주국 정부가 공인한 동포단체 대표 또는 법인기업체 대표로서 재외공관장이 추천한 사람",,,,,,,,,,,,,"[공통서류]
해외 범죄경력증명서 (별첨 1)

[필수서류]
소득증빙: 소득금액 증명
연금증빙: 연금증서(사본) 및 연금입금통장
재산증빙: 부동산 등기부등본, 부동산 매매계약서, 임대차 계약서, 재산세 납세내역증명, 전·월세계약서, 신용정보조회서 등
교역증빙: 재직증명서, 등기부등본/사업자등록증 사본, 수출입 실적 증명서(선하증권 또는 송장 등), 연간 납세 증명서
투자증빙: 사업자 등록증사본/등기부 등본, 사업장 및 주택임대차계약서, 외국인투자기업증명서 등
동포단체 대표: 재외공관장 추천서","F-4로 한국에 2년 이상 있었는데 영주권 신청하려면 뭐 내요?
동포 영주권 신청할 때 소득 증빙은 뭐로 해요?
한국 기업과 교역하는 동포가 영주권 신청하려면 어떤 서류 내야 해요?",외국국적동포 영주(F-5-6) / 제출서류 (p. 496~498),D-7~E-7 또는 F-2 5년+ 체류 + 소득·재산 요건,국적취득,F-1 동반가족,"영주, 정착, 영주권",보류,"F-5-6 영주: 선행자격이 일반 F-5-1 기준으로 잘못 채워짐. 실제는 F-4 2년 이상 체류가 핵심. || [검토필요] [선행자격] 검토필요: 현재='D-7~E-7 또는 F-2 5년+ 체류 + 소득·재산 요건' / 제안='F-4 자격으로 2년 이상 계속 체류 + 소득/재산 등 부가 요건' (사유: ) || F-5-6 영주: 1차 [검토필요] 메모대로 선행자격은 'F-4 자격 2년 이상 계속 체류 + 소득/연금/재산세/교역/투자/공인동포단체 대표 중 하나'로 정정 필요. 동반가족도 F-5 공통값(F-2-71)이 잘못 복사됨. || [2차자동정정] [동반가족] 적용: 'F-1, F-2-71 (점수제 자녀)' → 'F-1 동반가족' || [2차검토필요] [선행자격] 검토필요: 현재='D-7~E-7 또는 F-2 5년+ 체류 + 소득·재산 요건' / 제안='재외동포(F-4) 자격으로 대한민국에 2년 이상 계속 체류 + (① 연간 소득이 전년도 1인당 GNI 이상 또는 ② 60세 이상 해외 연금자로 ' (사유: ) || [3차요약] F-5-6 외국국적동포 영주: F-4 자격 2년+ 계속 체류 + 6개 요건 중 하나(소득/연금/재산세/교역/투자/공인동포단체 대표). 동반가족은 F-5-4 (재외동포편 p.16~17)."
F-4,F-4,체류,체류기간 연장,"재외동포(F-4) 자격으로 국내 체류 중 체류허가 신청을 하는 동포 (체류자격 변경, 체류기간 연장 등)",,한국어능력 입증서류 제출(또는 면제) 여부에 따라 체류기간 부여 기간이 달라짐,,,,"한국어능력 입증서류 제출(또는 면제) 시: 체류자격 변경, 체류기간 연장 신청 시 최대 체류기간 3년 부여
한국어능력 미제출 시: 거소신고·체류자격 변경·체류기간 연장 신청 시 체류기간 1년 부여 (사회통합프로그램 등록·수강한 경우 2년 부여)",,,,,,,,,"신청서, 수수료, 한국어능력 입증서류, 체류지 입증서류(임대차계약서 등)","재외동포 비자 연장하려고 하는데 한국어 시험 없으면 1년만 받나요?
한국어 시험 점수 있으면 몇 년 체류 가능해요?
사회통합프로그램 듣고 있는데 체류기간 좀 더 받을 수 있어요?",재외동포(F-4) / 체류기간 연장 기준 (p. 134),재외동포법상 동포 (한국계 외국인),F-5 영주 (2년+ 거소),F-1 동반,"재외동포, 한국계, 동포",완료,"F-4 연장: 본문 일부 정합. 제출서류 공란(매뉴얼에 명문 존재). 출처 페이지(p.134) 의심. || [2차자동정정] [제출서류] 적용: '' → '신청서, 수수료, 한국어능력 입증서류, 체류지 입증서류(임대차계약서 등)' || [2차검토필요] [출처] 검토필요: 현재='재외동포(F-4) / 체류기간 연장 기준 (p. 134)' / 제안='재외동포(F-4) / 체류기간 연장 (매뉴얼 라인 7169 부근, '재외동포 자격 체류관리 절차' 섹션)' (사유: ) || [3차요약] F-4 체류기간 연장: 한국어능력 입증서류 제출 기준 등에 따라 최대 3년까지 부여 (재외동포편 p.10~11)."
H-2,H-2,체류,체류자격외 활동허가,,,"법적 근거: 출입국관리법 시행령 제23조제1항, 출입국관리법 시행령 별표 1의2 제29호 방문취업(H-2) 나. 활동범위
지정 방식:
- 농업, 임업, 어업, 광업, 제조업, 건설업: 허용업종 지정·나열(포지티브) 방식
- 서비스업: 허용제외업종 지정·나열(네거티브) 방식 (""서비스업 분류 고시""(통계청고시 제2018-390호) 기준 16개 대분류)
한국산업분류 체계는 대분류(알파벳) → 중분류(2자리) → 소분류(3자리) → 세분류(4자리) → 세세분류(5자리)로 구성

농업(소분류 3개): 작물 재배업(011), 축산업(012), 작물재배 및 축산 관련 서비스업(014)
임업(세세분류 4개): 임업용 종묘 생산업(02011), 육림업(02012), 벌목업(02020), 임업 관련 서비스업(02040) (산림기술 진흥법상 산림사업시행업자 중 법인사업체, 산림자원 조성·관리법상 종묘생산업자 중 법인사업체에 임업 단순 종사원(99102)으로 취업하는 경우로 한정)
어업: 연근해 어업(03112), 양식 어업(0321)
광업(중분류 3개): 금속 광업(06), 비금속광물 광업(07), 광업 지원 서비스업(08)
제조업(全 업종): 상시근로자 300명 미만 또는 자본금 80억원 이하 업체, 본점·주사무소가 수도권 외 지역에 소재하는 뿌리사업 중견기업에 취업하는 경우로 한정
건설업(全 업종): 발전소·제철소·석유화학 건설현장의 산업·환경설비 공사업체에 취업하는 경우는 제외","방문취업(H-2)의 취업활동은 가능업종의 고용주가 외국인근로자의 고용에 관한 법률 제12조에 따라 내국인 구인노력을 하고 특례고용가능확인을 받아 H-2 동포를 고용한 경우에 한함
취업개시일로부터 15일 이내 H-2 자격자가 취업개시신고 또는 고용주가 근로개시신고를 해야 함",,,,,"농업 중 '작물재배 및 축산 복합농업'(013)과 '수렵 및 관련 서비스업'(015)은 허용 안 됨
임업 중 '임산물 채취업'(0203)은 허용 안 됨
어업 중 '원양 어업'(03111), '어업 관련 서비스업'(0322)은 허용 안 됨
광업 중 '석탄, 원유 및 천연가스 광업'(05)은 허용 안 됨

서비스업 제외(허용 안 되는) 업종 주요:
E. 수도, 하수 및 폐기물 처리, 원료 재생업 중 수도업(36), 환경 정화 및 복원업(39)
G. 도매 및 소매업 중 자동차 및 부품 판매업(45)
H. 운수 및 창고업 중 육상 운송 및 파이프라인 운송업(49) - 단, 육상 여객 운송업(492), 택배업(49401, 한정), 수상 운송업(50), 항공 운송업(51), 창고 및 운송 관련 서비스업(52, 일부 한정 허용)
J. 정보통신업 중 출판업(58, 581 서적·잡지 출판은 허용), 우편 및 통신업(61), 컴퓨터 프로그래밍·시스템 통합 및 관리업(62), 정보서비스업(63)
K. 금융업(64), 보험업(65), 금융 및 보험관련 서비스업(66)
L. 부동산업(68)
M. 연구개발업(70), 전문 서비스업(71), 건축기술·엔지니어링 등(72)
N. 사업시설 관리 및 조경 서비스업(74) - 단, 사업시설 유지·관리 서비스업(741), 건물 및 산업설비 청소업(7421)은 허용
N. 고용 알선 및 인력 공급업(751) - 단, 가사근로자 고용 개선법상 가사서비스 제공기관 취업은 허용
O. 공공 행정·국방·사회보장 행정(84)
P. 교육 서비스업(85)
U. 국제 및 외국기관(99)","숙박 및 음식점업(I, 55~56), 보건업 및 사회복지 서비스업(Q, 86~87), 예술·스포츠·여가관련 서비스업(R, 90~91), 협회 및 단체·수리 및 기타 개인 서비스업(S, 94~96), 가구 내 고용활동(T, 97~98)은 제외업종에 포함되지 않음(=취업 가능)","취업개시일로부터 15일 이내 취업개시신고 의무
출입국관리법 제100조제2항에 따라 미신고 시 100만원 이하 과태료 부과",,,,,,"방문취업 비자로 어떤 일을 할 수 있는지 어떻게 정해져요?
제조업이나 농업이면 다 일할 수 있어요?
서비스업은 어느 업종에서 일할 수 없어요?

방문취업으로 농업에서 일할 수 있는 업종은 뭐예요?
작은 제조업체에서만 일할 수 있어요?
건설업 일 가능해요? 어떤 현장은 안 돼요?

방문취업으로 식당이나 카페에서 일할 수 있어요?
교육이나 학원에서는 일할 수 없나요?
가사도우미는 방문취업으로 가능해요?

방문취업으로 일하기 시작했는데 며칠 안에 신고해야 해요?
고용주가 특별한 절차를 거쳐야 저를 고용할 수 있어요?
취업 신고 안 하면 어떻게 되나요?",방문취업(H-2) / 취업 활동범위 - 법적 근거 및 지정 방식 (p. 518),재외동포 (방문취업 자격 부여),"E-7-4 (4년+), F-4 재외동포",-,"방문취업, 재외동포, 단순노무",완료,"[3차요약] H-2 취업범위: 농·임·어·광·제조·건설은 포지티브, 서비스업은 네거티브. 한국산업분류 체계 적용 (재외동포편 별첨 3, p.34~)."
F-4,F-4,체류,외국인등록(또는 자격외활동허가) 시 부수되는 비취업 서약 절차 - 신청종류 라벨 검토,"재외동포(F-4) 자격 소지자

재외동포(F-4) 자격 소지자의 취업 제한 분야",,"[표]
재외동포(F-4) 취업활동 제한 직업 자격 종목 및 등급(산업·직무·종목·등급)",,,,,,"출입국관리법 제18조제1항, 동법 시행령 제23조제3항, 동법 시행규칙 제27조의2에 따라 「재외동포(F-4) 자격의 취업활동 제한범위 고시」(법무부 고시 제2026-35호, 2026.2.12.)에서 정한 직업에 취업 불가
제한 직업(제조업 분야 등) 예시: 공조냉동기계, 궤도장비정비, 사출금형(산업기사 이상), 사출금형설계(기사 이상), 프레스금형, 프레스금형설계(기사 이상), 기계정비, 기계가공조립, 농업기계, 메카트로닉스, 생산자동화, 일반기계, 자동차정비, 전자부품장착, 정밀측정, 조선
재료 분야: 용접, 금속재료, 금속가공(기사 이상), 주조, 표면처리
전기·전자 분야: 전기, 전기철도, 전자, 전자계산기 (산업기사 이상)
건설 분야: 건설재료시험, 콘크리트, 토목 (산업기사 이상)
섬유·의복: 섬유, 환경·에너지: 폐기물처리, 에너지관리
위반 시 범칙금 처분 및 체류기간 연장 불허 등 출입국관리법에 따른 처벌 가능

「사행행위 등 규제 및 처벌 특례법」 제2조제1항제1호 및 동법 시행령 제1조의2 등에서 규정하고 있는 사행행위 영업
「식품위생법」 제36조 및 동법시행령 제21조제8호 등에서 규정하고 있는 단란주점영업, 유흥주점영업
「풍속영업의 규제에 관한 법률」 제2조 및 동법시행령 제2조 등에서 규정하고 있는 풍속영업 중 선량한 풍속에 반하는 영업
불특정한 사람 사이의 신체적 접촉 또는 은밀한 부분 노출 등 성적 행위가 이루어지거나 우려되는 서비스 영업으로 청소년보호위원회가 결정하고 여성가족부장관이 고시한 청소년 출입·고용금지업소
청소년유해매체물 및 청소년유해약물 등을 제작·생산·유통하는 영업 등 청소년 출입·고용금지업소
기타 체류자격자의 신분을 벗어난 활동 및 법무부장관이 취업을 제한할 필요가 있다고 인정하는 분야
청소년 출입·고용금지업소 결정 고시(여성가족부고시 제2013-52호) 기준:
시설: 밀실·밀폐공간·칸막이 등 구획 시설
설비: 화장실·욕조 등 별도시설, 침구·침대·변형 가능 의자 비치, 컴퓨터·TV·비디오·노래방기기 설치, 성인용인형(리얼돌)·자위기구 등 성관련 기구 비치
영업형태: 입맞춤·애무·퇴폐안마·나체쇼 등 신체접촉 또는 성관련 신체부위 노출·성행위·유사성행위 우려 영업, 성인용 영상물·게임물·사행성 게임물 등 성인용 매체 유통 영업, 성인용 인형·자위기구 등 이용 영업
영업 예시: 키스방, 대딸방, 전립선마사지, 유리방, 성인PC방, 휴게텔, 인형체험방 등",,재외동포(F-4) 취업활동 제한직업 비취업 서약서 제출,,,,,,"한국 동포비자로 들어왔는데 못하는 일이 있어요?
동포 자격으로 용접 같은 기능직 일해도 돼요?
제한 직종에 일하면 어떻게 되나요?

동포 비자 받았는데 어떤 일은 못해요?
유흥업소나 단란주점에서 일해도 되나요?
청소년 출입금지업소는 구체적으로 어떤 곳이에요?",F-4 재외동포 / 취업활동 제한직업 비취업 서약 (p. 539),재외동포법상 동포 (한국계 외국인),F-5 영주 (2년+ 거소),F-1 동반,"재외동포, 한국계, 동포",완료,"F-4 비취업 서약: 외국인등록 신청종류 라벨이 본문(취업제한 분야)과 다소 어긋남. 라벨 정합성 검토 권장. || [자동정정] [신청종류] 적용: '외국인등록' → '외국인등록(또는 자격외활동허가) 시 부수되는 비취업 서약 절차 - 신청종류 라벨 검토' || F-4 비취업 서약: 1차 자동정정이 신청종류 컬럼에 분류 메타 코멘트 삽입 → 컬럼 의미 훼손. 컬럼 의미 복원 후 검수메모에 분류 검토 사실 기록 필요. || [2차검토필요] [신청종류] 검토필요: 현재='외국인등록(또는 자격외활동허가) 시 부수되는 비취업 서약 절차 - 신청종류 라벨 검토' / 제안='외국인등록 (비취업 서약 부수절차)' (사유: ) || [3차요약] F-4 비취업 서약: 별첨 8-1(영문)·8-2(중문)·8-3(노문)에 따른 서약서 제출. 법무부 고시 제2026-35호 제한 직업 미취업 서약 (재외동포편 별첨 8, p.56~58)."
F-5 (F-5-14),F-5,체류,체류자격 변경 (F-5-14는 H-2 4년+ 후 영주로 변경),,"건설업(17): 건설(콘크리트, 철도토목, 건축목공, 실내건축, 조경), 기계(공조냉동기계), 재료(용접) - 산업기사 이상
농업(5): 농림어업(유기농업, 축산) - 산업기사 이상
어업(8): 농림어업(수산양식, 어로), 식품가공(수산제조), 건설(잠수) - 산업기사 이상","영주(F-5-14) 부여 자격 종목·등급에 해당하는 산업별 기술자격 보유자

[표]
영주(F-5-14) 부여 자격 종목 및 등급 표(산업/직무분야/종목/등급)",,,,,,,,,,,,,,"어떤 기술자격 가지면 영주권 신청할 수 있어요?
건설 분야 자격증 있는데 영주자격 받을 수 있나요?
수산양식 같은 어업 자격으로도 영주 가능해요?",F-5-14 영주 / 부여 자격 종목 및 등급 (p. 483),D-7~E-7 또는 F-2 5년+ 체류 + 소득·재산 요건,국적취득,F-1 동반가족,"영주, 정착, 영주권",보류,"F-5-14 행: '신청종류'와 '선행자격'이 F-5 일반 기준으로 잘못 채워진 것으로 보임. F-5-14 별도 지침에 맞춰 정정 권장. || [자동정정] [신청종류] 적용: '체류자격 부여' → '체류자격 변경 (F-5-14는 H-2 4년+ 후 영주로 변경)' || [검토필요] [선행자격] 검토필요: 현재='D-7~E-7 또는 F-2 5년+ 체류 + 소득·재산 요건' / 제안='방문취업(H-2) 4년 이상 + 제조업 등 종목·등급 충족' (사유: ) || F-5-14 영주: 1차 [검토필요] 메모대로 선행자격은 'H-2 4년 이상 동일업체 + 기술자격 또는 GNI 70%+' 한정. 신청종류 컬럼의 부연설명 제거 필요. 동반가족 F-2-71 잘못 복사. || [2차자동정정] [동반가족] 적용: 'F-1, F-2-71 (점수제 자녀)' → 'F-1 동반가족' || [2차검토필요] [신청종류] 검토필요: 현재='체류자격 변경 (F-5-14는 H-2 4년+ 후 영주로 변경)' / 제안='체류자격 변경' (사유: ) || [선행자격] 검토필요: 현재='D-7~E-7 또는 F-2 5년+ 체류 + 소득·재산 요건' / 제안='방문취업(H-2) 자격으로 제조업/농축산업/어업/간병인/가사보조인에서 동일업체 4년 이상 계속 근무 (F-4 자격 변경자 포함) + 기술·기능자' (사유: ) || [3차요약] F-5-14 영주: H-2 자격으로 제조업/농축산업/어업/간병/가사보조 동일업체 4년+ 계속 근무(F-4 변경자 포함) + 기술자격 또는 GNI 70%+. 동반가족은 F-5-4 (재외동포편 p.18~19, 별첨 9 p.59)."
F-2 (F-2-R),F-2,체류,체류자격 변경,"국내 합법 체류외국인으로서 인구감소지역 정착을 위해 지역특화형 우수인재(F-2-R)로 자격변경하려는 사람

실거주 인정 특례 적용 신청자(지자체 추천서 발급 신청 시까지 부득이한 사정으로 실거주 요건 미충족자)

지역특화형 우수인재(F-2-R) 자격 소지자

국내 성장 기반 외국인 청소년으로서 구직(D-10) 또는 국내성장인력(E-7-Y) 자격으로 인구감소(관심)지역에 4년 이상 거주한 사람","숙련기능인력(E-7-4)으로 자격변경 후 2년 이상 경과한 사람 중 현 근무처 계속 근무 예정자 또는 고용계약 종료(예정)자(E-7-4로 2년 이상 체류 후 구직 D-10으로 변경한 사람 포함)
지역특화형 숙련기능인력(E-7-4R)으로 자격변경 후 3년 이상 경과하고 인구감소지역에 거주하는 사람(인구감소관심지역 거주자는 인구감소지역으로 이전 시 신청 가능)","국내 합법 체류외국인일 것
지자체장의 추천을 받을 것

1. 추천서: 추천지역을 관할하는 광역지자체의 장의 추천서를 발급받을 것(발급일로부터 3개월간 유효, 1회 신청에 한함, 동일국적 추천비율은 기초지자체별 배정인원의 30% 이내)
2. 학력 또는 소득
- (학력) 국내 전문학사 이상 학위 취득자(2년제 전문대학 이상 졸업/졸업예정자, 유학(D-2) 자격으로 국내 2년 이상 체류 후 학칙으로 정하는 과정 마치고 학위 취득한 경우 한정), 신청일 기준 6개월 이내 졸업 예정 증빙 필요
- (소득) 신청인(본인) 소득만 인정, 신청일 기준 전년도(또는 전전년도) 연간 소득이 추천 광역지자체의 생활임금 이상
- 인정 소득(소득세법 제4조제1항): 이자·배당·사업·근로·연금·기타소득(소득세 납부 분만 인정, 비과세소득은 증빙 검토 후 인정)
3. 거주, 취·창업: 5년 이상 추천지역에서 거주하거나 취업 또는 창업활동을 하고자 할 것
- 근로계약상 급여가 광역지자체별 생활임금 이상 및 최저임금 요건 충족, 신청일 기준 3개월 이내 근로 개시 및 고용계약기간 1년 이상
- 창업: 투자금액 2억원 이상, 1억원은 해외에서 국내로 반입한 외국 자본
4. 기본소양: 사회통합프로그램 4단계 이상 이수(사전평가 5단계) 또는 한국어능력시험(TOPIK) 4급 이상
5. 기타: 품행단정 등 기타 법무부장관이 정하는 요건 충족
동반가족 초청 소득 기준(주거급여 선정기준, 2026년): 5인 3,627,225원/월, 6인 4,106,857원/월, 7인 4,567,272원/월, 8인 5,027,687원/월 (4인 이하는 주 체류자격자 소득요건 충족 시 초청 가능)

공통: 자격요건(거주지 요건, 취·창업 요건, 소득요건 등)을 계속 유지할 것

공통요건 충족(18~24세, 18세 전 국내 7년 이상 체류, 10~18세 3년 연속 해외체류 이력 없음, 국내 초·중·고 졸업 또는 사회통합프로그램 이수)
구직(D-10) 또는 국내성장인력(E-7-Y) 자격으로 인구감소(관심)지역에 4년 이상 거주
특례: 지역특화 우수인재(F-2-R) 체류자격 변경허가 요건 중 거주지 요건만 적용(점수제, 소득요건 등 일반 F-2-R 요건은 면제)
체류기간 연장 요건: 인구감소(관심)지역에 실거주(자격변경 후 2년 경과 시 동일 광역자치단체 내 다른 인구감소(관심)지역 이전 가능), 특례로 거주지 요건만 적용","근무처 또는 취업과 창업간 변경 시 광역지자체장이 발급한 추천서를 첨부하여 관할 출입국관서에서 ""허가조건 변경"" 심사를 받아야 함",,,,"허가일로부터 최초 2년은 추천지역 또는 동일 광역지역(거주·취업 세부유형 C, D에 한함)에 실거주
2년 경과 시 동일 광역지자체 내 다른 인구감소지역으로 이전 가능
근무처 및 창업한 사업체가 추천지역 내 소재(거주·취업 세부유형 A, B는 동일 광역지역 가능)
허가일 기준 최초 2년은 추천지역에서 취·창업하여야 하며, 2년 경과 시 해당 광역자치단체 내 사업지역에 취·창업 가능
취업·창업 간 변경: 허가일 기준 최초 2년은 추천지역 또는 동일 광역지역에서 취·창업, 활동 요건 모두 충족 시 동시에 취업과 창업 활동 가능
거주·취업 세부유형: 유형A(추천지역 거주+동일 광역지역 취업), 유형B(추천지역 가족동반거주+동일 광역지역 취업), 유형C(광역지역 거주+추천지역 취업), 유형D(광역지역 거주+추천지역 창업) - A·B·C·D 허용 지자체: 전남·전북·경북·부산, A·B 허용: 대구·경남, A 허용: 경기(가평)·강원(고성)
5년 이상 추천지역 등 지정된 지역에 계속 거주 및 취·창업할 것
2년 경과 시 동일 광역자치단체 내 다른 인구감소지역으로의 이전 가능","제외 대상: 기술연수(D-3), 일반연수(D-4), 호텔유흥(E-6-2), 계절근로(E-8), 비전문취업(E-9), 선원취업(E-10), 기타(G-1), 관광취업(H-1) 자격 소지자
구직(D-10) 체류자격자 중 직전 체류자격이 위 제외 자격에 해당하는 사람
단기체류자격을 소지한 「출입국관리법 시행규칙 별표 5 사증발급신청 등 첨부서류에 관한 고시」(법무부고시 제2011-534호) 국가 국민
최근 5년 이내 지역특화형 비자 또는 동반가족 체류자격으로 체류한 적이 있는 사람

(신청인 품행단정 결격사유)
국내외 특정강력범죄·협박·공갈·사기·보이스피싱·마약·성폭력 관련 범죄로 형 선고 사실이 있는 경우
국내외 금고 이상의 형(집행유예 포함) 선고 후 형 집행 종료/면제일로부터 5년 미경과
신청일로부터 3년 이내 300만원 이상 벌금형 선고
신청일로부터 3년 이내 출입국관리법 위반 범칙금 합산 500만원 이상
최근 3년 이내 3회 이상 범칙금 처분
출입국관리법 제11조 제1항 입국금지 대상자
(고용주 결격사유)
출입국관리법 제7조의2/12조의3/18조 3·4·5항/21조2항/26조/33조의3제1호 위반으로 금고 이상 형, 집행유예, 500만원 이상 벌금/범칙금 후 3년 미경과(500만원 미만은 1년 미경과)
성매매알선 처벌법, 사행행위 규제법, 마약류 관리법 등 위반으로 금고 이상 형(집행유예 포함) 후 3년 미경과
성폭력범죄 특례법 또는 성폭력방지법 제8조 위반으로 금고 이상 형(집행유예 포함) 후 5년 미경과
근로기준법 위반으로 금고 이상 형(집행유예 포함) 후 3년 미경과
신청일로부터 최근 1년간 사증발급인정서 대리신청으로 10인 이상 초청한 자 중 피초청자 과반수가 불법체류 중인 사람
신청일로부터 최근 1개월간 외국인고용주 신고의무(제19조) 또는 유학생 초청기관장 신고의무(제19조의4)를 2회 이상 게을리하여 과태료 납부일로부터 1개월 미경과
고용기업 세금(국세·지방세) 체납 사실이 있는 경우
고용가능인원: 내국인 고용보험 가입인원 1~5명은 3명까지, 6~50명은 50%, 51~100명은 50% 내 최대 35명, 101~150명은 40명, 151명 이상은 50명까지
취업알선·인력파견 업체 소속의 일당제/파견제 취업 불가, 고용주와 사용자 동일 필요

허가조건 위반 시(거주·취·창업 요건 위반, 허가조건 변경 절차 위반, 소득요건 미충족 등) 출입국관리법 제89조제1항 및 제68조제1항에 따라 체류자격이 취소되고 출국조치
동일 위반이 반복되거나 장기간 시정되지 않는 경우 출입국관리법 제89조에 의해 체류기간 연장 제한, 체류허가 취소 등의 불이익 가능","준법시민교육: 지역우수인재 자격변경 및 연장허가 예정자 중 국내법 위반 사실이 확인된 자(품행단정 결격사유 해당자 제외)는 준법시민교육 대상

사업장의 휴·폐업, 인권침해 및 기타 이에 준하는 사유 등으로 계속 근무가 곤란한 경우 지자체의 추천을 받아 업종 변경 가능","실거주 인정 특례: 자격 변경 후 30일 이내 체류지 관할 지방출입국·외국인관서 등에 전입신고 및 이사 완료 시 실거주로 인정
임대차계약서의 계약일부터 전입신고일까지 15일 초과 시 출입국관리법 제36조(체류지 변경의 신고) 위반
특례 조건 위반 시 체류자격 취소 가능

외국인등록증 수령 시 지역특화형 비자 안내문(붙임 11)을 교부받고, 서명 후 제출
외국인등록증 타인 및 우편(택배) 수령 금지",,"[표]
지역특화형 우수인재(F-2-R) 기본 요건(추천서/학력·소득/거주·취창업/기본소양/기타)

고용기업 내국인 고용보험 가입인원별 최대 외국인 고용 가능인원(F-2-R)",,,"[필수서류]
- 광역지자체의 장의 추천서(발급일로부터 3개월간 유효)
- 전문학사 이상 학위증 또는 졸업예정 증빙(대학 총장·학과장 명의 문서, 최초 체류기간 연장 시 학위증 등 입증서류)
- 전년도 소득금액증명 등 소득 입증 공적 증명서류
- 근로계약서(일일 근무시간·근무내용·근무장소, 광역지자체별 생활임금 이상 급여 명시)
- 사회통합프로그램 4단계 이상 이수 증명 또는 TOPIK 4급 이상 성적

[기타서류]
실거주 인정 특례 적용 시: 임대차계약서, 숙소제공확인서(숙소제공 예정인 경우 숙소제공예정자의 확인 서명 등 필요) 등 실거주 예정임을 확인할 수 있는 서류(지자체와 지방출입국·외국인관서에 동일 서류 제출)
창업의 경우: 투자자금 도입 및 자본금 사용내역 증빙(법인은 D-8-1, 개인사업자는 D-9-4 요건 적용)

[공통서류]
- 통합신청서
- 여권
- 사진
- 외국인등록증

[필수서류]
- 학력 입증서류(학력증명서, 학위증, 졸업증명서, 졸업예정증명서 등)
- 소득 입증서류: 세무서 발급 소득금액증명 등 공적 증명서류
- 거주지 입증서류(부동산임대차계약서, 부동산등기부등본 등)
- 경제활동 입증서류: (취업자) 고용계약서, 재직증명서, 사업자등록증, 법인등기부등본 등 / (창업자) 투자금 증빙서류, 사업자등록증, 법인등기사항전부증명서, 사업장 존재 입증 서류(사무실 임대차계약서, 사업장 전경·사무공간·간판 사진 등)
- 해외범죄경력증명서(영주 지침의 범죄경력증명서 규정 준용)
- 기본소양 요건 입증서류 1개 이상: 사회통합프로그램 4단계 이상 이수증, 사전평가 5단계 이상 배정 확인서, TOPIK 4급 이상 성적표(유효기간 별도 정해진 경우 신청일 당시 유효기간 이내)
- 고용기업 요건 확인 서류: 사업자등록증 사본, 납세증명서, 지방세납세증명서, 4대 보험 가입자 명부, 고용보험 가입자 명부 등
- 지자체장 추천서(발급일로부터 3개월 이내)

[기타서류]
지자체별 개별 요건이 있는 경우 그 요건 충족 서류
그 밖에 관할 출입국·외국인관서의 장이 심사에 필요하다고 인정하는 서류","인구감소지역으로 가서 살려고 하는데 거주비자 신청할 수 있어요?
어떤 체류자격 가진 사람은 지역특화 우수인재 신청 못해요?
숙련기능 일하고 있었는데 지역특화로 바꿀 수 있나요?

지역특화 우수인재로 거주비자 받으려면 어떤 조건 충족해야 해요?
한국어 시험은 몇 급 있어야 신청 가능해요?
동반가족 초청하려면 소득이 얼마나 있어야 해요?

지역특화 우수인재 변경 신청할 때 서류 뭐 내야 해요?
아직 이사 안 했는데 실거주 인정받으려면 어떤 서류 필요해요?
학교 졸업 전인데 어떤 증빙 내요?

벌금형 받은 적 있는데 지역특화 우수인재로 변경 가능해요?
회사가 외국인 몇 명까지 고용할 수 있어요?
파견회사 소속으로 일해도 신청할 수 있나요?

지역특화 우수인재 비자로 얼마 동안 그 지역에 살아야 해요?
2년 지나면 다른 지역으로 이사 가도 되나요?
회사 폐업했을 때 다른 일자리 옮길 수 있어요?

지역특화 우수인재 자격변경할 때 어떤 서류 준비해요?
소득은 어떤 증명서로 보여줘요?
범죄경력 증명서도 내야 해요?

지역특화 우수인재 비자로 몇 년 동안 그 지역에 살아야 해요?
근무처 바꿀 때 따로 절차가 있어요?
허가조건 어기면 어떻게 되나요?

한국에서 자란 청소년이 인구감소지역에 살면 어떤 비자로 바꿀 수 있어요?
소득이나 한국어 점수 없이도 지역특화 우수인재 비자 받을 수 있어요?
몇 년 그 지역에 살아야 신청 가능해요?",F-2-R 지역특화형 우수인재 / 자격변경 (p. 547),D-7~E-7 또는 F-4 자격 인구감소지역 5년+ 거주,F-5 영주,"F-1, F-3-1R","지역우수인재, 인구감소지역",완료,"[3차요약] F-2-R 자격변경: 국내 합법 체류자(D-3,D-4,E-6-2,E-8~E-10,G-1,H-1 등 제외) + 지자체 추천 + 학력/소득 + 5년 추천지역 거주/취·창업 + 기본소양 (지역특화편 p.64~65)."
F-2 (F-2-R),F-2,체류,체류기간 연장,지역우수인재(F-2-R) 체류자격 소지자,,"1. 소득: 신청인 및 배우자(F-3-1R 체류자격 소지자에 한함) 합산 소득, 신청일 기준 전년도 연간 소득이 광역지자체의 생활임금 이상(소득요건 심사기준은 체류자격 변경의 소득요건 기준 준용)
2. 거주, 취·창업: 체류자격 변경의 ""거주"", ""취·창업"" 요건을 계속 충족(단, 직전 체류자격변경·체류기간연장·허가조건 변경 시와 동일 근무처인 경우 고용기업·고용주 요건 적용 제외, 근무처 변경한 경우 고용기업·고용주 요건 심사)
3. 창업: 자본금 사용내역, 내국인 고용실적, 납세실적(부가세·소득세 등)을 심사하여 정상적 사업 운영 여부 확인
4. 기타: 품행단정 요건 계속 충족, 자격변경 시 졸업예정증명서 제출자는 국내 전문학사 이상 학위증 제출, 지자체 개별요건 있는 경우 충족",,,,,,,"체류기간 1년 범위 내 체류허가 특례 대상: 임신, 출산 또는 육아휴직, 산재휴직 등으로 소득요건 미충족자; 최초 체류기간 연장 시 근로기간 부족 등으로 소득금액증명원 상 소득금액이 요건 미충족하나 현재 취업 중인 자로 소득요건을 충족하는 급여(월)를 받는 경우
동반가족 초청 시에도 소득요건 특례 적용 가능",,,,,,"[공통서류]
- 통합신청서
- 여권
- 사진
- 외국인등록증

[필수서류]
- 학력 입증서류(학력증명서, 학위증, 졸업증명서 등) ※ 자격 변경 당시 졸업예정증명서를 제출한 경우 최초 1회만 징구
- 소득 입증서류: 세무서 발급 소득금액증명 등 공적 증명서류
- 거주지 입증서류(부동산임대차계약서, 부동산등기부등본 등)
- 경제활동 입증서류: (취업자) 고용계약서, 재직증명서, 사업자등록증, 법인등기부등본 등 / (창업자) 사업자등록증 사본, 영업허가증(해당자), 투자기업등록증(소지자), 납세증명서, 납세사실증명원, 법인등기사항전부증명서(해당자), 사업장 존재 입증 서류(사무실 임대차계약서, 사업장 전경·사무공간·간판 사진 등)
- 고용기업 요건 확인 서류: 사업자등록증 사본, 납세증명서, 지방세납세증명서, 4대 보험 가입자 명부, 고용보험 가입자 명부 등

[기타서류]
(근무처가 변경된 경우) 광역지자체장 추천서
지자체별 개별 요건이 있는 경우 그 요건 충족 서류
그 밖에 관할 출입국·외국인관서의 장이 심사에 필요하다고 인정하는 서류","지역특화 우수인재 비자 연장하려면 소득이 얼마나 있어야 해요?
출산휴가나 육아휴직 중인데 연장할 수 있어요?
근무처 안 바꿨으면 고용주 요건 심사 안 받아도 되나요?

지역특화 우수인재 연장 신청할 때 어떤 서류 내요?
졸업예정증명서로 자격 받았는데 연장 때 다시 학위증 내야 해요?
근무처 바뀌었으면 추가로 어떤 서류 필요해요?",F-2-R 지역특화형 우수인재 / 체류기간 연장 (p. 555~557),D-7~E-7 또는 F-4 자격 인구감소지역 5년+ 거주,F-5 영주,"F-1, F-3-1R","지역우수인재, 인구감소지역",완료,[3차요약] F-2-R 체류기간 연장: 기존 F-2-R 소지자 대상. 신청인+배우자(F-3-1R) 합산 소득 생활임금+ 거주·취창업 요건 유지 (지역특화편 p.74~75).
F-2 (F-2-R),F-2,체류,근무처 변경/추가,지역우수인재(F-2-R) 체류자격 소지자,,"[허가조건 변경(근무처 변경)] 체류자격 변경허가의 취업 활동 요건을 충족하고 광역지자체장의 추천서를 발급받아야 함
자격변경 후 1년 이내는 원칙적으로 근무처 변경 제한, 단 사업장 휴·폐업, 임금 체불 등으로 동일 근무처에서 근무가 곤란한 경우 ""허가조건 변경(근무처 변경)"" 심사 후 변경 가능(새 근무처에서 다시 1년간 원칙적으로 근무처 변경 제한)","광역지자체장의 추천서 발급 → 관할 출입국·외국인관서에 ""근무처 변경(허가조건 변경)"" 신청 ('지역특화형 우수인재 허가조건 변경 신청서' 제출)
근무처 변경허가 절차에 준하여 처리하되, 수수료 면제
허가조건 변경(취·창업 간 변경)도 허가조건 변경(근무처 변경) 절차 준용",근무처 변경허가 절차에 준하나 수수료 면제,,,,근무처 추가는 추천지역(인구감소지역) 내에서만 허용,,"체류기간 연장 시 소득금액 확인, 사업자등록증 등 관련서류 징구하여 요건 준수 여부 확인",,,,,,"지역특화 우수인재 비자로 회사 바꿔도 돼요?
같은 지역 안에서 다른 곳에서 부업해도 되나요?
창업했는데 취업도 같이 하려면 어떻게 해요?",F-2-R 지역특화형 우수인재 / 허가조건 변경(근무처 변경) 및 근무처 추가 (p. 558~559),D-7~E-7 또는 F-4 자격 인구감소지역 5년+ 거주,F-5 영주,"F-1, F-3-1R","지역우수인재, 인구감소지역",완료,"[3차요약] F-2-R 근무처 변경/추가: 기존 F-2-R 자격 + 자격변경허가 취업요건 충족 + 지자체장 추천서. 변경 후 1년 이내 원칙 제한, 휴폐업/체불 등 사유 시 가능 (지역특화편 p.74~77)."
F-3 (F-3-1R),F-3,체류,체류자격 변경,지역우수인재(F-2-R) 자격 소지자의 배우자 및 미성년자녀(배우자가 없을 것),,"(공통사항)
실거주: 신청일 기준 주 체류자와 동일한 주소지에 실거주(주체류자와 동반신청 시 실거주 인정 특례를 인정받은 경우 동반가족도 동일하게 적용)
주체류자 요건: 주 체류자(F-2-R)와 동반신청 시 주 체류자가 모든 자격요건을 충족(이미 F-2-R 자격 소지 상태에서 동반가족 신청은 주 체류자 자격요건 별도 심사하지 않음, 단 가족 구성원 5인 이상은 소득요건 확인)
주거지: 기숙사가 아닌 가족이 생활할 수 있는 독립된 주거시설 확보
소득: 초청 인원에 따라 차등 적용(주거급여 선정기준): 5인 3,627,225원/월, 6인 4,106,857원/월, 7인 4,567,272원/월, 8인 5,027,687원/월(4인 이하는 주 체류자격자 본인의 소득요건 충족 시 초청 가능)
(배우자) 주 체류자(F-2-R)와 유효한 혼인 성립 및 정상적 혼인 관계 유지, 품행단정 요건 충족, 자격변경 후 2년 이내 사회통합프로그램 2단계 이상 이수(미이수 시 체류기간 연장 최대 6개월로 제한)
(미성년자녀) 주체류자의 미성년 자녀로서 배우자가 없을 것, 학령기인 경우 국내 초·중·고교(초·중등교육법 제2조 1~3호 학교, 공민학교·고등공민학교·방송통신중고·고등기술학교 제외, 외국인학교 및 대안학교, 외국교육기관, 과학영재학교 포함)에 입학 예정이거나 재학 중이어야 함(위반 시 주체류자격자 허가 취소)",,,,,"체류자격: F-3-1R(지역우수인재 동반가족 또는 지역인재가족)
체류기간: 주 체류자의 체류만료일과 동일하게 부여","자격변경 제한 대상:
출국을 위한 체류기간 연장허가 또는 출국기한 유예를 받은 자
최근 5년 이내 지역특화형 지역우수인재 및 동반가족 체류자격으로 체류한 적이 있는 자
불법체류자","장기 질병치료 또는 중증 장애 등으로 부득이하게 학교 재학이 어려운 미성년자녀
학기 중 입국(전입)하여 초·중·고교에 입학할 예정이나 입학예정증명서 발급이 어려운 사람은 자격변경 허가하고 최초 체류기간 연장 시 관련서류 징구",,,,,,"[공통서류]
- 통합신청서
- 여권
- 사진
- 외국인등록증

[필수서류]
- 주 체류자격자(F-2-R)와의 가족관계입증서류(결혼증명서, 출생증명서 등)
- 주 체류자와 동일 지역 실거주 입증서류
- 사회통합프로그램 2단계 이상 이수 증빙서류(추후 제출 가능)
- 학령기 아동 입학·재학증명서(학교장 발급) 또는 진단서(병원급 의료기관 발급), 장애인증명서(시군구청장 발급)

[기타서류]
그 밖에 관할 출입국·외국인관서의 장이 심사에 필요하다고 인정하는 서류
(체류자격 부여 대상: 국내 출생 자녀) 출생증명서(중국의 경우 호구부), 가족관계 입증서류, 체류자격자(F-2-R)의 외국인등록증, 주 체류자와 동일 지역 실거주 입증서류
(체류자격외 활동허가 대상: F-3-2R 배우자) 표준근로계약서(시급·근로내용·근무시간 등 포함), 사업자등록증 사본, 고용주 신분증 사본","지역특화 우수인재 비자 받은 사람 가족도 같이 올 수 있어요?
배우자 사회통합프로그램 안 들으면 어떻게 돼요?
학교 다니는 자녀는 어떤 학교 다녀야 가능해요?

지역특화 우수인재 가족 비자 신청할 때 어떤 서류 내요?
한국에서 아이가 태어났는데 어떤 서류 준비해요?
동반가족이 일하려면 어떤 서류가 필요해요?",F-3-1R 지역우수인재 동반가족 / 자격변경 (p. 559~560),"주체류자(E-1~E-7, D-7~D-9 등)의 배우자·미성년 자녀",주체류자 따라 변경,본인이 동반자격,"동반, 배우자, 자녀",보류,"F-3-1R: 선행자격이 F-3 일반 동반(F-3) 표기로 채워짐. F-3-1R은 F-2-R로 한정. || [검토필요] [선행자격] 검토필요: 현재='주체류자(E-1~E-7, D-7~D-9 등)의 배우자·미성년 자녀' / 제안='F-2-R 지역특화형 우수인재의 배우자 또는 미성년자녀' (사유: ) || F-3-1R: 1차 [검토필요] 메모대로 선행자격을 F-2-R 한정값으로 정정 필요. 다른 컬럼(자격요건/제출서류/체류상한)은 매뉴얼과 정합. || [2차검토필요] [선행자격] 검토필요: 현재='주체류자(E-1~E-7, D-7~D-9 등)의 배우자·미성년 자녀' / 제안='지역우수인재(F-2-R) 자격 소지자의 배우자 및 미성년자녀(배우자가 없을 것)' (사유: ) || [3차요약] F-3-1R 자격변경: F-2-R(지역우수인재) 자격 소지자의 배우자/미성년자녀 한정. 실거주 동일 주소지 + 사회통합프로그램 2단계+(배우자) + 학령기 시 국내 초·중·고 입학/재학(자녀) (지역특화편 p.77~79)."
E-7 (E-7-4R),E-7,체류,체류자격 변경,"인구감소지역 및 인구감소관심지역의 지역특화 숙련기능인력 자격변경 신청자

지역특화형 숙련기능인력(E-7-4R) 자격 소지자",,"최근 10년간 해당 자격(E-9, E-10, H-2)으로 2년 이상 체류 중인 등록외국인으로 현 근무처에서 정상적으로 근무 중인 사람

1. 추천서: 추천지역을 관할하는 광역지자체의 장의 추천서(발급일로부터 3개월 유효, 1회 신청에 한함)
2. 거주 및 취업: 3년 이상 추천지역에서 거주하면서 취업 활동을 하고자 할 것
- 거주지: 체류자격 변경 후 추천지역 내에서 계속 거주
- 취업 지역: 근무처가 추천지역(인구감소지역 또는 관심지역) 내 소재
- 기업 추천: 현재 1년 이상 근무 중인 기업에서 계속 근무할 것을 조건으로 신청 가능, 고용기업의 추천 필수(단, 인구감소지역의 경우 현재 근무 중인 기업뿐 아니라 인구감소지역이 아닌 지역에서 인구감소지역으로 근무처를 변경하여 신청 가능, 이 경우 변경 후 근무하려는 기업의 추천으로 갈음)
- 급여: 근로계약서 상 급여가 연봉 2,600만원 이상(농·축산업, 어업·내항상선 종사자는 2,500만원), 최저임금 요건 충족
- 근로계약기간: 신청일 이후 2년 이상 유효한 근로계약(근무처를 변경하여 신청하는 경우 근로 시작일은 신청일 이후 3개월 이내, 단 현 근무처에서 계속 근무하는 조건은 제외)
3. 점수제 기준 충족: 총 300점 중 200점 이상, 기본항목 평균소득과 한국어능력 각각 50점 이상
- 평균소득(최근 2년 연간 평균소득) 2,500만원 이상(농·축산업, 어업·내항상선 종사자는 2,400만원 이상), 세무서 발행 전년도 소득금액증명을 기준(재입국 공백 등으로 최근 2년 소득 입증 불가 시 최근 5년 중 연간 소득금액이 높은 2개년으로 대체 가능)
- 한국어능력: TOPIK 2급/3급/4급 이상 또는 사회통합프로그램 이수(2단계/3단계/4단계 이상) 또는 사전평가 성적(41~60점/61~80점/81점 이상) — 사후보완 가능

공통: 자격요건(거주지 요건, 취·창업 요건, 소득요건 등)을 계속 유지할 것",,,,,3년 이상 지정된 인구감소지역 및 인구감소관심지역에 계속 거주 및 취업할 것,"제외 대상: 최근 5년 이내 지역특화 숙련기능인력(E-7-4R) 및 동반가족(F-3-3R) 체류자격으로 체류한 적이 있는 경우
제외 대상(아래 사유 비해당 요건):
① 벌금 100만 원 이상의 형을 받은 자
② 조세 체납자(완납 시 신청 가능)
③ 출입국관리법 4회 이상 위반자
④ 불법체류 경력 3개월 이상자
⑤ 대한민국의 이익이나 공공의 안전 등을 해치는 행동을 할 염려가 있다고 인정할 만한 자
⑥ 경제질서 또는 사회질서를 해치거나 선량한 풍속 등을 해치는 행동을 할 염려가 있다고 인정할 만한 자
①·③·④는 최근 10년 이내 사항만 해당

허가조건 위반 시 출입국관리법 제89조제1항 및 제68조제1항에 따라 체류자격이 취소되고 출국조치
동일 위반 반복 또는 장기간 미시정 시 체류기간 연장 제한, 체류허가 취소 등 불이익","인구감소지역 특례 (예정 근무처가 인구감소지역인 경우 신청인 요건을 갖춘 것으로 인정):
① 비전문취업(E-9), 선원취업(E-10), 방문취업(H-2) 체류자격으로 구직 중인 사람
② 현재 구직(D-10) 체류자격인 사람으로서 직전 체류자격이 숙련기능인력(E-7-4) 또는 지역숙련인력(E-7-4R)인 사람
숙련기능인력의 지역특화형 비자 전환: 현 근무처가 인구감소지역 또는 관심지역인 E-7-4가 동일 근무처에서 계속 근무하려는 경우 광역지자체장 추천서 발급받아 체류기간 연장 시 E-7-4R로 전환 가능(체류기간 연장 시 세부 약호만 변경, 체류자격 변경허가 대상 아님)",,"점수제 총점 300점 중 200점 이상 충족 필요, 기본항목(평균소득·한국어능력) 각각 50점 이상 필수. 가점 항목으로 추천(고용기업/중앙부처/광역지자체), 현근무처 3년 이상 근속, 인구감소(관심)지역 및/또는 읍·면지역 3년 이상 근무, 자격증 또는 국내 학위, 국내 운전면허증 등 인정. 감점 항목으로 벌금형, 체납 사실, 출입국관리법 위반 행정처분 등 반영",,,,,"숙련기능 일하다가 지역특화 비자로 바꾸려면 어떤 조건 있어요?
벌금 받은 적 있으면 신청 못해요?
구직 중인데 인구감소지역에서 일하면 신청할 수 있나요?

지역특화 숙련기능 비자 받으려면 점수 몇 점 이상 있어야 해요?
한국어 능력은 어느 정도 있어야 신청 가능해요?
현재 회사에서 얼마나 일해야 신청 자격이 되나요?

지역특화 숙련기능 비자로 몇 년 동안 그 지역에서 일해야 해요?
어떤 지역에서 거주해야 하나요?
조건 안 지키면 어떻게 되나요?",E-7-4R 지역특화 숙련기능인력 / 자격변경 (p. 597),학력·경력 요건 + 국내기업 채용,"E-7-4 숙련 (변경), F-2-7 점수제, F-5 영주",F-3 동반,"특정활동, 전문인력, 외국인 채용",완료,"[3차요약] E-7-4R 지역특화 숙련기능인력 자격변경. 광역지자체장 추천, 점수제 300점 중 200점, 연봉 2,600만원 이상, 3년 이상 인구감소(관심)지역 거주·취업 의무. 신청 5부제(출생연도 끝자리), 외국인등록증 수령 시 안내문(붙임 11) 서명·제출 의무"
F-4 (F-4-R),F-4,체류,체류자격 변경,"지역특화 재외동포(F-4-R) 자격변경 신청자(학령기 미성년 친생자녀 등)

지역특화형 재외동포(F-4-R) 자격 소지자","추가요건(다음 ①과 ② 중 어느 하나에 해당하여야 함):
① 추천지역 내 초·중·고에 재학 중이거나 입학 예정인 사람 (폐교, 특성화교 진학 등 특수한 사정으로 추천지역 내 교육기관 재학 및 입학이 어렵다고 인정되는 경우 광역지역 내 교육기관도 허용)
② 장기 질병치료 또는 중증 장애 등으로 부득이하게 학교 재학이 어려운 사람","""가""목에 해당하는 동포의 학령기 미성년 친생자녀(추천 필요)
만 6세 이상 19세 미만 동포

공통: 자격요건(거주지 요건, 취·창업 요건, 소득요건 등)을 계속 유지할 것",,,,,2년 이상 지정된 인구감소지역에 계속 거주할 것,"① 또는 ② 요건을 충족하지 못하는 경우 지역동포가족(F-3-2R)으로 변경

허가조건 위반 시 출입국관리법 제89조제1항 및 제68조제1항에 따라 체류자격이 취소되고 출국조치
동일 위반 반복 또는 장기간 미시정 시 체류기간 연장 제한, 체류허가 취소 등 불이익
2인 이상 동반이주 조건으로 체류허가 받은 동포 및 그 가족은 체류자격 변경 허가일로부터 최소 2년 동안 허가받은 지역에 거소지를 두고 허가된 지역에서만 소득활동이나 학교 재학 가능, 위반 시 통고처분 및 체류자격 취소 가능",,"동반가족 신고 대상: 지역특화형 재외동포(F-4-R) 체류자격을 받은 사람 중 2인 이상 동반이주 조건으로 체류허가 받은 동포 가족
가족대표 지정: 지역특화동포(F-4-R) 체류자격 가진 사람 중 1명을 가족대표로 지정(구성원 모두가 F-4-R인 경우 가족 구성원 중 1명 지정)",,,,,"[공통서류]
- 지자체 추천서
- 여권 및 사본 1부
- 재외동포(F-4) 통합신청서
- 표준규격사진 1매
- 체류지 입증서류
- 수수료

[필수서류]
- 동포 입증서류
- 해외 범죄경력증명서(범죄경력증명서 제출·면제 대상 등 세부기준은 「외국국적동포 업무처리 지침」 준용)
- 직업 및 연간 소득금액 신고서(직업만 체크)

[기타서류]
(학령기 동포) 재학·입학 예정 입증서류 또는 진단서 등
(해외전입자) 건강진단서
(임의서류) 한국어능력 입증서류
그 밖에 관할 출입국·외국인관서의 장이 심사에 필요하다고 인정하는 서류","동포 부모 따라온 학교 다니는 자녀도 지역특화 동포 비자 받을 수 있어요?
학교 못 다니는 사정이 있으면 어떻게 해요?
추천지역에 학교가 없으면 어디 학교 다녀도 되나요?

지역특화 동포 비자로 변경하려면 어떤 서류 내요?
동포 자격 입증서류는 뭘 의미해요?
해외에서 막 들어왔으면 따로 내야 할 서류 있어요?

지역특화 동포 비자로 몇 년 동안 그 지역에 살아야 해요?
가족이 같이 이주하면 누가 가족대표가 되나요?
지역 안 지키고 다른 데서 일하면 어떻게 돼요?",F-4-R 지역특화 재외동포 / 자격변경 (p. 582),재외동포법상 동포 (한국계 외국인),F-5 영주 (2년+ 거소),F-1 동반,"재외동포, 한국계, 동포",완료,"[3차요약] F-4-R 지역특화 재외동포 자격변경. 대상: 기존 거주자(2년+), 국내 전입자, 해외 전입자(60세 미만), 학령기 미성년 친생자녀(6~19세, 추천지역 초·중·고 재학·입학 예정 필수)"
F-4 (F-4-R),F-4,체류,체류기간 연장,지역특화동포(F-4-R) 자격 소지자,,,,,,,,,,"국내거소신고증 수령 시 지역특화형 비자 안내문(붙임 11)을 교부받고, 서명 후 제출
국내거소신고증 타인 및 우편(택배) 수령 금지",,,,,"[공통서류]
- 여권 및 사본 1부
- 국내거소신고증
- 통합신청서
- 체류지 입증서류
- 수수료

[필수서류]
- 재학·입학 예정 입증서류 또는 진단서 등(만 6세 이상 19세 미만)
- 직업 및 연간 소득금액 신고서(직업만 체크)

[기타서류]
동반가족 사항 입력대상 중 동반가족 구성원이 변경된 경우: '지역특화형 재외동포(F-4) 동반가족 사항 확인서(붙임10 양식)', 변경된 구성원의 여권·사본, 전입 입증서류 및 혼인·가족관계 입증서류
그 밖에 관할 출입국·외국인관서의 장이 심사에 필요하다고 인정하는 서류","지역특화 동포 비자 연장할 때 어떤 서류 내요?
동반가족이 바뀌었으면 추가로 어떤 서류 필요해요?
학교 다니는 자녀가 있으면 재학증명서도 내야 해요?",F-4-R 지역특화 재외동포 / 체류기간 연장 제출서류 (p. 582~583),재외동포법상 동포 (한국계 외국인),F-5 영주 (2년+ 거소),F-1 동반,"재외동포, 한국계, 동포",완료,"[3차요약] F-4-R 체류기간 연장. 동반가족 구성원 변경 시 붙임10 양식 추가 제출. 국내거소신고증 수령 시 안내문(붙임 11) 서명·제출 의무, 타인·우편 수령 금지"
F-4 (F-4-R),F-4,체류,외국인등록,사업지역에 거주하는 재외동포(F-4)와 지역특화동포(F-4-R),,"[표]
사업지역 거주 재외동포(F-4) 및 지역특화동포(F-4-R)의 취업활동 허용·제한 비교(일반 F-4 제한 직종이 사업지역 거주자에게는 허용)",,,,,,"취업활동 지역: 추천(거주)지역이 속한 광역자치단체 관할 구역 내
다른 광역자치단체에서 취업활동 시 ① 재외동포(F-4) 자격의 취업활동 제한범위 위반으로 사범 처리 및 ② 지역특화동포(F-4-R) 허가조건 위반으로 체류기간 연장 불허, 체류자격 취소 등","근거: 재외동포(F-4) 자격의 취업활동 제한범위 고시
취업활동 범위: 선량한 풍속이나 그 밖의 사회질서에 반하는 행위를 제외하고는 취업활동의 제한을 받지 않음
사업지역 거주 재외동포(F-4) 및 지역특화동포(F-4-R)는 일반 F-4가 제한받는 다음 단순노무 직종도 허용됨:
91001 건설 단순종사원, 92102 이삿짐 운반원, 92221 택배원, 92230 음식배달원, 94111 건물청소원, 94212 건물경비원, 42320 혼례종사원, 43292 골프장 캐디, 53220 노점 및 이동판매원
(양 자격 공통 허용) 93003 제품단순선별원, 93009 기타 제조 관련 단순종사원, 95110 가사도우미, 95120 육아도우미, 95210 패스트푸드준비원, 95220 주방보조원, 99101 농업 단순종사원, 99102 임업 단순종사원, 99103 어업 단순종사원, 99992 대여제품 방문점검원, 43221 호텔서비스원, 43229 기타 숙박시설서비스원, 44221 음식서비스종사원, 44222 음료서비스종사원",,,,,,,"지역특화 동포 비자로 일할 수 있는 직업이 일반 동포 비자랑 달라요?
건물청소나 택배 같은 일도 동포 비자로 할 수 있어요?
다른 지역에서 일하면 어떻게 되나요?",F-4 재외동포 / 지역특화동포(F-4-R) 사업지역 거주자 취업활동 범위 (p. 583~584),재외동포법상 동포 (한국계 외국인),F-5 영주 (2년+ 거소),F-1 동반,"재외동포, 한국계, 동포",완료,"[3차요약] F-4-R 및 사업지역 거주 F-4의 취업활동 범위 안내. 단순노무 직종(건설/이삿짐/택배/음식배달/건물청소·경비 등) 사업지역 거주 시 허용. 단, 추천(거주)지역이 속한 광역자치단체 관할 구역 내에서만 가능"
F-5 (F-5-6R),F-5,체류,체류자격 변경,지역특화동포(F-4-R)로 자격 변경 후 4년 이상(기존 거주자 요건으로 F-4-R 자격 변경한 사람은 2년) 계속 추천지역에 거주하며 자격을 유지한 사람(국내·외 전입자 중 순차 이주한 사람은 가족동반 요건 충족(전입신고일 기준) 후부터 기산),,"품행 단정 요건: 대한민국 법령 준수 등 (「외국국적동포 업무처리 지침」에 따름)
생계유지능력 요건: 소득 기준을 1인당 국민총소득(GNI)의 70%로 완화
기본소양 요건(원칙): 사회통합프로그램 5단계 이상 이수하거나 그에 준하는 평가 성적 받아야 함
인정 기준(다음 어느 하나):
① 사회통합프로그램 5단계 이상 이수 → 사회통합프로그램 이수증(5단계 이상)
② 사회통합프로그램 영주용 종합평가 합격 → 한국이민영주적격시험 합격증(KIPRAT)
③ 사회통합프로그램 귀화용 종합평가 합격 → 한국이민귀화적격시험 합격증(KINAT)",,,,,,,"기본소양 요건 면제 대상:
만 15세 미만인 사람
만 15세 이상으로 초·중등교육법 제2조 각 호의 학교 및 교육부 인가 외국인학교에 만 2년 이상 재학 중이거나 중학교 이상 교육과정 졸업자
만 15세 이상으로 중학교 이상 졸업학력 검정고시 합격자
""중증질환""(본인일부부담금 산정특례에 관한 기준 [별표 3·4의2] 산정특례 등록자) 또는 ""중증장애""(장애인복지법 시행규칙 별지 9호 서식의 종합 장애 정도 ""중증장애"" 또는 ""장애 정도가 심한 장애"" 기재자)
기타 출입국·외국인관서의 장이 종합적 고려하여 면제 필요하다고 판단하여 법무부장관 승인을 받은 사람",,,,,,"[공통서류]
- 재외동포 영주(F-5-6) 공통서류(「외국국적동포 업무처리 지침」 참조)

[필수서류]
- 추천지역 거주 입증서류
- 기본소양능력 제출서류 또는 면제대상 입증서류(해당자)","지역특화 동포 비자로 몇 년 살면 영주권 신청 가능해요?
영주권 받을 때 한국어 능력 어느 정도 있어야 해요?
중증질환이나 장애 있으면 사회통합프로그램 면제되나요?",F-5-6R 지역동포영주 / 체류허가 기준 (p. 584~586),D-7~E-7 또는 F-2 5년+ 체류 + 소득·재산 요건,국적취득,"F-1, F-2-71 (점수제 자녀)","영주, 정착, 영주권",완료,"[3차요약] F-5-6R 지역동포영주 체류허가. F-4-R 자격으로 4년 이상(기존 거주자 요건은 2년) 추천지역 거주. 소득 GNI 70%로 완화, 사회통합프로그램 5단계 이상 또는 KIPRAT/KINAT 합격"
F-3 (F-3-2R),F-3,체류,체류자격 변경,지역동포가족(F-3-2R) 자격변경 및 체류기간 연장 신청자,,"(자격변경) 지역특화동포(F-4-R)와 동거하는 배우자 및 미성년양자
(기간연장) 지역동포가족(F-3-2R)",,,,,,동포인 배우자·자녀는 지역특화동포(F-4-R)로 자격변경 신청,체류기간 연장 시 및 현재 동반가족(F-1-11 등) 체류자격인 사람이 자격변경하는 경우 혼인·가족관계 입증서류 면제,"외국인등록증 수령 시 지역특화형 비자 안내문(붙임 11)을 교부받고, 서명 후 제출
외국인등록증 타인 및 우편(택배) 수령 금지",,,,,"[공통서류]
- 지자체 추천서
- 여권 및 사본 1부
- 통합신청서
- 표준규격사진 1매
- 체류지 입증서류
- 수수료

[필수서류]
- 재학 증명서 등 재학 입증서류(만 6세 이상 19세 미만)
- 지역특화형 재외동포(F-4) 동반가족 사항 확인서(붙임10)
- 주 체류자격자(F-4-R)와의 가족관계입증서류

[기타서류]
그 밖에 관할 출입국·외국인관서의 장이 심사에 필요하다고 인정하는 서류","지역특화 동포 비자 받은 사람 배우자도 같이 한국에 살 수 있어요?
동포인 배우자랑 동포 아닌 배우자가 받는 비자가 달라요?
동포가족 비자는 양자녀도 신청 가능해요?

지역동포가족 비자 신청할 때 어떤 서류 내요?
이미 동반가족 비자 있으면 가족관계 서류 또 내야 해요?
아이 학교 다니면 재학증명서도 필요해요?",F-3-2R 지역동포가족 / 자격변경 및 연장 (p. 586~588),"주체류자(E-1~E-7, D-7~D-9 등)의 배우자·미성년 자녀",주체류자 따라 변경,본인이 동반자격,"동반, 배우자, 자녀",완료,"[3차요약] F-3-2R 지역동포가족 자격변경 및 체류기간 연장. F-4-R 동거 배우자·미성년양자 대상. 동포 배우자·자녀는 F-4-R로 자격변경 신청. 붙임10 동반가족 확인서, 외국인등록증 수령 시 붙임11 안내문 서명·제출"
F-3 (F-3-2R),F-3,체류,체류자격외 활동허가,지역특화동포(F-4-R)와 동거하는 배우자(F-3-2R),,"허가 대상 취업활동:
범위: 취업제한 분야를 제외한 모든 활동 허용 가능
지역: 추천지역으로 제한",,,,,,"지역특화동포(F-4-R)는 체류자격외활동허가 불필요
허가조건 위반 시 체류자격 취소, 기간연장 억제, 사범 처리 등 엄중 조치",,,,,,,"[공통서류]
- 여권 및 사본 1부
- 외국인등록증
- 통합신청서
- 수수료

[필수서류]
- 고용계약서
- 사업자등록증 사본(법인은 법인등기사항전부증명서 추가)
- 고용주 신분증

[기타서류]
실제 근무지와 사업자등록증 상 근무지(주소 포함)가 상이한 경우 실제 근무지와의 관계 입증서류
그 밖에 관할 출입국·외국인관서의 장이 심사에 필요하다고 인정하는 서류","동포가족 비자로 한국에서 일하려면 어떤 허가 받아야 해요?
동포 본인은 따로 활동허가 신청해야 해요?
어떤 직종까지 일할 수 있어요?",F-3-2R 지역동포가족 / 체류자격외 활동허가 (p. 588~589),"주체류자(E-1~E-7, D-7~D-9 등)의 배우자·미성년 자녀",주체류자 따라 변경,본인이 동반자격,"동반, 배우자, 자녀",완료,[3차요약] F-3-2R 지역동포가족 체류자격외 활동허가. F-4-R 동거 배우자(F-3-2R)가 취업활동 등을 위해 신청
F-3 (F-3-1R/F-3-2R/F-3-3R),F-3,체류,체류자격 변경,"지역특화형 동반가족(F-3-1R, F-3-2R, F-3-3R) 자격 소지자",,"주체류자격자와 동일한 주소지에서 거주할 것
학령기 자녀인 경우 재학 필수(초·중·고 포함)",,,,,,"주체류자격자가 허가조건 위반으로 체류기간 변경 또는 체류허가 취소되는 경우 동반가족도 동일하게 처리
허가조건 위반 시 출입국관리법 제89조에 따라 체류기간 연장 제한, 체류허가 취소 등 불이익 가능",,,,,,,,"지역특화 동반가족 비자는 주체류자랑 같이 살아야 해요?
학령기 자녀는 꼭 학교 다녀야 하나요?
주체류자가 허가 취소되면 가족도 같이 취소되나요?",F-3-1R/F-3-2R/F-3-3R 지역특화형 동반가족 / 허가조건 안내 (p. 600~601),"주체류자(E-1~E-7, D-7~D-9 등)의 배우자·미성년 자녀",주체류자 따라 변경,본인이 동반자격,"동반, 배우자, 자녀",완료,"[3차요약] 지역특화형 동반가족(F-3-1R/F-3-2R/F-3-3R) 허가조건 안내문(붙임 11). 주체류자격자와 동일 주소지 거주, 학령기 자녀 재학 필수(초중고). 주체류자격자 위반 시 동반가족도 동일 처리"
E-7 (E-7-Y),E-7,체류,체류자격 변경,국내 성장 기반 외국인 청소년으로서 제한업종 외에 취업하려는 사람,,"공통요건 충족(18~24세, 18세 전 국내 7년 이상 체류, 10~18세 3년 연속 해외체류 이력 없음, 국내 초·중·고 졸업 또는 사회통합프로그램 이수)
특례: ①학력·경력 요건 면제, ②특정활동(E-7) 허용 직종에 해당하지 않더라도 고용계약을 체결한 경우 체류자격변경 가능
제한업종 외 분야(선량한 풍속·사회질서 반하는 업종, 국가안보 등 사유로 외국인 취업 제한 분야 제외)
고용주 심사 기준: 고용주 제한대상 여부(출입국관리법 시행규칙 제17조의3 제2항 제1호 내지 제7호 사증발급인정서 발급제한 대상자 해당 시 제한)",,,,,,다른 체류자격 소지자의 국내성장인력(E-7-Y) 자격으로의 체류자격외 활동허가 불가,구직자격으로의 변경: E-7-Y 체류자격 기간 내 다른 업체에 취업하지 못한 경우 본 지침 특례 적용하여 D-10-1으로 자격변경 가능,,,,,,"[공통서류]
- 통합신청서
- 여권 및 표준규격사진 1매
- 외국인등록증
- 체류지 입증서류
- 국내 초·중·고교 졸업증명서 또는 동등한 학력 소지 입증 서류
- 국내 성장 기반 외국인 청소년 자격변경 체크리스트(붙임 1)

[필수서류]
- 고용계약서(최저임금, 근무시간, 근무장소, 계약일 등 기재)
- 사업체 관련 서류(사업자등록증, 법인등기부등본 등)

[기타서류]
사회통합프로그램 이수증(해당자)
중도 해외 장기 체류 사유서 및 소명자료(해당자)
해외범죄경력증명서(면제자 제외)
체류기간 연장 시(외국인 준비서류): 고용계약서, 세무서 발행 직전 1년간 외국인 개인별 소득금액증명(근무기간 짧은 경우 기업 발행 근로소득원천징수부 등으로 대체 가능), 재직증명서
체류기간 연장 시(업체 준비서류): 납부내역증명, 납세증명서, 지방세 납세증명서, 사업자등록증 및 법인등기부등본(해당자)","국내에서 자란 청소년이 취업 비자 받으려면 어떤 조건 있어요?
E-7 허용 직종이 아닌 곳에서도 일할 수 있어요?
회사 그만두면 구직 비자로 다시 바꿀 수 있나요?

국내성장인력 비자 신청할 때 어떤 서류 내요?
고용계약서에 어떤 내용 들어가야 해요?
연장할 때 회사 측에서도 서류 내요?",E-7-Y 국내성장인력 / 자격변경 (p. 612~613),학력·경력 요건 + 국내기업 채용,"E-7-4 숙련 (변경), F-2-7 점수제, F-5 영주",F-3 동반,"특정활동, 전문인력, 외국인 채용",완료,"[3차요약] E-7-Y 국내성장인력 체류자격 변경. 국내 초·중·고 졸업한 외국인 청소년 대상. 학력·경력 요건 면제 특례, E-7 허용 직종 외에도 고용계약 체결 시 변경 가능"
F-2 (Top-Tier),F-2,체류,체류자격 변경,첨단분야 기업 등에서 프로젝트 기획·연구·R&D 등을 주도하는 수석 엔지니어 또는 중견 연구자(최우수인재),,"(소득) 연간소득이 전년도 1인당 국민 총소득(GNI)의 3배 이상인 자
(학력) 최근 5년 내 세계 대학평가 중 하나 이상에서 100위 이내 선정 대학의 석사 이상 학위 취득자
참고 평가: ① QS World University Ranking, ② QS World University Ranking by Subject(Engineering and Technology), ③ Times Higher Education World University Rankings, ④ THE Rankings by subject engineering, ⑤ US News & World Report Global University Rankings, ⑥ US News by subject engineering
(경력) 다음 중 하나 충족:
- (기업 근무) 세계적 기업(최근 3년 이내 Forbes Global 2000 500위 이내, Fortune Global 500 500위 이내, Time 100 World Most Influential Companies 100위 이내)에서 3년 이상 근무 포함 총 8년 이상 근무경력
- (연구기관 근무) 세계적 연구기관(최근 5년 내 세계대학 순위 100위 이내 대학 연구소, 세계적 기업 부설 연구소, 정부 주도 연구소)에서 3년 이상 근무 포함 박사학위 취득 후 5년 이상 첨단분야 연구경력
(한국어 능력) 사회통합프로그램 1단계 이수 또는 한국어능력시험(TOPIK) 1급 이상
(부처 추천) 관계 중앙행정기관의 장이 검증하고 추천한 사람

[표]
첨단분야 해외 우수인재 탑티어(Top-Tier) 체류자격 경로(D-10/E-7/F-2/F-5)","최우수인재(Top-Tier) 자격 기준을 모두 충족한 경우 '최우수인재 거주(F-2)' 자격 부여
학력·경력·한국어 능력은 충족하였으나 소득 요건이 1인당 GNI 2배 이상인 경우 관계부처 추천을 받아 최우수인재 특정활동(E-7) 자격 부여
'최우수인재 거주(F-2)' 자격으로 3년 경과, GNI 3배 이상 유지, 사회통합프로그램(KIIP) 3단계 이수 등 요건 충족 시 최우수인재 영주(F-5) 자격 부여
학력 요건은 갖추었으나 취업 미확정 시 최우수인재 구직(D-10) 자격 부여
사증발급 시 GNI 충족 요건은 고용계약서상 지급 예정금액, KIIP 한국어 요건은 사회통합프로그램 단계별 평가 적용",,,,,,,,,,,,,"첨단 분야 외국인 인재가 받을 수 있는 최우수인재 비자가 뭐예요?
소득 조건은 얼마나 돼야 해요?
외국 명문대 박사면 신청할 수 있어요?",F-2 최우수인재 거주 / Top-Tier 자격 기준 (p. 146),점수제 80점·고소득·재외동포·난민 등 트랙별,F-5 영주,F-1 동반가족,"거주, 장기거주, 점수제",완료,"[3차요약] F-2-T(최우수인재 거주) 자격 기준. 소득 GNI 3배, 학력 세계대학 100위 석사+, 경력 8년 또는 박사+5년, KIIP 1단계, 부처추천 필수. 사증발급과 자격변경 모두 가능"
D-10 (D-10-T),D-10,체류,사증발급,탑티어(Top-Tier) 자격 기준 중 학력 요건은 갖추었으나 취업 미확정인 사람,,"세계대학 순위 100위 이내 대학의 석사 이상 학위를 취득하고 국내 취업을 위해 연수나 구직활동을 하려는 사람
부처 추천 불요
재외공관 사증신청 가능 (전자사증 불가)

한국어 능력 심사기준: 사회통합프로그램 1단계 이수확인서(사전평가 21점 이상) 또는 한국어능력시험(TOPIK) 1급 취득 성적증명서 (최초 신청 시 사회통합프로그램 이수 확약서로 갈음 가능)
해외 범죄경력 심사기준: 공적 확인(아포스티유 첨부 또는 대한민국 재외공관 영사확인) 받은 자국정부 발급 범죄경력증명서(접수일 기준 6개월 이내 발급)
자국 재외공관장 발급 범죄경력증명서는 원칙적으로 불허(본국 정부 확인 명백 입증 시 예외 허용)
연수 개시 신고: 사유 발생일로부터 15일 이내 관할 출입국관서에 신고
연수분야: 교수(E-1) ~ 전문인력(E-7-1)에 해당하는 직종 (고용추천서 필요 직종은 고용추천서 제출 면제)
연수기관: 반도체, 디스플레이, 바이오 등 첨단분야 기업
근무시간: 1일 8시간, 주당 40시간 이내
연수기관 변경(명칭 변경 포함): 15일 이내 신고","전자사증 발급 절차: ① 신청(외국인 본인 또는 기업 담당자 대리, 전자비자포털 www.visa.go.kr) → ② 접수·심사(전담기관: 서울출입국·외국인청 우수인재·투자지원센터) → ③ 사증발급(심사결정 후 결과 통보) → ④ 입국(전자사증발급확인서 소지)",,,,,,"한국어 능력 심사 면제 대상:
① 과거 대한민국 국적 보유했던 사람
② 만 60세 이상인 사람
③ 한국에서 초·중등교육법 규정 초등학교(검정고시 합격자, 대안학교 학력인정자 포함) 이상 졸업 및 고등교육법 규정 학교 졸업자",,,,,,"[공통서류]
- 신청서
- 표준규격 사진
- 여권 사본
- 수수료

[필수서류]
- 구직활동 계획서
- 우수대학(본교) 졸업(예정)증명서 또는 학위증

[기타서류]
체류기간 연장 시: 공통서류(신청서, 표준규격 사진, 여권 사본, 체류지 입증서류, 수수료 등), 구직활동 계획서(지난 1년간 구직활동 내역 및 향후 계획 포함)
연수 개시 신고 시: 연수(인턴) 계약서, 사업자 등록증, 기타 연수 개시(변경) 신고 수리에 필요한 서류
개별 심사 과정에서 추가서류 제출 요구 가능","세계 100위 대학 석사 졸업했는데 한국에서 구직 비자 받을 수 있어요?
한국어 점수 없으면 어떻게 해요?
부처 추천 없이도 신청 가능해요?

최우수인재 구직 비자 신청할 때 어떤 서류 내요?
구직활동 계획서는 어떻게 작성해요?
인턴 시작할 때도 신고해야 해요?",D-10-T 최우수인재 구직 / 탑티어 비자 (p. 628),D-2 졸업 또는 점수제 60점 이상,"E-1~E-7 취업, F-2-7 점수제",F-3 동반,"구직, 졸업생, 취업준비",완료,"[3차요약] D-10-T 최우수인재 구직(탑티어). 학력 요건 충족·취업 미확정자. 부처 추천 불요, 재외공관 사증신청 가능(전자사증 불가). 연수기관: 반도체·디스플레이·바이오 등 첨단분야"
E-7 (E-7-T),E-7,체류,사증발급,국내 기업과 고용계약을 맺은 첨단분야 인재로 소득요건 1인당 GNI 2배 이상자,,"국내 기업과 고용계약을 맺고 연간 근로소득이 1인당 GNI 2배 이상인 자
소득요건을 제외하고 법무부장관이 정한 요건(학력·경력·한국어 능력)을 모두 갖춘 사람
부처 추천 필수(코트라 해외인재유치센터에 신청)
전자사증 신청 가능

학력: 최근 5년 내 세계 대학평가 100위 이내 대학의 석사 이상 학위
경력: 세계적 기업 3년 이상 근무 포함 총 8년 이상 또는 세계적 연구기관 3년 이상 근무 포함 박사학위 취득 후 5년 이상 첨단분야 연구경력
한국어 능력: 사회통합프로그램 1단계 이수 또는 TOPIK 1급 이상","근무처 변경 및 추가 신고: 사유 발생일로부터 15일 이내 관할 출입국관서에 신고
근무처가 변경된 경우 첨단분야 기업 해당여부 등 개별 심사",,,,,,,,,,,,"[공통서류]
- 신청서
- 표준규격 사진
- 여권 사본
- 체류지 입증서류
- 수수료

[필수서류]
- 학위증 또는 졸업증명서
- 경력증명서
- 고용계약서 또는 소득금액증명원
- 사업자등록증 및 법인등기부등본
- 해외 범죄경력증명서
- 한국어 능력 입증서류 또는 사회통합프로그램 이수 확약서
- 관계 중앙행정기관 추천서(코트라 해외인재유치센터에 신청)

[기타서류]
체류기간 연장 시: 공통서류, 재직증명서(이직한 경우 첨단 분야 해당 여부 확인), 사업자등록증 및 법인등기부등본, 소득금액증명원, 해외 범죄경력증명서(6개월 이상 출국 시), 사회통합프로그램 1단계 이수확인서(사전평가 21점 이상) 또는 TOPIK 1급 취득 성적증명서
근무처 변경/추가 신고 시: 고용계약서, 사업자 등록증, 이적 동의서
개별 심사 과정에서 추가서류 제출 요구 가능","국민총소득 2배 받는 첨단분야 외국인 인재면 어떤 비자 받아요?
부처 추천은 어디서 받아요?
근무처 바뀌면 어떻게 해요?

탑티어 특정활동 비자 신청할 때 어떤 서류 내요?
중앙행정기관 추천서는 어떻게 받아요?
근무처 바꿀 때는 이적동의서가 필요한가요?",E-7-T 최우수인재 특정활동 / 탑티어 비자 (p. 628~629),학력·경력 요건 + 국내기업 채용,"E-7-4 숙련 (변경), F-2-7 점수제, F-5 영주",F-3 동반,"특정활동, 전문인력, 외국인 채용",완료,[3차요약] E-7-T 최우수인재 특정활동(탑티어). 국내기업 고용계약 + 연소득 GNI 2배 이상. 부처 추천 필수(KOTRA 해외인재유치센터). 전자사증 신청 가능. 학력·경력·한국어 요건은 Top-Tier 기준 동일
F-2 (F-2-T),F-2,체류,사증발급,국내기업과 고용계약을 맺은 첨단분야 인재로 소득요건 1인당 GNI 3배 이상자,,"국내기업과 고용계약을 맺고 연간 근로소득이 1인당 GNI 3배 이상인 자
법무부장관이 정한 요건(학력·경력·한국어 능력)을 모두 갖춘 사람
부처 추천 필수
전자사증 신청 가능(자격변경 시 방문예약 후 관할 출입국관서에 신청)

소득 요건이 1인당 GNI 4배 이상인 사람은 학력 또는 경력을 완화하여 적용 가능
체류기간 연장 시: 공통서류, 재직증명서(이직 시 첨단분야 해당 여부 확인), 사업자등록증 및 법인등기부등본, 소득금액증명원, 해외 범죄경력증명서(6개월 이상 출국 시), 사회통합프로그램 1단계 이수확인서 또는 TOPIK 1급 이상 성적증명서",,,,,,,"최우수인재 거주(F-2) 자격변경 특례: 주재(D-7) ~ 특정활동(E-7) 또는 거주(F-2) 자격으로 1년 이상 첨단분야 취업한 사람 중 소득요건 제외 최우수인재 자격 기준을 모두 충족한 사람으로서, 1인당 GNI 2배 이상 소득을 유지하고 관계 중앙행정기관 추천을 받은 자(고용계약서 명시 근무 개시일자 기준 산정)",,,,,,"[공통서류]
- 신청서
- 표준규격 사진
- 여권 사본
- 체류지 입증서류
- 수수료

[필수서류]
- 학위증 또는 졸업증명서
- 경력증명서
- 고용계약서(자격변경 시 소득금액증명원)
- 사업자등록증 및 법인등기부등본
- 해외 범죄경력증명서
- 한국어 능력 입증서류 또는 사회통합프로그램 이수 확약서
- 관계 중앙행정기관 추천서(KOTRA K-Tech Pass 발급자는 KOTRA에서 전담기관으로 추천서 직접 송부, 제출 불요)","국민총소득 3배 받는 첨단분야 외국인은 어떤 거주 비자 받아요?
한국에서 1년 이상 일했으면 거주 비자 받을 수 있어요?
KOTRA K-Tech Pass 받았으면 추천서 따로 안 내도 돼요?",F-2-T 최우수인재 거주 / 탑티어 비자 (p. 630),GNI 3배+ 고소득 또는 첨단산업 인재,F-5-T 영주,F-3-T 동반,"탑티어, Top-Tier, 고소득",완료,"[3차요약] F-2-T 최우수인재 거주(탑티어). 국내기업 고용계약 + GNI 3배 이상. 부처 추천 필수, 전자사증 신청 가능. GNI 4배 이상은 학력·경력 완화. 자격변경 특례: D-7~E-7 또는 F-2로 1년 이상 첨단분야 취업"
F-5 (F-5-T),F-5,체류,체류자격 변경,최우수인재 거주(F-2) 자격으로 3년 이상 체류한 첨단분야 인재,,"최우수인재 거주(F-2) 자격으로 3년 이상 체류
연간 근로소득 1인당 GNI 3배 이상
사회통합프로그램 3단계 이상 이수
법무부장관이 정한 요건을 모두 갖춘 사람",관할 출입국관서 신청,,,,,,,,,,,,"[공통서류]
- 신청서
- 표준규격 사진
- 여권 사본
- 체류지 입증서류
- 수수료

[필수서류]
- 고용계약서, 재직증명서, 소득금액증명원
- 납부내역증명, 납세증명서, 지방세 납세증명서(세금체납여부 확인)
- 사업자등록증 및 법인등기부등본
- 한국어 능력 입증서류(사회통합프로그램 3단계 이상 또는 TOPIK 3단계 이상)

[기타서류]
개별 심사 과정에서 추가서류 제출 요구 가능","탑티어 거주 비자로 3년 지나면 영주권 신청 가능해요?
영주 신청할 때 한국어 어느 정도 있어야 해요?
납세 증명도 내야 하나요?",F-5-T 최우수인재 영주 / 탑티어 비자 (p. 630~632),D-7~E-7 또는 F-2 5년+ 체류 + 소득·재산 요건,국적취득,"F-1, F-2-71 (점수제 자녀)","영주, 정착, 영주권",완료,[3차요약] F-5-T 최우수인재 영주(탑티어). F-2로 3년 이상 체류 + GNI 3배 이상 + KIIP 3단계 또는 TOPIK 3급 이상. 관할 출입국관서 신청
F-3 (Top-Tier),F-3,체류,사증발급,"최우수인재(Top-Tier) 체류자격자의 동반가족, 부모, 가사보조인",,"(동반가족) 배우자 및 미성년 자녀
(체류자격) 구직(D-10)·특정활동(E-7) 자격은 동반(F-3) 부여, 거주(F-2) 및 영주(F-5) 자격은 최우수인재와 동일하게 각각 거주(F-2)/영주(F-5) 부여 원칙 (영주 자격자의 동반 가족은 체류기간이 2년 미만일 경우 거주(F-2) 부여 대상)
(부모) 최우수인재 또는 배우자의 부모
(가사보조인) 최우수인재가 해외에서 1년 이상 고용한 가사보조인, 1명 초청 가능","출입국 우대카드 발급: 최우수인재 체류자격을 취득한 사람 대상, 코트라 해외인재유치센터에서 대리 신청(본인 1매 발급), 유효기간 발급일로부터 3년 이내(만료 후 재발급 가능)
혜택: 출입국 우대심사대 및 공항 보안검색 전용통로 이용을 통한 간이 출입국절차 적용, 우대카드 소지자와 동반하는 3명 이내의 사람도 우대심사대 및 전용통로 이용 가능",,,,,최우수인재 구직(D-10) 자격자는 부모·가사보조인 초청 불가,,,,,,,"[공통서류]
- 신청서
- 표준규격 사진
- 여권 사본
- 체류지 입증서류
- 수수료

[필수서류]
(동반가족) 주 자격자의 여권 사본 또는 외국인등록증, 본국 정부 발급 가족관계 입증서류(결혼증명서, 출생증명서 등), 해외 범죄경력증명서(배우자의 경우)
(부모) 주 자격자의 여권 사본 또는 외국인등록증, 본국 정부 발급 가족관계 입증서류(결혼증명서 등), 주 자격자 소득요건 입증서류(고용계약서 또는 소득금액증명원)
(가사보조인) 주 자격자의 여권 사본 또는 외국인등록증, 가사보조인 고용계약서(해외에서 1년 이상 고용사실 입증), 주 자격자 소득요건 입증서류

[기타서류]
개별 심사 과정에서 추가서류 제출 요구 가능","탑티어 비자 받은 사람 가족도 같이 한국에 올 수 있어요?
부모님도 초청할 수 있어요?
해외에서 일했던 가사도우미도 데려올 수 있나요?",F-3 동반 / 최우수인재(Top-Tier) 동반가족 및 부모·가사보조인 (p. 632),"주체류자(E-1~E-7, D-7~D-9 등)의 배우자·미성년 자녀",주체류자 따라 변경,본인이 동반자격,"동반, 배우자, 자녀",완료,"[3차요약] Top-Tier 동반가족(배우자·미성년자녀), 부모, 가사보조인. 자격에 따라 F-3/F-2/F-5 부여. 가사보조인은 해외에서 1년 이상 고용한 1명. D-10 자격자는 부모·가사보조인 초청 불가"
D-2 (광역형),D-2,체류,사증발급,광역지자체가 추천하는 광역형 비자 시범사업 유학 대상자,"(서울특별시) 시 핵심산업분야 이공계(로봇, AI, 바이오, 핀테크 등) (전문)학·석·박사, 본교가 서울인 지역캠퍼스 유학생도 허용(쿼터 250명)
(부산광역시) 반도체, 이차전자, 미래 자동차 부품 관련 학과 전문학사, 학사","다음 요건을 모두 충족하는 사람:
① 정규 학위 취득 과정(전문학사, 학사, 석사, 박사)에 해당할 것(원격대학, 평생교육기관, 기능대학 중 직업훈련과정, 야간대학(대학원) 제외)
② 교육국제화역량 인증제 하위대학(컨설팅대, 비자제한대) 제외
③ 광역형 비자 대상으로서 해당 광역 시·도지사의 추천을 받았을 것
④ 해당 광역 시·도에서 지정한 대학 및 학과 유학생일 것

[서울 시간제 취업 허용시간 확대 요건]
성적기준: 직전학기 평균 성적 C학점(2.0) 이상(최초 1학기 수강 중 미발급자 제외)
한국어 능력 기준(전문학사·학사 1~2년): TOPIK 3급 이상, KIIP 3단계 이상 이수 또는 사전평가 61점 이상, 세종학당 중급1 과정 이상
한국어 능력 기준(학사 3~4년·석박사): TOPIK 4급 이상, KIIP 4단계 이상 이수 또는 사전평가 81점 이상, 세종학당 중급2 과정 이상
영어트랙: TOEFL 530(CBT 197, iBT 71), IELTS 5.5, CEFR B2, TEPS 601점(NEW TEPS 327점) 이상 (영어 모국어/공용어 국가 유학생은 증빙 면제)
허용시간 원칙: 주중 30시간 이내(학위과정 통합적용)
주중 우대(5시간 추가): 인증대학 재학생, 직전학기 A학점 이상, TOPIK 5급 이상 또는 KIIP 5단계 이수/종합평가 합격
주말·공휴일·방학 우대: 한국어능력 기준 충족 D-2 유학생은 허용시간 제한 없이 시간제 취업 가능
한국어능력 미충족자 강화: 전문학사·학사 주중 10시간 이내, 석·박사 주중 15시간 이내","광역형 비자 운영 절차: 법무부 광역형 비자 요건 마련 → 광역지자체 계획 제출(추진절차·안전관리·사회통합 방안 포함) → 법무부 검토 후 심의위원회 상정·시행 여부 결정 → 제도 시행(지자체 추천, 법무부 비자발급) → 법무부 성과 검토·심의위원회 지속 여부 결정",,,,,"운영기간: '25. 6. 13. ~ '26. 12. 31. (약 2년간, 지자체 평가·불법체류자 다수 발생 등 사정 변경 시 운영기간 변동 가능)",,"시간제 취업허가 허용시간 우대 대상이라도 시간제 취업허가는 받아야 함
인턴활동 휴학 변동신고 유학생에 대한 업무처리: 변동신고 접수되었더라도 별도 출석요구 없이 계속 체류 가능",,서울특별시 쿼터 250명,,,,"광역형 유학 비자는 어떤 학생이 받을 수 있어요?
서울에서 유학 중인데 시간제 취업 얼마나 할 수 있어요?
부산에서 유학할 때 재정 증빙은 얼마면 되나요?",D-2 유학 / 광역형 비자 시범사업 (p. 644),대학·대학원 입학허가,"D-10 구직, E-1~E-7 취업, F-2-7 점수제",F-3 동반 (학사·석사·박사만),"유학, 학생, 학위과정, 어학연수",완료,"[3차요약] D-2 광역형 비자 시범사업. 광역지자체가 추천. 정규 학위 과정 유학생 대상. 시·도별 쿼터: 서울 250, 부산 1,000, 인천 60, 광주 240, 강원 770, 충북 830, 충남 250, 전북 670, 제주 등. 운영기간 25.6.13.~26.12.31."
D-2 (광역형 비자),D-2,체류,체류자격 변경,"인천광역시 광역형 비자 대상 유학생

광주광역시 광역형 비자 대상 학과(서영대 AI 미래자동차과, 동강대 AI미래자동차과·AI미래모빌리티과, 조선이공대 글로벌융합학부 등) 유학생

강원특별자치도 광역형 비자 대상(미래산업 - 반도체, 바이오헬스, 미래모빌리티, 미래에너지, 푸드테크, ICT 등) 유관 학과 유학생

충청북도 광역형 비자 대상(항공·화장품·식품·바이오, 뿌리산업, 복지인력, 자동차, 반도체, 이차전지 관련 학과) 유학생 중 충북형 일·학습 병행 참여자

충청남도 광역형 비자 대상(농어촌지역 및 충남5대산업 - 자동차부품, 반도체, 디스플레이, 석유화학, 철강 관련 학과) 유학생 중 충남형 일·학습 병행 참여자

전북특별자치도 광역형 비자 대상(외국인전용 계약학과, 지역특화학과, 뿌리산업 양성대학) 유학생",인천 광역형 비자 대상 대학 유학생,"한국뉴욕주립대(스토니브룩대학, FIT(패션기술대학)), 한국조지메이슨대, 겐트대학교 글로벌캠퍼스, 유타대학교 아시아캠퍼스 유학생
대상 대학 및 학과 목록은 하이코리아(www.hikorea.go.kr)에 공지

광주 광역형 비자 대상 학과 유학생
대상 대학 및 학과 목록은 하이코리아에 공지

적용 시기: 표준입학허가서 발급, 사증발급인정서 발급, 체류자격변경, 체류기간 연장
재정능력 범위: 등록금과 체재비 일체
재정능력 기준: 연간 800만 원 이상 (장학금 지급 및 기숙사 제공 조건)

강원 광역형 비자 대상 학과 유학생

사증발급인정서 발급 또는 체류자격변경: 연간 800만 원 이상
체류기간 연장: 국내 주거래 은행계좌 월평균 62만원 이상 잔고 유지
체류기간 연장 입증방법: 은행에서 발행한 최근 1년 간의 통장 거래내역 제출
신고된 계좌는 특별한 사정이 없는 한 변경 불가
시간제 취업허가에 따른 급여·소득도 체재비로 인정

충북 광역형 비자 대상 학과 유학생
대상 대학 및 학과 목록은 하이코리아에 공지

적용 시기: 표준입학허가서 발급, 사증발급인정서 발급, 체류자격변경, 체류기간 연장
재정능력 기준: 충북형 일·학습 병행 참여 광역형 비자 유학생 연간 800만 원 이상
입국 후 충북형 일·학습병행제 사업 계속 참여 시 유지

충남 광역형 비자 대상 학과 유학생

재정능력 기준: 충남형 일·학습 병행 참여 광역형 비자 유학생 연간 800만 원 이상
입국 후 충남형 일·학습병행제 사업 계속 참여 시 유지

전북 광역형 비자 대상 학과 유학생

적용 시기: 표준입학허가서 발급, 사증발급인정서발급, 체류자격변경, 체류기간 연장
재정능력 범위: 등록금과 체재비 일체
재정능력 기준: 연간 800만 원 이상

[표]
광주 광역형 비자 재정능력 입증서류 제출 기준(대학 등급·신청유형별)

원칙: 연간 800만원 이상 (장학금·기숙사 조건)
체류기간 연장 과정 수료자 등(논문작성 등): (연도별 1인 가구 주거급여 기준액×체류개월 수) × 1/2

강원 광역형 비자 재정능력 입증서류 제출 기준

충북 광역형 비자 재정능력 입증서류 제출 기준

충남 광역형 비자 재정능력 입증서류 제출 기준

전북 광역형 비자 재정능력 입증서류 제출 기준",,,,"사증발급인정서 발급, 체류자격변경 및 체류기간 연장 시 유학 세부 체류자격별 체류기간 상한(2년) 부여(全 국적)",,,"우수인증대·인증대 사증발급(사증발급인정서) 및 체류자격 변경: 제출 면제 (장관 고시 국가 및 중점 관리 국가 국민 제외)
체류기간 연장 C학점 이상·출석율 70% 이상 우수인증대·인증대: 제출 면제
정부초청장학생, 재외동포, 국내장기체류자: 제출 면제 (장학증서 등 입증서류 제출)

우수인증대·인증대 사증발급 및 체류자격 변경: 제출 면제 (장관 고시 국가 및 중점 관리 국가 국민 제외)
체류기간 연장 C학점 이상·출석율 70% 이상 우수인증대·인증대: 제출 면제

우수인증대·인증대 사증발급 및 체류자격 변경: 제출 면제 (장관 고시 국가 및 중점 관리 국가 국민 제외)
체류기간 연장 C학점 이상·출석율 70% 이상 우수인증대·인증대: 제출 면제
정부초청장학생, 재외동포, 국내장기체류자: 제출 면제(장학증서 등 입증서류 제출)

우수인증대·인증대 사증발급 및 체류자격 변경: 제출 면제 (장관 고시 국가 및 중점 관리 국가 국민 제외)
체류기간 연장 C학점 이상·출석율 70% 이상 우수인증대·인증대: 제출 면제
체류기간 연장 과정 수료자 등(논문작성 등): (연도별 1인 가구 주거급여 기준액×체류개월 수) × 1/2
정부초청장학생, 재외동포, 국내장기체류자: 제출 면제(장학증서 등 입증서류 제출)",,,"60명

240명

830명

250명

670명",,,"[필수서류]
사증발급인정서 발급·체류자격변경 신청 시: 도지사 추천서 + 충북형 일·학습병행 사업 참여 확약서(붙임 3)
체류기간 연장·학교변경 등 국내 체류 중 재정능력 입증 시: 충북형 일·학습병행 사업 참여 확인서(붙임 4)

[필수서류]
사증발급인정서 발급·체류자격변경 신청 시: 도지사 추천서 + 충남형 일·학습병행 사업 참여 확약서(붙임 6)
체류기간 연장·학교변경 등 국내 체류 중 재정능력 입증 시: 충남형 일·학습병행 사업 참여 확인서(붙임 7)","인천에 있는 외국 대학 캠퍼스 다니는데 체류기간 더 길게 받을 수 있어요?
인천 광역형 비자 대상 대학이 어디인지 어떻게 알아요?
광역형 비자로 받으면 체류기간이 얼마나 돼요?

광주에서 자동차 관련 학과 다니는데 재정능력 입증을 얼마 해야 돼요?
인증대 다니면 재정능력 서류 제출 면제되나요?
논문 쓰는 동안 체류 연장할 때 재정능력 기준은 어떻게 돼요?

강원도에서 유학하는데 체류 연장할 때 통장에 얼마 있어야 돼요?
아르바이트로 번 돈도 체재비로 인정되나요?
신고한 은행 계좌 바꿔도 돼요?

충북에서 일학습 병행 사업 참여하면 재정능력 기준이 어떻게 돼요?
충북 광역형 비자 신청할 때 무슨 추천서가 필요해요?
입국 후에도 사업에 계속 참여해야 하나요?

충남에서 자동차부품·반도체 학과 다니는데 광역형 비자 어떻게 신청해요?
충남 광역형 비자 받으려면 추천서가 필요한가요?
재정능력 기준 연 800만원은 어디에 쓰는 거예요?

전북에서 외국인 계약학과 다니는데 재정능력은 얼마 있어야 돼요?
전북 광역형 비자도 인증대 다니면 재정능력 서류 면제되나요?
논문 쓰는 동안 체류 연장하려면 재정능력은 어떻게 계산해요?",D-2 유학 / 광역형 비자(인천) (p. 651),대학·대학원 입학허가,"D-10 구직, E-1~E-7 취업, F-2-7 점수제",F-3 동반 (학사·석사·박사만),"유학, 학생, 학위과정, 어학연수",완료,"[3차요약] D-2 광역형 비자 지자체별 요건. 인천(60명), 광주(240명), 강원(770명), 충북(830명, 충북형 일·학습 병행), 충남(250명, 충남형 일·학습 병행), 전북(670명). 재정능력 기준 연간 800만원 이상"
D-2 (광역형 비자),D-2,체류,체류자격외 활동허가,"광역형 비자 유학생(D-2) 중 학기 중 인턴활동을 하려는 자

광역형 비자 유학생 중 시간제 취업허가 대상자 요건을 갖춘 유학생

광역형 비자 대상 유학생으로서 시간제 취업 허가 신청자

해당 분야 자격증을 소지한 광역형 비자 대상 유학생","주방장 및 조리사, 요양보호사","전문학사 3학기 이상, 학사 3학년 이상 수료 후 (석·박사 제한 없음)
한국어 능력: 사통프로그램 4단계 이상 또는 TOPIK 4급 이상
영어트랙과정: TOEFL 530(CBT 197, iBT 71), IELTS 5.5, CEFR B2, TEPS 601점(NEW TEPS 327점) 이상이면 한국어능력 기준 충족으로 봄
영어를 모국어 또는 공용어로 하는 국가 유학생은 증빙서류 제출 면제
성적 기준: 신청일 기준 직전 학기 평균 성적 B학점 이상

체류기간 기준, 한국어 능력 기준, 성적 기준 모두 충족
허용 기간: 1회, 최대 1년 이내(전문학사는 1회 최대 6개월 이내)
활동 내용: 대학 외부기관 및 기업체에서의 전문분야(E-1~E-7) 인턴 활동

성적기준: 신청일 기준 직전학기 평균 성적이 C학점(2.0) 이상 (입학 후 최초 1학기 수강 중이고 성적표 미발급 시 제외)
한국어 능력 기준: 전문학사·학사 1~2년 TOPIK 3급 이상 또는 KIIP 3단계 이상(사전평가 61점 이상) 또는 세종학당 중급1 이상; 학사 3~4년·석박사 TOPIK 4급 이상 또는 KIIP 4단계 이상(사전평가 81점 이상) 또는 세종학당 중급2 이상
영어트랙: TOEFL 530(CBT 197, iBT 71)/IELTS 5.5/CEFR B2/TEPS 601(NEW TEPS 327) 이상이면 한국어 기준 충족 (영어 모국어·공용어 국가 유학생은 증빙 제출 면제)

원칙: 주중 30시간 이내 (학위과정 통합 적용)
우대(주중): 한국어 기준 충족 + 인증대 재학 또는 직전학기 A학점 이상 또는 TOPIK 5급 이상/KIIP 5단계 이수·종합평가 합격 시 주중 5시간 추가 허용
우대(주말·공휴일·방학): 한국어 기준 충족 학위과정(D-2) 유학생은 학기 중 주말·공휴일 및 방학 기간 동안 허용시간 제한 없음
강화: 한국어 기준 미충족 시 전문학사·학사 주중 10시간 이내, 석사·박사 주중 15시간 이내

성적기준: 신청일 기준 직전학기 평균 성적이 C학점(2.0) 이상 (입학 후 최초 1학기 수강 중인 자로 성적표 미발급 시 제외)
한국어능력 기준:
- 전문학사·학사 1~2년: TOPIK 3급 이상 또는 KIIP 3단계 이상 이수(사전평가 61점 이상) 또는 세종학당 중급1 과정 이상
- 학사 3~4년·석박사: TOPIK 4급 이상 또는 KIIP 4단계 이상 이수(사전평가 81점 이상) 또는 세종학당 중급2 과정 이상
영어트랙과정: TOEFL 530(CBT 197, iBT 71), IELTS 5.5, CEFR B2, TEPS 601점(NEW TEPS 327점) 이상 충족 시 한국어 능력 기준 충족으로 인정
영어를 모국어 또는 공용어로 하는 국가 유학생은 증빙서류 제출 면제

공통: 광역형 비자 대상 유학생으로 시간제 취업허가 대상자 요건 충족, 업체별 허용인원 산정 기준(주방장·조리사) 및 국민고용보호 기준(요양보호사) 미적용
주방장 및 조리사: 조리관련 학과 재학 중일 것, 한국산업인력공단의 조리 관련 기능사 이상 자격증 취득. 관광편의시설업 지정업체는 사업장 면적요건이 최소기준의 50% 이상이면 연간 부가세액과 내국인 고용요건 충족 시 인정
요양보호사: 요양보호사 자격증 취득, 「노인복지법」에 따른 노인의료복지시설일 것(시·군·구 발급 장기요양기관 지정서의 장기요양기관기호가 1로 시작)

[표]
광역형 비자 시간제 취업 한국어 능력 기준표(학위과정별)

전문학사·학사 1~2년: TOPIK 3급 / KIIP 3단계 / 세종학당 중급1
학사 3~4년·석박사: TOPIK 4급 / KIIP 4단계 / 세종학당 중급2

광역형 비자 유학생 시간제 취업 한국어능력 기준표",,,,,"1회, 최대 1년 이내(전문학사 1회 최대 6개월 이내)
원칙: 주중 30시간 이내(학위과정 통합 적용)
주중 우대: 한국어능력 기준 충족자 중 인증대학 재학생, 성적 우수자(직전 학기 A학점 이상) 또는 한국어능력 우수자(TOPIK 5급 이상 또는 KIIP 5단계 이수)는 주중 5시간 추가
주말·공휴일·방학기간 우대: 한국어능력 기준 충족 학위과정(D-2) 유학생은 학기 중 주말·공휴일 및 방학 기간 동안 허용시간 제한 없이 시간제 취업활동 가능","논문준비 등으로 체류기간 연장허가 특례를 받은 사람, 연구유학(D-2-5)는 제외

시간제 취업허가의 허용시간 우대 대상이라도 시간제 취업허가는 반드시 받아야 함

한국어능력 기준을 충족하지 못한 사람은 인증대 재학 또는 성적 우수자 여부와 관계없이 주중 최대 허용시간의 1/2 이하로 허용
전문학사·학사: 주중 10시간 이내
석사·박사: 주중 15시간 이내

한식 관련 전공자·연수자 및 한식 조리사 자격증 취득자에 대해서는 적용하지 않음",전문분야 시간제 취업 허용 (광역형 비자 유학생에 한해 자격증 소지 시),,,280명,,,"[필수서류]
- 공통: 「외국인 유학생 사증발급 및 체류관리 지침」상 기본 제출서류, 해당 분야 자격증
- 주방장 및 조리사: 고용보험피보험자격 취득 내역(사업장용), 사업장고용정보현황, 사업장 면적 입증서류, 부가가치세과세표준증명(세무서장 발행), 관광편의시설업 지정 서류(해당업체에 한함)
- 요양보호사: 장기요양기관 지정서","유학생인데 학기 중에 외부 회사에서 인턴 할 수 있나요?
인턴하려면 한국어 어느 정도 해야 돼요?
인턴 기간은 얼마나 허용돼요?

유학생인데 주중에 알바 몇 시간까지 할 수 있어요?
한국어 잘하면 더 길게 일할 수 있나요?
방학 때는 시간 제한 없이 일할 수 있어요?

유학생인데 알바 시간 더 늘릴 수 있어요?
한국어 실력 안 되면 알바 시간 얼마나 줄어요?
방학 때 풀타임 알바해도 되나요?

유학생인데 조리사 자격증 있으면 식당에서 일할 수 있어요?
요양보호사 자격증으로 알바할 수 있나요?
한식 조리사 자격증으로도 알바 가능한가요?",D-2 유학 / 광역형 비자 학기 중 인턴활동 특례 (p. 646),대학·대학원 입학허가,"D-10 구직, E-1~E-7 취업, F-2-7 점수제",F-3 동반 (학사·석사·박사만),"유학, 학생, 학위과정, 어학연수",완료,"[3차요약] D-2 광역형 비자 학기 중 인턴활동 특례. 전문학사 3학기/학사 3학년 이상, KIIP 4단계/TOPIK 4급, B학점 이상. 최대 1년(전문학사 6개월). 시간제 취업 허가 한국어능력 기준 충족자는 주말·방학 무제한"
D-2 (광역형 비자),D-2,체류,체류기간 연장,"제주특별자치도 광역형 비자(관광산업, RISE 산업 연계 학과) 유학생",,"재정능력 범위: 등록금과 체재비 일체
재정능력 기준: 광역형 비자 유학생 연간 800만 원 이상 (원칙적 기준은 연간 1,000만원 이상)
체류기간 연장 시 우수인증대·인증대 C학점 이상 출석률 70% 이상은 제출 면제, C학점 미만 또는 출석률 70% 미만은 800만원 이상(일반 유학지침 적용)
일반대 이하: 800만원 이상 (동일대학 상위 학위과정 진학자에게도 적용)
과정 수료자(논문작성 등): (연도별 1인 가구 주거급여 기준액 × 체류개월 수) × 1/2
정부초청장학생·재외동포·국내장기체류자: 제출 면제(장학증서 등 입증서류 제출)

[표]
광역형 비자 재정능력 입증서류 제출 기준(우수인증대/인증대/일반대 이하 × 사증발급·체류자격변경·연장)",,,,,,,"체류자격 변경 시 우수인증대는 제출 면제(장관 고시 국가 및 중점 관리 국가는 800만원 이상)
인증대는 광역형 비자 원칙적 기준 적용(동일대학 학위과정 진학 시 800만원 이상)",,,250명,,,"[필수서류]
재정능력 입증서류 (표준입학허가서의 유학 소요경비 및 조달계획 참고하여 실질 심사)","제주에서 유학할 때 통장에 얼마 있어야 비자 연장돼요?
성적이 안 좋으면 재정증명 얼마 내야 해요?
장학생도 재정증명 내야 해요?",D-2 유학 / 제주특별자치도 광역형 비자 재정능력 기준 특례 (p. 649),대학·대학원 입학허가,"D-10 구직, E-1~E-7 취업, F-2-7 점수제",F-3 동반 (학사·석사·박사만),"유학, 학생, 학위과정, 어학연수",완료,"[3차요약] D-2 제주특별자치도 광역형 비자(관광산업, RISE 산업 연계 학과). 쿼터 280명. 재정능력 기준 특례 적용"
E-7 (광역형 비자),E-7,체류,체류자격 변경,"대구 5대 신산업분야(로봇, 반도체, 미래모빌리티, 헬스케어, ABB(AI, Bigdata, Blockchain)) 채용 외국인","생명과학전문가(2111), 데이터전문가(2231), 전자공학기술자(2342), 기계공학기술자(2351), 로봇공학기술자(2352)","생명과학전문가·데이터전문가: 도입직종 연관성 있는 분야 석사 이상 학위 / 전문학사 학위 + 1년 이상 경력 / 3년 이상 근무 경력
전자공학기술자·기계공학기술자: 도입직종 연관성 있는 분야 학사 이상 학위 / 전문학사 + 1년 이상 경력 / 3년 이상 근무 경력 (기계공학기술자의 경우 국내 E-9 경력 3년으로 신청 시 전문학사 학위 이상 필요)
로봇공학기술자: 국내외 학사 학위 이상 + 1년 이상 경력
국내복귀기업 특례(생명과학·전자·로봇): 국내복귀기업 해외법인 고용자 중 학사 이상 학위자 또는 전문학사+직종 기술자격증+수상/언론보도+KOTRA 현지 KBC직원의 경력확인 경력증명서 보유자는 1년 이상 국내 복귀기업 해외법인 근무경력 필요",,,,,,"기계공학기술자: 국민 고용인원 30% 범위 내 외국인 고용 허용, 상시근로자 5인 미만 업체 고용 제한, 업체당 최대 3명",,,,100명,,,,"대구에서 로봇공학자로 일하려면 학력 어느 정도 필요해요?
기계공학 전공인데 대구에서 비자 받을 수 있나요?
석사 없이 경력만으로도 신청 가능한가요?",E-7 특정활동 / 광역형 비자 지자체별 요건 - 대구광역시 (p. 671),학력·경력 요건 + 국내기업 채용,"E-7-4 숙련 (변경), F-2-7 점수제, F-5 영주",F-3 동반,"특정활동, 전문인력, 외국인 채용",완료,[3차요약] E-7 대구광역시 광역형 비자. 5대 신산업분야(로봇·반도체·미래모빌리티·헬스케어·ABB). 쿼터 100명
E-7 (E-7-3),E-7,체류,체류자격 변경,울산광역시 조선업 분야(HD현대중공업 및 사내 협력사) 채용 외국인,"조선용접공(7430), 선박전기원(76212), 선박도장공(78369)","조선용접공: 중급 이상 조선용접공 자격증 취득 + 울산시 인증 현지 인력양성센터 교육프로그램 이수 + 산업부 현지 기량검증 통과 + 사회통합프로그램 1단계(또는 TOPIK 1급) 수준 한국어 능력(울산시 인증 인력양성센터의 한국어능력 검증으로 대체 가능, 현지 인력양성센터 교육 이수 시 경력요건 면제)
선박 전기원·선박 도장공: 관련분야 전문학사 학위 이상 + 울산시 인증 현지 인력양성센터 교육프로그램 이수 + 현지 자체 기량검증(울산시) + 사회통합프로그램 1단계(또는 TOPIK 1급) 수준 한국어 능력
국내 입국 후 1년 이내 선급자격증 취득 필요(조선용접공에 한함) — 입국 후 최초 체류기간 연장 시 확인",,,,,,"근무처 변경은 휴·폐업, 경영악화 등 부득이한 경우 또는 외국인의 귀책사유가 없는 경우에 한정. 근무처 변경 허가 시 자격요건·고용업체 요건·업체당 허용인원 등을 사증 발급 기준에 준해 심사. 근무처 변경 시 울산시 발급서류(고용추천서 및 기업체 현장실사 보고서(붙임 11))로 산업부장관 고용추천 대체 필수",,,,"440명(용접 308명, 전기 55명, 도장 77명)",,고용추천서: 울산시장 (붙임 1 추천서 양식 대체 가능),"[필수서류]
조선용접공: 유효한 자격증(국제선급회사 등 발급), 울산시 인증 현지 인력양성센터 교육프로그램 이수증(붙임 9 양식), 기량검증단 발급 기량검증 확인서
선박전기원·선박도장공: 학위증, 울산시 인증 현지 인력양성센터 교육프로그램 이수증(붙임 9 양식), 울산시 발급 기량검증 확인서(붙임 10 양식)","울산 조선소에서 용접공으로 일하려면 뭐가 필요해요?
조선소 비자 받으려면 한국어 어느 정도 해야 해요?
회사 옮기고 싶으면 어떻게 해야 해요?",E-7 특정활동 / 광역형 비자 지자체별 요건 - 울산광역시(조선업) (p. 671~673),학력·경력 요건 + 국내기업 채용,"E-7-4 숙련 (변경), F-2-7 점수제, F-5 영주",F-3 동반,"특정활동, 전문인력, 외국인 채용",완료,"[3차요약] E-7-3 울산광역시 광역형 비자 조선업. 직종 3개(조선용접공 7430, 선박전기원 76212, 선박도장공). 쿼터 440명(용접 308, 전기 55, 도장 77명). HD현대중공업 및 사내 협력사 채용"
E-7 (광역형 비자),E-7,체류,사증발급인정서,"경기도(산업기술인력 및 요양보호사), 경상북도(광·제조업 이공계인재 및 요양보호사), 경상남도(자회사 우수인재·조선업 등) 채용 외국인","경기: 관리·전문직 12개 직종(컴퓨터 하드웨어/통신공학/시스템설계/소프트웨어/웹/데이터/네트워크/정보보안/전자공학/로봇/간호사), 준전문 요양보호사(42111)
경북: 관리·전문직 23개 직종, 준전문 호텔접수사무원(3922)·요양보호사(42111)
경남: 관리·전문직 21개 직종, 일반기능인력 조선용접공(7430)·선박전기원(76212)·선박도장공(78369)","경기 한국어 우수자 특례: 사회통합프로그램 4단계(TOPIK 4급) 이상 소지자는 외국대학 학사학위가 도입직종과 연관성이 없어도 취업 허용(1년 이상 경력 포함), 관리·전문직 11개 직종에 적용
경북 사증발급인정서 발급 대상: ①경북 지정 해외전문대학 도입직종 연관 분야 전문학사 이상+1년 이상 경력, ②경북 지정 해외전문대학 도입직종 연관 분야 전문학사 이상+TOPIK 2급 이상(온라인 KIIP 2단계 수료 대체 가능), ③도입직종 연관 분야 3년 이상 경력(국내외 합산 가능), ④도입직종 연관 분야 국내 전문대학 이상 졸업자(여행상품개발자·호텔접수사무원은 경력요건만으로 신청 불가, 요양보호사 적용 제외)
경북 국내체류자격 변경 대상: ⑤도입 직종 연관 분야 국내 전문대학 이상 졸업(예정)자, ⑥국내 장기체류외국인으로 ①~③ 요건 충족자(호텔접수사무원·요양보호사 적용 제외)
경남 관리·전문직 일반요건 특례: 도입직종 연관 분야 학사 이상 또는 3년 이상 경력 + 사회통합프로그램 1단계(TOPIK 1급) 이수 또는 한국어 능력 검증 필수
경남 자회사 우수인력 도입 특례: 해외 자회사에서 해당 분야 2년 이상 경력 + 한국어 능력 검증
경남 조선업 일반기능인력: 중급 이상 조선용접공 자격증 + 경남도 자체 기량검증 통과(경력요건 면제 가능) + 사회통합프로그램 1단계(TOPIK 1급) 수준 한국어 능력, 선박전기원·도장공은 관련분야 전문학사 학위 이상 + 기량검증 통과","경북: 기업이 경상북도 광역형 비자 워크넷 시스템(K-드림외국인지원센터, 해외인재유치센터) 활용해 외국인력 채용 후 사증발급인정서 발급 또는 체류자격변경 신청 → 법무부 결격 여부 등 심사하여 허용여부 결정",,,,,"경기 요양보호사: 국민 고용인원 30% 범위 내 외국인 고용 허용 (허용인원 상한 미적용)
경북 기계공학기술자(2351): 국민 고용인원 30% 범위 내, 상시근로자 5인 미만 고용제한, 업체당 최대 3명
경북 호텔접수사무원(3922): 30% 범위 내, 호텔당 최대 5명
경북 요양보호사(42111): 30% 범위 내 외국인 고용 허용
경남 기계공학기술자(2351): 30% 범위 내, 5인 미만 고용제한, 업체당 최대 3명",,"경북 체류관리 특례: 최초 허가된 근무처에 1년 이상 근무, 사업장 휴·폐업 등으로 동일 사업장 또는 업종 취업 곤란 시 지자체 추천받아 근무처 변경 허용, 1년 이내 근무처 변경 시 새 근무처에서 1년 이상 근무",,"경기: 630명 (요양보호사 허용인원 상한 미적용)
경북: 350명 (요양보호사 별도 쿼터 100명 포함)
경남: 총 670명 (전문인력 E-7-1: 130명, 조선업 E-7-3: 540명(용접 80명, 전기 230명, 도장 230명))",,"고용추천 특례(경북·경남): 고용추천 필수 직종은 기존 주무부처 장관 고용추천 유지, 임의적 고용추천 대상 직종은 도지사 고용추천 허용(추천서 양식은 붙임 1로 대체 가능)","[기타서류]
경남 자회사 우수인력 특례 추가서류: 해외 자회사 입증서류(현지법인등록증 영사확인, 해외직접투자신고수리서, 송금영수증, 송금사실확인서, 수출면장, 기술수출계약서, 플랜트수출승인서 등), 재직증명서, 경력증명서, 한국어능력 입증 서류(붙임 13)
경북 첨부서류 특례: 초청사유서·외국인활용계획서 등을 '7일 이상 내국인 구인 이력 확인 서류(붙임 12)'로 대체","경기도에서 IT개발자로 취업하려면 학력 인정 어떻게 돼요?
경상북도에서 요양보호사로 일할 수 있어요?
조선소에서 일하면 회사 옮길 수 있어요?",E-7 특정활동 / 광역형 비자 지자체별 요건 - 경기도·경상북도·경상남도 (p. 673~676),학력·경력 요건 + 국내기업 채용,"E-7-4 숙련 (변경), F-2-7 점수제, F-5 영주",F-3 동반,"특정활동, 전문인력, 외국인 채용",완료,"[3차요약] E-7 광역형 비자 - 경기 630명(산업기술인력+요양보호사), 경북 350명(광제조업 이공계+요양보호사 100명 포함), 경남 670명(전문인력 130 + 조선업 E-7-3 540명: 용접 80/전기 230/도장 230)"
F-2 (F-2-7S),F-2,체류,체류자격 변경,법무부장관 선정 K-STAR 비자트랙 참여대학의 과학기술분야 석·박사 학위 취득(예정)자,K-STAR 비자트랙 참여대학 과학기술분야 석·박사 학위자 또는 박사후연구원,"선정대학의 석사 학위 취득 예정자 또는 취득 후 1년 이내인 자
선정대학의 박사 학위과정 재학생·수료생 또는 박사학위 취득 후 1년 이내인 자
선정대학에서 박사학위 취득 후 박사후연구원(Postdoc) 자격으로 과학기술분야 연구에 참여 중인 자

품행단정: 신청일로부터 5년 이내 금고 이상의 형(집행유예 포함) 선고받은 사실 없을 것
신청일로부터 3년 이내 출입국관리법 3회 이상 위반, 통고처분 합계 500만 원 이상 해당 없을 것
신청일로부터 3년 이내 대한민국 법률 위반으로 300만 원 이상 벌금형 선고받은 사실 없을 것
취업활동: 신청일 이전 3년 이내 취업 제한 분야 종사 사실 없을 것
공중보건: 결핵 등 전염병 없을 것

품행단정 결격사유 없을 것
국내법 위반자는 준법시민교육 이수
취업 제한 분야 종사 이력 없을 것
결핵진단서 등 공중보건 요건 충족",,,,,1회 3년 이내 부여(최장 5년 이내),"수사·재판 진행 중인 경우 사법 당국 최종 판단까지 심사 지연 자제, 체류기간 6개월 이내 허가","박사과정 수료생 또는 석·박사 통합과정 재학생은 학위취득(예정)증명서 제출 생략
고려대(세종), 연세대(미래), 한양대(ERICA) 캠퍼스는 부총장 명의 추천서 가능",,,대학별 인원 쿼터 별도 제한 없음,,,"[공통서류]
신청서
여권
외국인등록증
사진
수수료
체류지 입증서류
해외범죄경력증명서(연장은 6개월 이상 해외 체류 시에만 제출)
결핵진단서(해당자)
대학 총장 추천서(발급일로부터 1년간 유효)

[필수서류]
- 석·박사 학위 취득(예정)자: 학위취득(예정)증명서 또는 졸업(예정)증명서
- 석·박사 통합과정: 석사과정 수료 확인 서류, 박사과정 재학증명서
- 박사과정 수료생: 박사과정 수료증명서
- 박사후연구원: 박사과정 학위취득증명서 또는 졸업증명서, 박사후연구원 자격 입증 서류","한국 대학에서 과학기술 분야 박사 따려는데 어떤 체류자격 받을 수 있어요?
석박사 통합과정 다니는데 졸업 안 해도 거주 자격 받을 수 있나요?
박사후연구원으로 연구 중인데 대상에 포함되나요?

벌금형 받은 적 있는데 K-STAR 거주 받을 수 있어요?
품행단정 요건이 뭐예요?
얼마나 오래 머물 수 있나요?

K-STAR 거주 신청할 때 어떤 서류 내야 해요?
박사 수료만 했는데 학위증명서 꼭 내야 하나요?
추천서는 누가 발급해 주나요?",F-2-7S K-STAR 거주 / 신청대상 (p. 708),점수제 80점·고소득·재외동포·난민 등 트랙별,F-5 영주,F-1 동반가족,"거주, 장기거주, 점수제",완료,"[3차요약] F-2-7S K-STAR 거주. 법무부 선정 대학 과학기술분야 석·박사 학위 취득(예정)자. 박사후연구원도 가능. 품행단정·취업활동·공중보건 요건. 1회 3년, 최장 5년 부여"
F-5 (F-5-S1),F-5,체류,체류자격 변경,법무부장관 선정 대학의 과학기술분야 석·박사 학위 소지자,,"K-STAR 거주(F-2-7S) 자격으로 3년 이상 국내에서 계속 체류
또는 점수제 우수인재 거주(F-2-7) 자격으로 3년 이상 국내에서 계속 체류
점수제 요건 90/200점 충족

품행단정 요건 충족(아래 결격사유 해당 시 원칙적으로 영주자격 변경 불가)
생계유지능력 및 기본소양은 점수제 한국어능력·연간소득 항목 심사로 대체
법 위반자는 준법시민교육 이수

금고 이상 실형 집행종료/면제일로부터 5년 미경과자 제외
금고 이상 집행유예 판결확정일로부터 5년 미경과자 제외
벌금형 납부일로부터 3년 미경과자 제외
최근 5년간 출입국관리법 3회 이상 위반자 제외(과태료 제외)
강제퇴거명령 후 7년 미경과, 출국명령 후 5년 미경과자 제외
최근 3년 500만 원 이상 범칙금 또는 합산 700만 원 이상자 제외

총 200점 중 90점 이상 획득",,,,,,"감점 최대 10점: 출입국관리법 위반 통고처분 및 형사처벌 전력 합산
3년 이내 300만원 이상 벌금형 또는 벌금형 이상 형사처벌은 결격사유","사회통합프로그램 이수증은 사회통합정보망에서 확인 가능, 제출 불요
국내법 위반 감점: 경찰청 온라인범죄조회시스템으로 확인, 별도 제출 불요",,"점수제 요건 200점 만점 중 90점 이상

기본항목(최대 150점): 학력 30점, 연구 경력 60점, 연구 실적 60점
가점항목(최대 50점): 한국어 능력 10점, 연간소득 10점, 지방 거주 10점, 봉사 10점, 추천 10점
합격 기준: 200점 중 90점 이상

학력: 석사 20점, 박사 30점
연구경력: 4년 이상~5년 60점, 3년 이상~4년 미만 50점, 2년 이상~3년 미만 40점, 1년 이상~2년 미만 30점
연구실적: 신청일로부터 5년 이내 논문/특허 합산 최대 60점(SCI/KCI 구분)
한국어능력: 사회통합프로그램 5단계 또는 토픽 5급 최대 10점, 1단계 1점
연간소득: 5천만 원 이상 10점 ~ 2천만 원 미만~최저임금 이상 5점
봉사: 150시간 이상 10점, 100시간 이상 7점, 50시간 이상 5점(3년 내)
추천: 중앙행정기관장 10점, 4년제 총장 등 7점, 상장기업장 5점
지방거주(비수도권): 3년 이상 5점, 2년 이상~3년 미만 3점, 1년 이상~2년 미만 1점(인구감소지역 5점 가산)

학력: 박사 30점, 석사 20점 (K-STAR 비자트랙 참여대학 32개교 대상)
연구경력: 4년 이상~5년 60점, 3년 이상~4년 미만 50점, 2년 이상~3년 미만 40점, 1년 이상~2년 미만 30점
연구실적-논문: SCI/SSCI/A&HCI 단독·교신저자 1편당 20점(KCI 10점), 공동저자 1편당 10점(KCI 5점), 최대 60점
연구실적-특허: 단독 1건당 20점, 공동 1건당 10점, 발명자 1건당 5점, 최대 60점
한국어능력: TOPIK 5급/사통 5단계 10점, 4급/4단계 8점, 3급/3단계 6점, 2급/2단계 5점, 1급/1단계 1점
연간소득: 5천만원 이상 10점, 4천만~5천만원 9점, 3천만~4천만원 8점, 2천5백만~3천만원 7점, 2천만~2천5백만원 6점, 최저임금~2천만원 5점
추천: 중앙행정기관장 등 10점, 4년제 총장 등 7점, 상장기업장 등 5점
봉사: 150시간 이상 10점, 100시간 이상 7점, 50시간 이상 5점
지방 거주·근무(비수도권): 3년 이상 5점, 2년 이상~3년 미만 3점, 1년 이상~2년 미만 1점 (인구감소지역 5점 가산)
감점 항목 최대 10점: 통고처분 300이상 -10, 100~300 -7, 50~100 -5 / 벌금형 300이상 -10, 200~300미만 -7, 200미만 -5

[표]
K-STAR 영주(F-5-S1) 점수제 평가 항목별 배점표

학력 30 / 연구 경력 60 / 연구 실적 60 / 한국어 능력 10 / 연간소득 10 / 지방 거주 10 / 봉사 10 / 추천 10

K-STAR 영주(F-5-S1) 점수제 기본·가점·감점 항목 세부 배점

감점: 통고처분 300이상 -10 / 100~300 -7 / 50~100 -5
감점: 벌금형 200 이상 -10 / 벌금형 -7 / 200 미만 -5

K-STAR 영주(F-5-S1) 점수제 평가항목별 세부 배점표(붙임 6)

학력 박사 30 / 석사 20
한국어 TOPIK 5급 10 / 4급 8 / 3급 6 / 2급 5 / 1급 1
추천 중앙행정기관 10 / 총장 등 7 / 상장기업 5",,,,"[공통서류]
신청서
여권
외국인등록증
수수료(수입인지)
체류지 입증서류
해외범죄경력증명서
신원보증서

[필수서류]
- 신청인이 해당하는 점수를 기재한 점수표
- 신청인이 기재한 평가 항목별 점수를 입증하는 서류

[필수서류]
- 학력: 학위취득증명서 등
- 연구경력: 경력증명서, 재직증명서, 계약서 등 (postdoc 및 연구개발 등 경력 폭넓게 인정)
- 연구실적: 학술지 사본 (Web of Science 인용데이터베이스 검색)
- 기본소양: 한국어능력시험(TOPIK) 성적표 또는 사회통합프로그램 이수증
- 연간소득(근로소득): 소득금액증명원(근로소득자용)
- 연간소득(사업소득): 소득금액증명원(종합소득세 신고자용)
- 연간소득(근로+사업): 소득금액증명원 2종 + 종합소득세·농어촌특별세 과세표준확정신고 및 납부계산서
- 지방 거주·근무: 주소지 입증자료
- 추천: 공문 또는 기관 직인 날인된 추천서
- 봉사: 1365자원봉사포털 또는 사회복지자원봉사 인증관리시스템 출력 서류

[기타서류]
상장법인 취업(예정)자로 소득금액증명 제출 불가 시: 연봉이 기재된 고용계약서","한국에서 과학기술 박사 따고 거주 자격으로 살고 있는데 영주권 받을 수 있어요?
K-STAR 영주는 얼마 이상 체류해야 신청해요?
점수는 몇 점 이상 받아야 해요?

K-STAR 영주 점수는 어떻게 매기나요?
한국어 잘하면 가점 받을 수 있어요?
지방에 살면 점수 더 주나요?

K-STAR 영주 점수는 항목별로 어떻게 주나요?
벌금형 받으면 점수 깎이나요?
연봉이 얼마 이상이면 만점 받아요?

영주권 신청할 때 안 되는 경우는 어떤 게 있어요?
벌금 낸 지 얼마나 지나야 영주 신청 가능해요?
한국어 능력이나 소득은 어떻게 확인해요?

K-STAR 영주 신청할 때 어떤 서류 내야 해요?
점수표는 어떻게 제출해요?
신원보증서도 필요한가요?

영주 신청 점수표는 어떻게 채워요?
SCI 논문이 있으면 몇 점 받아요?
한국어 시험 급수별 점수가 어떻게 되나요?

K-STAR 영주 점수 입증할 때 어떤 서류 내야 해요?
회사 다니면서 사업소득도 있으면 서류는 뭐 내요?
한국어 점수는 어떻게 증명해요?",F-5-S1 K-STAR 영주 / 신청대상 (p. 710~711),D-7~E-7 또는 F-2 5년+ 체류 + 소득·재산 요건,국적취득,"F-1, F-2-71 (점수제 자녀)","영주, 정착, 영주권",완료,[3차요약] F-5-S1 K-STAR 영주. F-2-7S 자격으로 3년+ 또는 점수제 우수인재(F-2-7)로 3년+. 점수제 200점 중 90점 이상. 기본항목(학력·연구경력·연구실적·한국어 150점) + 가점(연간소득·지방거주·봉사·추천 50점)
F-2 (F-2-71),F-2,체류,체류자격 변경,K-STAR 거주(F-2-7S) 자격자의 배우자 또는 미성년자녀,K-STAR 거주(F-2-7S)의 동반가족,"진정한 혼인관계를 유지하고 있는 법률상 배우자
주체류자가 친권 및 양육권을 가지고 있는 미성년자녀

주체류자의 K-STAR 거주 신청 시 동반 신청 가능
배우자가 단기사증 또는 합법적 체류자격 소지 시 혼인관계 확인 후 F-2-71 변경 허가
배우자·미성년자녀는 주체류자의 체류기간과 동일하게 자격변경 허가",,,"사증발급 시 단수, 90일 / 체류기간은 주체류자와 동일",,,"배우자·미성년자녀가 범죄요건 등 결격사유 해당 시 불허
취업제한 분야 또는 노동시장 부정적 영향 직종 취업 시 연장 제한 또는 허가 취소 가능",주체류자가 자격요건 충족하고 생계 같이하는 경우 미성년자녀가 만 25세 미만까지 연장 허가,,,,,,"[공통서류]
신청서
여권
외국인등록증
사진
수수료
체류지 입증서류
가족관계 입증서류
결핵검진확인서(해당자)
해외범죄경력증명서(해당자)","K-STAR 거주 받았는데 배우자도 같이 한국 데려올 수 있어요?
아이가 한국에서 태어났는데 체류자격 어떻게 받아요?
동반가족 비자는 얼마나 머물 수 있나요?",F-2-71 K-STAR 거주의 동반가족 (p. 714~715),F-2-7 또는 F-2-7S 자격자의 미성년 자녀,성년 시 점수제 또는 영주 변경,본인이 동반자격,"점수제 자녀, 동반자녀",완료,"[3차요약] F-2-71 K-STAR 동반가족. K-STAR 거주(F-2-7S) 자격자의 배우자·미성년자녀. 사증발급 소득요건 심사 없이 F-2-71(단수, 90일). 주체류자와 동시 신청 가능, 주체류자 체류기간과 동일"
