source_row_number,review_priority,review_reason,suggested_action,stay_status_code,stay_status_name_ko,item_type,section_title,petition_type,subsection_type,subtype_or_program,applicant_context,eligibility,target_persons,common_documents,mandatory_documents,other_documents,requirements,procedure,restrictions,exceptions,fees,duration_or_validity,quota_or_limit,score_criteria,table_summary,table_rows,normalized_text
3,high,document_like_row_outside_required_documents,공통/필수/기타서류 버킷 재분류,공통,공통사항,common_rule,공통사항: 여권 유효기간 범위 내 체류기간 부여,공통사항,기간,,"외교(A-1), 공무(A-2), 협정(A-3), 영주(F-5), 난민인정자(F-2)·그 가족(F-1), 인도적체류허가자·난민신청자·그 가족(G-1), 무국적자를 제외한 모든 장기 체류자격 외국인",,,,,,원칙: 여권 유효기간 범위 내에서 체류기간 부여 잔여 체류기간 내에서 사실상 여권 재발급이 불가능한 경우 1회에 한하여 여권 유효기간 6개월 이하인 경우라도 6개월로 간주하여 6개월 이내에서 체류허가 기간 부여,,,,,여권 유효기간 범위 내,,,,,
4,high,document_like_row_outside_required_documents,공통/필수/기타서류 버킷 재분류,공통,공통사항,common_rule,공통사항: 직업 및 연간소득금액 신고 의무,공통사항,신고의무,,취업이 가능한 체류자격을 가진 외국인,"주재(D-7), 기업투자(D-8), 무역경영(D-9), 교수(E-1)~선원취업(E-10), 거주(F-2), 재외동포(F-4), 결혼이민(F-6), 방문취업(H-2)",,,외국인 직업 신고서 통합신청서(신고서)의 연 소득금액란 작성,,,"신고시기: 외국인등록 시, 체류자격 변경허가/체류자격외 활동허가/근무처 변경·추가허가(신고)/체류자격 부여허가/체류기간 연장허가 신청 시, 직업 변경 시",,재외동포(F-4) 자격은 연 소득금액 기재 불요. 국세청과 정보연계로 소득금액증명 제출 생략,,,,,,,
5,high,document_like_row_outside_required_documents,공통/필수/기타서류 버킷 재분류,공통,공통사항,common_rule,공통사항: 만 6세 이상 만 18세 이하 재학증명서 제출 의무,공통사항,신고의무,,만 6세 이상 만 18세 이하의 모든 체류자격 외국인 (등록·거소외국인),,,,재학증명서 등 재학 중임을 증명할 수 있는 서류 통합신청서(신고서)의 재학 여부란,,,"공통: 초·중·고교 최초 입학 또는 재학 여부 변경(상급학교 진학 포함) 시 15일 이내 신고 각종 체류허가 시: 외국인등록(거소신고), 체류자격 변경허가, 체류자격외 활동허가, 근무처 변경·추가 허가(신고), 체류자격 부여허가, 체류기간 연장허가 신청 시",,미취학자는 미취학으로 표시 (학교명 입력 불요),,,,,,,
6,high,document_like_row_outside_required_documents,공통/필수/기타서류 버킷 재분류,공통,공통사항,common_rule,공통사항: 외국인 결핵진단서 제출 의무,공통사항,제출서류,,결핵 고위험국가(35개국) 국민의 사증신청·외국인등록·체류허가 신청 시,국내 90일 초과 체류 목적 사증 신청자 단기체류자격 중 계절근로자(C-4-1~4) 국내 체류 외국인 결핵환자가 가족 등을 간병인으로 초청하는 경우 과거 결핵진단서 제출 후 완전출국 후 새로운 장기체류사증 발급받으려는 경우,"결핵 고위험국가 35개국: 네팔, 동티모르, 러시아, 말레이시아, 몽골, 미얀마, 방글라데시, 베트남, 태국, 스리랑카, 우즈베키스탄, 인도, 인도네시아, 중국, 캄보디아, 키르기스스탄, 파키스탄, 필리핀, 라오스, 카자흐스탄, 타지키스탄, 우크라이나, 아제르바이잔, 벨라루스, 몰도바공화국, 나이지리아, 남아프리카공화국, 에티오피아, 케냐, 콩고민주공화국, 모잠비크, 짐바브웨, 앙골라, 페루, 파푸아뉴기니",,결핵진단서,,,,"적용 제외: 외교(A-1), 공무(A-2), 협정(A-3) 자격 소지자 만 6세 미만 소아 및 임신부 (만 6세 이후 최초 체류허가 신청 시 제출) 고령 또는 질병으로 거동이 불가능한 사람",출국 행선지가 결핵 고위험국가가 아닌 경우 결핵진단서 제출 대상 아님,,,,,,,
8,high,document_like_row_outside_required_documents; score_like_row_outside_score_table,공통/필수/기타서류 버킷 재분류; 점수표/배점 행인지 확인,A-1,외교,stay_status_rule,A-1 외교 / 체류자격외 활동허가,체류자격외 활동허가,절차,,"1. 주한외국공관원 가족 (상호주의 적용 29개국 국민) 2. 외교(A-1) 국제기구 직원의 동반가족 (배우자/미성년 자녀, 상호주의 비적용)",1. 외교부장관(외교사절담당관)의 추천을 받은 자 2. 대한민국과 협정을 체결하여 국내에 주소지를 둔 국제기구에서 외교(A-1) 자격으로 근무 중인 직원의 배우자/미성년 자녀,"상호주의 적용 29개국: 일본, 스리랑카, 방글라데시, 이스라엘, 미국, 캐나다, 독일, 영국, 프랑스, 스웨덴, 체코, 폴란드, 러시아, 네덜란드, 벨기에, 헝가리, 뉴질랜드, 덴마크, 노르웨이, 아일랜드, 호주, 파키스탄, 인도, 싱가폴, 포르투갈, 스위스, 에콰도르, 콜롬비아, 페루",,여권 통합신청서 외교부(외교사절담당관)에서 받은 고용추천서 (주한외국공관원 가족 케이스) 해당 체류자격별 체류자격외 활동 필요서류 (자격요건 등 구비),,,1. (주한외국공관) 외교부 외교사절담당관실로 고용추천서 발급 공한 요청 2. (외교부) 관할 출입국·외국인관서에 고용추천서 공문 발송 3. (동반가족 또는 대리인) 관할 출입국·외국인관서에 체류자격외 활동허가 신청서류 제출,"취업허용 범위: 문화예술(D-1), 종교(D-6), 교수(E-1), 회화지도(E-2), 연구(E-3), 기술지도(E-4), 전문직업(E-5), 예술흥행(E-6) [호텔·유흥 E-6-2 제외], 특정활동(E-7) [숙련기능점수제 E-7-4 제외] 단순노무분야(D-3, E-9, E-10, H-2 등) 제외","주한캐나다대사관 공관원가족: 단순노무분야를 제외한 모든 체류자격 주한미국대사관 공관원가족: 출입국관리법시행령 별표1 및 별표1의2 취업활동 제한 없음, 수수료 면제",12만원 (주한미국 공관원의 동반가족은 상호주의에 따라 수수료 면제),근로계약 범위 내에서 최장 2년 (주한미국대사관 공관원가족은 재임기간 및 고용계약 기간 범위 내 최장 3년),,,,,
9,high,document_like_row_outside_required_documents,공통/필수/기타서류 버킷 재분류,A-1,외교,stay_status_rule,A-1 외교 / 체류자격 부여 (출생자),체류자격 부여,제출서류,,출생일부터 90일 이내 신청,,,,신청서(별지 제34호 서식) 여권 출생증명서 사본 대사관 협조공한 부양자의 외국공관원 신분증,,,,,,,,,,,,
10,high,document_like_row_outside_required_documents,공통/필수/기타서류 버킷 재분류,A-1,외교,stay_status_rule,A-1 외교 / 체류자격 변경허가,체류자격 변경,제출서류,,"외교사절단·영사기관 구성원, 조약/국제관행상 외교특권자, 또는 그 동반가족이 외교(A-1) 자격 이외의 자격으로 입국 시 외교(A-1) 자격으로 변경",청장·사무소장·출장소장 위임,,,"신청서, 여권 구성원: 자국 대사관의 협조 공문, 파견·재직을 증명하는 서류 외교특권자: 파견·재직을 증명하는 서류 동반가족: 출생증명서, 가족관계증명서 등 가족관계 입증서류, 본인의 신분증 및 파견·재직 증명 서류",,,,,,,"외교(A-1), 체류기간(재직기간 내)",,,외교(A-1) 자격 부여 대상 동반가족 범위 6개 항목,1. 법적 혼인관계의 배우자 2. 민법 제4조에 따른 미성년인 미혼 동거 자녀 3. 「초·중등교육법」 학교 정규학생으로 등록된 20세 이하 미혼 동거자녀 4. 대학 이상 학술 연구기관 정규 과정 26세 이하 미혼동거 자녀 5. 본인 또는 배우자의 60세 이상 부모 (소득활동 비종사) 6. 민법상 성년의 미혼동거 자녀로 별도 생계유지가 불가능한 장애인,
11,high,document_like_row_outside_required_documents,공통/필수/기타서류 버킷 재분류,A-1,외교,stay_status_rule,A-1 외교 / 체류기간 연장허가,체류기간 연장,제출서류,,재임기간 범위 내 체류기간 연장,,,,체류자격 변경허가와 동일 (수수료 면제),,,,,,수수료 면제,재임기간 범위 내,,,,,
12,high,document_like_row_outside_required_documents,공통/필수/기타서류 버킷 재분류,A-1,외교,stay_status_rule,A-1 외교 / 재입국허가,재입국허가,제출서류,,출국한 날로부터 1년 이내 재입국하려는 경우 면제. 단수사증을 소지한 외교(A-1)~협정(A-3) 소지자 중 재임기간 내 재입국 시 가능,,,,신청서(별지34호) 여권 외교관 신분증 대사관 협조 공한 재직 증명 서류,,,,,재임기간 중 유효한 복수사증이 있는 경우는 재입국이 불필요,,국내 재임기간 내에서 단·복수재입국허가 (공항만도 복수 가능),,,,,
13,high,document_like_row_outside_required_documents,공통/필수/기타서류 버킷 재분류,A-1,외교,stay_status_rule,A-1 외교 / 외국인등록,외국인등록,제출서류,,외국인등록 면제 대상이나 본인이 원할 경우 외국인등록증 발급,,,,신청서(별지 제34호) 여권원본 반명함판 천연색 사진 (3.5×4.5cm) 주한외국공관원 신분증 등 신분 입증서류,,,,,"등록외국인에게 부여되는 각종 의무(등록사항변경 신고, 체류지 변경 신고 등)도 적용 면제",,,,,,,
15,high,document_like_row_outside_required_documents,공통/필수/기타서류 버킷 재분류,A-2,공무,stay_status_rule,A-2 공무 / 체류자격외 활동허가,체류자격외 활동허가,절차,,"주한외국공관원 가족 (상호주의 29개국), 국제기구 직원의 동반가족",,,,"여권, 통합신청서 외교부 고용추천서 (외국공관원 가족 케이스)",,,외교부 추천 → 출입국·외국인관서에 공문 발송 → 가족/대리인이 신청서류 제출,"단순노무분야(D-3, E-9, E-10, H-2) 제외",,12만원,근로계약 범위 내 최장 2년,,,,,
16,high,document_like_row_outside_required_documents,공통/필수/기타서류 버킷 재분류,A-2,공무,stay_status_rule,A-2 공무 / 체류자격 부여,체류자격 부여,제출서류,,출생일부터 90일 이내 신청,,,,"본인: 신청서(별지 제34호 서식), 여권, 파견·재직을 입증하는 서류 또는 자국 소속부처 장의 협조공문 부양가족: 신청서, 여권, 출생증명서 등 신분관계 입증서류, 부양자의 공무수행을 증명하는 신분증",,,,,,,,,,,,
17,high,document_like_row_outside_required_documents,공통/필수/기타서류 버킷 재분류,A-2,공무,stay_status_rule,A-2 공무 / 체류자격 변경허가,체류자격 변경,제출서류,,,,,,"본인: 신청서, 여권, 파견·재직을 입증하는 서류 또는 자국 소속부처 장의 협조공문 부양가족: 신청서, 여권, 출생증명서 등 신분관계 입증서류, 부양자의 공무수행 증명 신분증",,,,,,,,,,공무(A-2) 동반가족 범위 6개 항목,,
20,high,document_like_row_outside_required_documents,공통/필수/기타서류 버킷 재분류,A-3,협정,stay_status_rule,A-3 협정 / 체류자격외 활동허가,체류자격외 활동허가,제출서류,,"협정(A-3) 자격 소지자, 교수(E-1) 내지 특정활동(E-7) 활동",,,,"신청서(별지34호), 여권, 수수료 복무확인서 S.O.F.A ID 카드 해당 자격 관련 서류 SPONSOR인 경우 소속 기관장(고용주)의 동의서",,,A-3 사증으로 입국하지 않고 입국 후 A-3 자격변경 받은 경우에도 체류자격외 활동 허용,,,,,,,,,
21,high,document_like_row_outside_required_documents,공통/필수/기타서류 버킷 재분류,A-3,협정,stay_status_rule,A-3 협정 / 체류자격 부여,체류자격 부여,제출서류,,"국내 출생자, 출생일로부터 90일 이내 신청 (90일 이내 출국 시 별도 허가 불필요)",,,,"신청서(별지 제34호 서식), 여권 출생증명서 등 가족관계 입증서류 부양자의 신분증명서 초청계약자 등이 발급한 복무확인서·재직증명서 또는 초청계약서",,,,,,,,,,,,
23,high,document_like_row_outside_required_documents,공통/필수/기타서류 버킷 재분류,B-2,관광통과,stay_status_rule,B-2 관광통과,공통사항,대상,,,관광·통과 등의 목적으로 대한민국에 사증 없이 입국하려는 자,,,"신청서(34호 서식), 여권 원본, 수수료 체류기간 연장의 필요성을 소명하는 서류",,,,관광통과 목적 입국자도 원칙적으로 체류기간 연장이나 체류자격 변경 불가,,,법무부장관이 따로 정하는 기간,,,,,
24,high,document_like_row_outside_required_documents,공통/필수/기타서류 버킷 재분류,C-1,일시취재,stay_status_rule,C-1 일시취재,공통사항,대상,,,"외국 신문/방송/잡지/보도기관 파견 단기 취재·보도자, 외국 보도기관과의 계약 단기 취재·보도자, 외국 언론사 지사설치 준비 단기 취재·보도자",,,"신청서(34호 서식), 여권 원본, 수수료 체류기간연장 필요성 소명 서류 (본사의 취재명령서/파견증명서, 외신 보도증 사본 또는 본사발생 재직증명서 등)",,,,,,,"90일 (1회 부여 체류기간 상한, 최장체류기간 90일)",,,,,
26,high,document_like_row_outside_required_documents,공통/필수/기타서류 버킷 재분류,C-3,단기방문,stay_status_rule,C-3 단기방문 / 체류기간 연장허가,체류기간 연장,요건,,,,,,"신청서(34호 서식), 여권 원본, 수수료 체류기간 연장의 필요성을 소명하는 서류",,"단기방문(C-3) 활동 범위에 해당하고, 불법취업의 의심이 없으며 연장의 필요성이 인정되는 경우 입국일로부터 체류기간 90일 범위 내 연장 가능",,단체관광(C-3-2) 사증 소지자는 출국할 항공기가 없거나 영주·귀화신청 등 부득이한 사유에 한해서만 연장/변경 허가,,,,,,,,
28,high,document_like_row_outside_required_documents,공통/필수/기타서류 버킷 재분류,C-4,단기취업,stay_status_rule,C-4 단기취업 / 근무처 변경·추가,근무처 변경/추가,절차,,"계절근로(C-4-1~4): 근무처 추가 불가, 근무처 변경시 지자체 담당자 동반 필요 계절근로외(C-4-5): 권한 청장 위임, 주무부처 고용추천서 불필요(E-1~E-7 일부 제외)",,,,"계절근로(C-4-1~4): 통합신청서, 여권 (수수료 면제), 거주/숙소 제공 확인서, 표준근로계약서 사본, 산업재해보험 가입증명원 또는 농·어업인 안전보험 증서, 계절근로자 배치 대상 고용주 확인서 계절근로외(C-4-5): 신청서(별지 제34호 서식), 여권 원본, 수수료, 고용계약서, 회사 설립 관련 서류, 고용추천서(해당자), 기타 입증 서류",,,,계절근로 근무처 변경 사유 한정: 1. 각종 조건 위반 고용주가 시정을 하지 않은 경우 2. 계절근로자의 귀책사유 없이 근로 계속 불가 3. 사회통념상 최초 계약 고용주 작업장에서 근무 불가,,근무처변경 수수료 면제 (계절근로),,,,,,
30,high,document_like_row_outside_required_documents,공통/필수/기타서류 버킷 재분류,D-1,문화예술,stay_status_rule,D-1 문화예술 / 외국인등록,외국인등록,제출서류,,,,,,"신청서(별지34호 서식), 여권원본, 표준규격사진 1장, 수수료 사업자등록증 등 문화예술 단체 입증 서류 체류지 입증서류",,,,,,,,,,,,
32,high,document_like_row_outside_required_documents,공통/필수/기타서류 버킷 재분류,D-2,유학,stay_status_rule,D-2 유학 / 시간제취업 활동 허가,체류자격외 활동허가,요건,,"일정 수준의 한국어 능력 보유, 유학 본연의 활동 전념, 대학 유학생 담당자 확인을 받은 사람","유학(D-2) 세부 D-2-1~D-2-4, D-2-6, D-2-7 해당자 어학연수(D-4-1, D-4-7), 방문학생(D-2-8): 변경일(사증소지자는 입국일)로부터 6개월 경과",,,"신청서, 여권, 외국인등록증 (수수료 면제) 성적 또는 출석 증명서 한국어 능력 증빙서류 외국인 유학생 시간제 취업 확인서 외국인 유학생 시간제취업 요건 준수 확인서 사업자등록증 사본 및 고용주 신분증 사본 표준근로계약서 사본 (시급, 근무내용·시간 포함)",,한국어 능력 기준 (TOPIK/사회통합/세종학당 기준) 전문학사·학사 1-2학년: TOPIK 3급 또는 사회통합 3단계 또는 세종 중급1 학사 3-4학년: TOPIK 4급 또는 사회통합 4단계 또는 세종 중급2,,"선량한 풍속/사회질서 반하는 행위 금지 전문분야 E-1~E-7 (일부 예외 제외) 비전문취업(E-9) 제조업·건설업·선원취업(E-10) (한국어 4급 이상 시 예외 허용) 파견·도급·알선 관계, 원거리 근무, 직전학기 C학점(2.0) 미만자 제한",,수수료 면제,"어학연수생(D-4): 체류기간 내 최장 6개월, 장소 1곳 유학생(D-2): 체류기간 내 최장 1년, 장소 2곳 허용시간: 전문학사·학사 주중 10~30시간, 석박사 주중 15~35시간",,,,,
33,high,document_like_row_outside_required_documents; score_like_row_outside_score_table,공통/필수/기타서류 버킷 재분류; 점수표/배점 행인지 확인,D-2,유학,stay_status_rule,D-2 유학 / 체류자격 변경허가,체류자격 변경,제출서류,,외국인등록 후 합법 체류 중인 장기체류자 (D-3/E-8/E-9/E-10/G-1 일부 제외),,,,"신청서, 여권 및 사본 1부, 표준규격사진 1매, 수수료 (GKS 장학증서 소지자 수수료 면제) 교육기관 사업자등록증(또는 고유번호증) 사본 표준입학허가서 학력요건 및 재정능력 입증서류 가족관계 입증서류 (부모 잔고증명서 등 제출 시)",,"한국어 능력: TOPIK 또는 사회통합 또는 세종학당 기준 충족 전문학사·뿌리산업양성학과: 사회통합 2단계 이상 또는 사전평가 41점 이상, TOPIK 2급 이상 학사(전공심화) 이상: 사회통합 4단계 이상 또는 사전평가 81점 이상, TOPIK 4급 이상 영어트랙: TOEFL 530(iBT 71), IELTS 5.5, CEFR B2, TEPS 601(NEW TEPS 327) 이상",,,,,,,,,,
34,high,document_like_row_outside_required_documents,공통/필수/기타서류 버킷 재분류,D-2,유학,stay_status_rule,D-2 유학 / 체류기간 연장허가,체류기간 연장,요건,,,,,,"신청서, 여권, 외국인등록증, 수수료 수료증명서, 지도교수 및 유학담당자 확인서 재학증명서, 성적증명서, 출석확인서 등 학업 정상 수행 입증서류 재정입증 서류 체류지 입증서류",,"학사일정 고려: D-2-1~D-2-4, D-2-7은 3월말 또는 9월말로 조정 D-2-5 연구유학: 2년 초과 체류 불가 (1회 1년 상한) D-2-6 교환학생, D-2-8 방문학생: 과정 종료일로부터 1개월 범위 내 1월 말/7월 말 조정 유학활동 종료자 상한: 전문학사 3년(3년제 4년), 학사 6년(5년제 7년), 석사 5년(3년제 6년), 박사 8년(2년제 7년)",,가사·졸업연기 등 휴학 사유 불인정 야간/주말수업 수강자 체류허가 제한 비자심사강화대학 D학점(1.0) 이하 재학생은 6개월 이내 연장 후 다음 연장 제한,,,,,,,,
35,high,document_like_row_outside_required_documents,공통/필수/기타서류 버킷 재분류,D-2,유학,stay_status_rule,D-2 유학 / 외국인등록,외국인등록,제출서류,,,,,,"신청서, 여권 및 사본 1부, 표준규격사진 1매, 수수료 재학(연구생)증명서 (대체: 인증대학 이상은 등록금납입증명서, 일반대학 이하는 협조요청서 및 등록금납입증명서) 체류지 입증서류",,,,,외국인등록 + 체류기간 연장 동시 신청 시 연장 수수료 면제. 정부초청장학생 등 수수료 면제 대상자도 등록증 발급/재발급 수수료는 납부,,,,,,,
37,high,document_like_row_outside_required_documents,공통/필수/기타서류 버킷 재분류,D-3,기술연수,stay_status_rule,D-3 기술연수 / 체류기간 연장,체류기간 연장,제출서류,,"최초 6개월, 이후 입국한 날부터 2년 범위 내 연장. 연수기간 연장 필요성, 과거 이탈율, 범법사항 등 확인",,,,"신청서(별지34호 서식), 여권원본, 외국인등록증, 수수료 연수기간 연장신청 사유서 사업자등록증과 공장등록증 국내법인 납세증명서 현지법인 납세사실 증명 서류 연수생 임금 및 연수수당 지급 확인서류 신원보증서 원본 산업재해보상보험, 국민건강보험, 보증보험 가입증명서류 체류지 입증서류",,,,,,,,,,,,
39,high,document_like_row_outside_required_documents,공통/필수/기타서류 버킷 재분류,D-4,일반연수,stay_status_rule,"D-4 일반연수 / 어학연수(D-4-1, D-4-7) 자격 변경",체류자격 변경,제출서류,"D-4-1, D-4-7",,,,,"신청서, 여권, 외국인등록증(소지자), 사진 1매, 수수료 교육기관 사업자등록증 또는 고유번호증 사본 표준입학허가서(대학 총·학장 발행) 재정능력 입증서류 재학증명서 또는 최종학력 입증서류 연수계획서(강의시간표, 강사구성표, 연수시설 등 포함)",,고등학교 졸업 이상 학력 소지자 (D-4-7 외국어 연수는 고등학교 이하도 가능),,,,,,,,,,
42,high,document_like_row_outside_required_documents,공통/필수/기타서류 버킷 재분류,D-5,취재,stay_status_rule,D-5 취재 / 체류자격 변경허가,체류자격 변경,대상,,일시취재(C-1) 자격 소지자 또는 사증면제(B-1) 자격으로 입국한 독일인,"일시취재(C-1) 자격 소지자에 대하여 국내 장기취재 필요성이 입증될 경우 장기취재(D-5) 자격으로의 변경허가 사증면제(B-1) 자격으로 입국한 독일인에 대한 장기체류자격으로 변경 가능 (기술연수(D-3), 비전문취업(E-9) 및 관광취업(H-1)을 제외한 모든 장기체류자격)",,,,허가 시에는 관계부처 협조공한 등 장기취재 필요성을 입증할 수 있는 서류,,,,,,체류자격별 1회 부여할 수 있는 체류기간의 상한,,,,,
48,high,document_like_row_outside_required_documents,공통/필수/기타서류 버킷 재분류,D-5,취재,stay_status_rule,D-5 취재 / 외국인등록사항 변경신고,외국인등록,절차,,,,,,- 신청서(별지 34호 서식) - 여권 및 외국인등록증 - 수수료 - 변경관련 입증서류,,,변경일로부터 15일 이내 신고,,,,,,,,,
55,high,document_like_row_outside_required_documents,공통/필수/기타서류 버킷 재분류,D-6,종교,stay_status_rule,D-6 종교 / 재입국허가,재입국허가,예외,,,,,,,,,,"입국규제 및 사증발급규제자는 체류지 관할 청(사무소·출장소)에 방문하여 재입국허가를 받아야 하며 수수료 제출 대상 사우디아라비아, 이란, 리비아는 복수재입국제한. 단, 동 국가의 국민 중 결혼이민(F-6), 유학(D-2), 일반연수(D-4)는 가능",등록을 필한 외국인이 출국한 날로부터 1년 이내에 재입국하려는 경우 재입국허가 면제 체류기간이 1년보다 적게 남아있는 경우 체류기간 범위 내에서 재입국허가 면제,,,,,,,
59,high,document_like_row_outside_required_documents,공통/필수/기타서류 버킷 재분류,D-7,주재,stay_status_rule,D-7 주재 / 근무처 변경·추가,근무처 변경/추가,제출서류,,주재(D-7) 자격 소지자의 같은 계열회사 내 이동,,,,"- 신청서(별지34호 서식) - 여권 및 외국인등록증 - 수수료 - 파견명령서 원본(외국 본사발행) - 동일계열사 입증서류(법인등기사항전부증명서 등) - 추가 변경근무처의 영업자금도입증빙서류(외국환매입증명서, 임대차계약서 등) - 추가 변경근무처의 법인등기사항전부증명서 원본 - 추가 변경근무처의 사업자등록증 사본",,근무처 변경·추가 허가(신고) 대상 아님 - 외국인등록사항 변경신고로 처리 같은 계열회사내의 이동일 경우 '외국인등록사항 변동신고'로 업무처리,,,,,,,,,,
71,high,document_like_row_outside_required_documents,공통/필수/기타서류 버킷 재분류,D-8,기업투자,stay_status_rule,D-8 기업투자 / 근무처 변경·추가,근무처 변경/추가,대상,,,,,,"- 신청서(별지34호 서식) - 여권 및 외국인등록증 - 수수료 - 파견명령서 원본(외국 본사발행) - 동일계열사 입증서류(법인등기사항전부증명서 등) - 추가 변경근무처의 영업자금도입증빙서류(외국환매입증명서, 임대차계약서 등) - 추가 또는 변경근무처의 납세증명서 및 납세사실증명서 - 추가 변경근무처의 법인등기사항전부증명서 원본 - 추가 또는 변경근무처의 사업자등록증 사본 - 추가 또는 변경 근무처의 투자기업등록증 사본",,근무처 변경·추가 허가(신고) 대상 아님 외국인등록사항 변경신고로 처리 주재(D-7) 내지 무역경영(D-9)자격 소지자의 같은 계열회사내의 이동일 경우 '외국인등록사항 변동신고'로 업무처리,,,,,,,,,,
75,high,score_like_row_outside_score_table,점수표/배점 행인지 확인,D-8,기업투자,stay_status_rule,D-8-4 기술창업 / 허가요건 (점수제 적용 대상자),체류자격 변경,요건,D-8-4,,"국내에서 전문학사 이상의 학위를 취득한 사람, 또는 국외에서 학사 이상의 학위를 취득한 사람, 또는 관계 중앙행정기관의 장이 추천한 사람일 것",,,,,점수제에 따라 총 300점 중 60점 이상의 점수를 득점하였을 것 필수항목은 반드시 1개 이상 충족하여야 함 대한민국 법인을 설립하고 법인등기 및 사업자등록을 완료하였을 것,,,,,,,필수항목 1개 이상 충족 + 전체 300점 중 60점 이상,,,
76,high,score_like_row_outside_score_table,점수표/배점 행인지 확인,D-8,기업투자,stay_status_rule,D-8-4 기술창업 / 점수제 적용 면제 (K-Startup 그랜드챌린지),체류자격 변경,예외,D-8-4,"K-Startup 그랜드챌린지 참여자, 정부창업지원사업 수혜자, 스타트업 코리아 특별비자 추천자",K-Startup 그랜드 챌린지 참여자: 최근 2년 이내 K-Startup 그랜드챌린지 참여자로서 선발되어 사업화지원을 받고 있거나 받은 사실이 있는 자 정부창업지원사업 수혜자: 최근 2년 이내 창업지원사업 통합 공고에 따른 중앙행정기관 또는 지방자치단체 창업지원사업 수혜자(고기술 기반 사업 한정)로 선정되어 3천만원 이상의 직접 사업비를 지원받았을 것 스타트업코리아 특별비자: '스타트업 코리아 특별비자 추천 민간평가위원회' 심사승인자로서 중소벤처기업부장관으로부터 기술창업 체류자격 변경허가 등을 위한 추천을 받았을 것,,,,,대표자: 사업 참여자로서 기술력을 보유한 당사자 업종: 사업 참여 근거가 되는 기술력과 관련 있는 업종 설립조건: 사업 참여일 이후 신규 설립된 법인 중기부장관으로부터 기술창업(D-8-4) 체류자격변경허가 추천을 받았을 것,,,"중앙행정기관 또는 지방자치단체로부터 직접 사업비 3천만원 이상을 지원받았으나, 점수제 적용 면제를 위한 중기부 장관의 추천서·인정 기간(2년) 등 요건을 갖추지 못한 사람은 기술창업(D-8-4) 점수표 중 OASIS-9 이수(30점)로 인정 → 점수제 적용",,,,,,,
86,high,document_like_row_outside_required_documents,공통/필수/기타서류 버킷 재분류,D-8,기업투자,stay_status_rule,D-8 기업투자 / 재입국허가,재입국허가,예외,,,,,,- 신청서(별지 34호서식) - 여권 원본 - 외국인등록증 - 수수료면제 (복수재입국허가의 경우),,,,"입국규제 및 사증발급규제자는 체류지 관할 청에 방문하여 재입국허가를 받아야 함 사우디아라비아, 이란, 리비아는 복수재입국제한 (단, 동 국가 국민 중 결혼이민(F-6), 유학(D-2), 일반연수(D-4)는 가능)",등록을 필한 외국인이 출국한 날로부터 1년 이내에 재입국하려는 경우 재입국허가 면제 체류기간이 1년보다 적게 남아있는 경우 체류기간 범위 내에서 재입국허가 면제,,복수재입국허가: 1년 초과 2년 이내,,,,,
90,high,document_like_row_outside_required_documents; score_like_row_outside_score_table,공통/필수/기타서류 버킷 재분류; 점수표/배점 행인지 확인,D-9,무역경영,stay_status_rule,D-9-1 무역업 / 점수제 체류자격 변경,체류자격 변경,대상,D-9-1,무역비자 점수제 요건을 충족하는 자,,,,- 신청서(별지34호 서식) - 여권 - 표준규격사진 1장 - 수수료 - 사업자등록증 사본 - 무역업 고유번호부여증(한국무역협회 발행) 사본 - 공동사업 약정서 원본 및 사본(공동사업자인 경우) - 사업장 존재 입증서류(임대차계약서 등) - 점수제 해당 입증서류 등,,,,,,,,,,,,
91,high,score_like_row_outside_score_table,점수표/배점 행인지 확인,D-9,무역경영,stay_status_rule,D-9 무역경영 / 외국인 개인사업자 체류자격 변경,체류자격 변경,대상,,외국인 개인사업자,"신규사업자: - 외국환거래법 및 외국환거래규정에 따라 3억원 이상의 외자를 도입한 부가가치세법에 의한 사업자등록을 필하고 국내에서 회사를 경영하거나 영리사업을 하고자 하는 개인사업자 - 외국인투자촉진법에 따라 3억원 이상을 국내에 투자하고 투자기업등록증을 발급받은 개인사업자 국내 대학에서 석사 이상 학위를 취득(예정자 포함)한 유학(D-2) 및 구직(D-10) 자격자로 1억원 이상을 투자(투자금 중 최대 5,000만원까지는 국내에서 조성된 자금을 인정하나, 나머지 자금은 반드시 외국환거래법 및 외국환거래규정에 따른 외자이어야 함)한 후 사업자등록을 필하고 국내에서 회사를 경영하거나 영리사업을 하고자 하는 자 국내 대학 학사 학위 취득자(예정자 포함)로 '창업이민종합지원시스템(OASIS-1부터 8)'에서 총30점 이상의 학점을 취득한 경우는 허용 시행일 이전 기업투자(D-8) 자격으로 체류하고 있던 개인사업자",,,,,"기존 투자금액이 3억원 미만이라도 가능. 단, 재입국기간 도과 등의 사유로 기업투자(D-8) 자격을 상실한 경우에는 신규사업자와 동일하게 자본금 3억원의 요건을 충족하여야 함",,"자격변경 제외 체류자격: 기술연수(D-3), 비전문취업(E-9), 선원취업(E-10), 기타(G-1), 순수관광 및 단체관광(C-3-2), 의료관광(C-3-3), 관광취업(H-1), 방문취업(H-2) 관광취업(H-1)은 협정에 자격변경을 허용하지 않는 국가(프랑스, 아일랜드, 영국) 국민에 대해서만 자격 변경 불허",,,,,,,,
93,high,score_like_row_outside_score_table,점수표/배점 행인지 확인,D-9,무역경영,stay_status_rule,D-9-1 무역업 / 점수제 체류기간 연장 요건,체류기간 연장,요건,D-9-1,,,,,,,무역비자 점수제의 총 50점 중 필수항목 점수가 5점 이상인 자로 각 연장기준 적용 추천서 특례: 무역교육 기관이 자체 심사를 거쳐 외국인을 추천할 경우 필수항목 점수(5점)로 인정하여 체류기간 연장 허용 심화교육과정 특례: 무역교육 기관에서 심화교육 과정(30시간 이상)을 이수한 외국인에게 체류기간 연장 허가에 필요한 항목별 점수(선택항목)에 3점 추가 부여,,,,,,,,,,
98,high,document_like_row_outside_required_documents,공통/필수/기타서류 버킷 재분류,D-9,무역경영,score_table,D-9-1 무역업 / 체류기간 연장 점수제,체류기간 연장,점수표,D-9-1,,,,,,,동일자격 소지 외국인과 공동대표인 경우 1/n 점수 적용 연장허가 기준: 필수항목이 5점 이상인 자로 아래 해당점수 득점자 필수항목 점수가 없는 자는 연장 불허,,2차 연장허가부터 10점 이하 해당자는 연장허가가 불허됨,,,1차 연장허가: 10점 이하 6개월(필수항목 5점 이상 시) / 11~20점 1년 / 21점 이상 2년 2차 연장허가부터: 10점 이하 연장 불허 / 11~30점 1년 / 31점 이상 2년,,"필수항목 (무역실적, 최근 2년간 연 평균 실적, 최대 30점): 수출 50만불 이상 30점 / 수출 30만불 이상 25점 / 수출 10만불 이상 15점 / 수출 5만불 이상 8점 / 무역(수출+수입) 7만불 이상 5점 / 전문교육기관 연장 추천서 5점(동일인 최대 4회까지만 인정) 내국인 고용 (신청일 기준 6개월 이상 계속 고용중인 정규직, 최대 10점): 3명 이상 10점 / 2명 이상 5점 / 1명 이상 2점 납세실적 (연간 개인 소득세 납부실적, 최대 7점): 500만원 이상 7점 / 400~500만원 미만 5점 / 300~400만원 미만 3점 / 200~300만원 미만 1점 무역전문교육 심화과정 이수자 (신청일 기준 1년 이내 교육 이수자): 3점","무역업 연장 점수표: 필수항목 5점 이상 필수, 점수에 따라 6개월/1년/2년 허가",,
101,high,score_like_row_outside_score_table,점수표/배점 행인지 확인,D-10,구직,stay_status_rule,D-10 구직 / 활동범위 및 해당자,사증발급,대상,,,"교수(E-1)·회화지도(E-2)·연구(E-3)·기술지도(E-4)·전문직업(E-5)·예술흥행(E-6)·특정활동(E-7) 자격에 해당하는 분야에 취업하기 위해 연수나 구직활동을 하려는 사람 예술흥행(E-6) 자격 중 유흥업소 등의 흥행활동(E-6-2)은 제외하고, 순수예술 및 스포츠분야만 허용 E-7 자격 중 준전문인력과 숙련기능인력은 해외신청 불가 기업투자(D-8) 자격 '다'목(학사이상의 학위를 가진 사람으로서 지식재산권을 보유하거나 이에 준하는 기술력 등을 가진 사람 중 법무부장관이 인정한 법인 창업자)에 해당하는 기술창업 준비 등을 하려는 사람 해외 우수 대학 첨단기술 분야 학사과정 이상 재학생 또는 학위취득일로부터 3년이 경과되지 않은 졸업생으로 만 30세 미만(석사 이상: 만 35세), 법무부장관이 정한 요건을 갖춘 기업(기관)에서 첨단기술 분야 인턴활동을 하려는 사람 (세계 대학순위 THE 200위, QS 500위 이내 해외 대학 본교) 세계 대학 순위 100위 이내 대학의 석사 이상 학위를 취득하고 국내 취업을 위해 연수나 구직활동을 하려는 사람","일반구직(D-10-1) / 최우수인재(D-10-T): 국내 기업·단체 등에서 행하는 구직활동 뿐만 아니라 정식 취업 전에 연수비를 받고 행하는 단기 인턴과정을 포함 기술창업준비(D-10-2): 창업이민교육프로그램 참가, 지식재산권 등 특허출원 준비 및 출원, 창업법인 설립 준비 등 창업과 관련된 제반 준비활동(인턴활동 제한) 첨단기술인턴(D-10-3): 법무부장관이 정한 요건을 갖춘 기업(기관)과의 인턴 근로계약에 따른 첨단기술 분야 인턴 활동",,,,,,,,,,,,,D-10-1: 일반구직 ('18.10월 점수제 전환) D-10-2: 기술창업준비 ('14.4. 신설) D-10-3: 첨단기술인턴 ('22.8. 신설) D-10-T: 최우수인재 ('25.4. 신설),
102,high,score_like_row_outside_score_table,점수표/배점 행인지 확인,D-10,구직,stay_status_rule,D-10 구직 / 체류기간 상한,사증발급,기간,,,,,,,,,,,,,"1년 (단, 아래 대상자의 경우 1회 최대 6개월 부여): D-10-1: ①요양보호사 전문연수 과정 수료자, ②구직비자 점수제 60점 이상~80점 미만인 자, ③전문직종(E-1~E-7) 근무 경력자, ④주한 외국공관 인턴 직원 D-10-2: ①특허권·실용신안권·디자인권 출원 중인 사람 ②창업이민종합지원시스템(OASIS) 중 1개 이상 과정 이수자(참여 중인자 포함), ③창업이민 점수제 '필수항목' 중 1개 이상 해당자",,,,,
105,high,score_like_row_outside_score_table,점수표/배점 행인지 확인,D-10,구직,stay_status_rule,D-10-1 일반구직 / 점수제 적용 대상자,체류자격 변경,대상,D-10-1,점수제 적용 대상 일반구직(D-10-1),"학사(국내 전문학사 포함) 이상의 학위를 소지한 국내 합법 체류자로 구직 점수표에서 총 190점 중 기본항목이 20점 이상으로 총 득점이 60점 이상인 자 법무부장관 고시국가 국민 중 B-1, B-2, C-1, C-3, C-4, D-3, E-9, E-10, G-1 자격에 대해서는 총 득점이 80점 이상인 경우에만 체류자격 변경 허용",,,,,,,,,,,,,,,
106,high,score_like_row_outside_score_table,점수표/배점 행인지 확인,D-10,구직,stay_status_rule,D-10-1 일반구직 / 점수제 면제 특례자,체류자격 변경,예외,D-10-1,,,국내 대학 졸업 후 최초 구직 자격 변경자 국내 대학 졸업 한국어능력 우수자 국내 성장 기반 외국인 청소년 유망인재 요양보호사 전문연수 과정 수료자 전문직종(E-1~E-7) 근무 경력자 주한 외국공관 근무 인턴,,,,"국내 대학 졸업 후 최초 구직 자격 변경: 국내 대학에서 전문학사 이상 학위과정 유학생(D-2)으로 졸업하여 학위 취득한 후, 최초 구직(D-10-1) 자격으로 변경하는 경우 점수제 미적용. 최초 구직 체류기간 1년 부여, 연장 시 점수제 적용 국내 대학 졸업 한국어능력 우수자: 국내 정규 대학에서 전문학사 이상 학위 취득 후 3년이 경과되지 아니한 자로서, 사회통합프로그램 4단계 중간평가 합격자(사전평가 5단계 배정자 포함) 또는 한국어능력시험(TOPIK) 4급 이상 유효 성적표 소지자 국내 성장 기반 외국인 청소년: 신청일 기준 18세 이상 24세 이하의 합법체류자로 초·중등교육법에 따른 국내 초·중·고교를 모두 졸업하였거나 이와 동등한 학력을 갖춘 사람 유망인재: 29세 이하 해외 대학 졸업자로서 최근 3년 이내 세계 대학평가(THE 또는 QS) 200위 이내 대학 학사 이상 학위 소지자 또는 한국학 관련 전공 한국어능력 최우수자(토픽 6급) 요양보호사 전문연수 과정 수료자: 한국보건복지인재원 주관 요양보호사 전문연수 과정을 수료한 사람으로서, 노인복지법에 따른 노인의료복지시설에서 인턴 근로계약을 체결하려는 사람 전문직종 근무 경력자: 교수(E-1)부터 특정활동(E-7)까지의 체류자격을 소지하고 근로계약이 만료되거나, 그 밖의 정당한 사유로 취업활동이 종료된 사람으로서, 계속하여 취업을 희망하지만 체류기간 만료일 이전에 근로계약갱신 또는 다른 근무처를 구하지 못한 경우 허용. 단, 유흥업소 등 흥행활동(E-6-2)은 제외",,,,,,,,,,
117,high,score_like_row_outside_score_table,점수표/배점 행인지 확인,D-10,구직,stay_status_rule,D-10 구직 / 체류기간 상한,체류기간 연장,기간,,,,,,,,"국내 체류기간 내에서 합산하되, 완전출국 후 사증을 발급받아 입국하는 경우 재산정(합산 제외) 교수(E-1)부터 특정활동(E-7)까지의 체류자격을 소지한 사람이 휴·폐업 등 사유로 구직(D-10-1)으로 변경하려는 경우는 기간 합산에서 제외",,,,,"체류기간 상한 최대 3년, 신청자 전문성에 따라 차등 D-10-1 점수제 적용 대상자: - 학위 취득 3년 경과 국내 대학 졸업 한국어능력 우수자, 3년 이내 세계 500대 기업 1년 이상 근무경력자, 3년 이내 THE 200/QS 500위 이내 해외 대학 졸업자, 아시아권 QS 1,000위 이내 현지 대학 이공계 졸업생, 점수제 평가에 따라 총점이 80점 이상인 사람: 3년 (1회 1년) - 기타(점수제 60점 이상, 80점 미만인 사람): 1년 (1회 6개월) D-10-1 점수제 면제 특례자: - 학위 취득 3년 이내 국내 대학 졸업 한국어능력 우수자, 국내 성장 기반 외국인 청소년, 유망인재: 3년 (1회 1년) - 요양보호사 전문연수 과정 수료자: 3년 (1회 6개월) - 전문직종(E-1~E-7) 근무 경력자: 1년 (1회 6개월) D-10-2 기술창업준비: - 창업이민 점수제 평가점수 35점 이상, K-Startup 그랜드챌린지 참여자, 특허권·실용신안권·디자인권 보유자, 해외(OECD) 지식재산권 보유자: 3년 (1회 1년) - 특허권·실용신안권·디자인권 출원 중인 사람, OASIS 1개 이상 과정 이수자, 창업이민 점수제 필수항목 1개 이상 해당자: 1년 (1회 6개월) D-10-3 첨단기술인턴: 최대 3년 (1회 1년) D-10-T 최우수인재: 최대 3년 (1회 1년)",,,,,
119,high,document_like_row_outside_required_documents,공통/필수/기타서류 버킷 재분류,D-10,구직,stay_status_rule,D-10-1 일반구직 / 연수 개시 및 연수기관 변경 신고,외국인등록,절차,D-10-1,"외국인등록을 마친 일반구직(D-10-1) 자격 소지자로서 구직 기간 중에 교수(E-1)~특정활동(E-7)에 해당하는 분야에서 인턴활동을 개시하거나, 소속기관을 변경하려는 외국인",,,,- 외국인등록사항변경신고서 - 연수(인턴) 계약서 - 연수기관 등록서류(사업자 등록증 사본 등) - 연수기관 고용보험가입자 명부 - 기타 연수개시(변경)신고 수리를 위해 필요하다고 인정되는 서류,,연수기간: 구직자격 소지 기간 내에서 허용 동일 기업에서의 인턴활동은 1회 최대 1년 이내에서 허용,연수개시 신고 및 연수기관 변경: 사유 발생일로부터 15일 이내 체류지 관할 출입국·외국인관서장에게 신고,"기술창업(D-10-2) 자격 소지자 및 전문직종(E-1~E-7) 취업 경력자로 구직(D-10-1) 체류자격으로 변경허가를 받은 자는 인턴활동 불가 요건을 갖추지 못한 외국인의 인턴활동 또는 외국인 채용 요건을 갖추지 못한 기업이 인턴 고용계약을 맺은 경우 반려 최근 1년 이내에 인턴으로 활용하고 채용으로 연결되지 않은 외국인의 수가 기업 상시근로자 수(외국인 포함)의 10%(10인 미만 기업의 경우 20%) 이상인 기업에 대해서는 신규 연수를 제한 (단, 인턴과정을 통해 채용한 인력이 있는 경우는 제외) 구직자격 소지 기간 동안 동일기업에서 총 1년 이상의 인턴활동 기록이 있는 경우 신고 반려",,,,,,,,
120,high,document_like_row_outside_required_documents,공통/필수/기타서류 버킷 재분류,D-10,구직,stay_status_rule,D-10-3 첨단기술인턴 / 기관 변경 신고,외국인등록,절차,D-10-3,소속기업(기관)을 변경하여 첨단기술분야 인턴 활동을 계속하고자 하는 경우,,,,"- 여권 - 외국인등록증 - 외국인등록사항변경신고서 - 사증발급인정서 발급 신청 서류 (단, 재학증명서 및 성적증명서 제외)",,,소속기업(기관) 변경일로부터 15일 이내 신고,초청기업(기관)이 일반구직(D-10-1) 인턴 채용 또는 전문직종(E계열) 외국인 고용이 제한되는 경우 반려 첨단기술인턴 초청 요건을 갖추지 못한 기업(기관)과 인턴 근로계약을 체결한 경우 반려 첨단기술인턴 초청인원이 인턴 예정 기업(기관)의 국민고용인원의 20%를 초과하는 경우 반려,,,,,,,,
121,high,score_like_row_outside_score_table,점수표/배점 행인지 확인,D-10,구직,stay_status_rule,D-10-3 첨단기술인턴 / 체류지원 특례,체류자격외 활동허가,예외,D-10-3,첨단기술인턴(D-10-3) 활동 참여 중인 자,,,,,,"경제활동 지원: 체류 기간 내에서 초청기업과 인턴근로계약 체결로 소정의 급여 또는 체재비를 받거나, 별도 연구 수행 사례금 등 수령 가능 유학활동 지원: 국적과 무관하게 국내 대학에서 유학하고자 하는 경우 표준입학허가서만으로 유학(D-2) 체류자격변경 허용 최근 3년 이내 첨단기술인턴 활동에 참여한 사람의 취업 지원: 첨단기술인턴 자격으로 국내 기업 등에서 1년 이상 인턴활동을 한 자로서, 인턴 활동 분야에 정식 취업하고, 임금이 전년도 1인당 국민총소득(GNI) 이상일 경우, 특정활동(E-7) 체류자격변경 시 학력, 경력 요건 면제 창업 지원: 첨단기술인턴 자격으로 국내 기업에서 1년 이상 인턴활동을 한 자로, 인턴 활동 분야 기술창업 희망 시 기술창업(D-8-4) 점수제 가점(연구경력 15점) 부여",,현행 일반 구직(D-10-1) 체류자격에 허용되는 시간제 취업활동 허가는 제한,,,,,,,,
128,high,document_like_row_outside_required_documents,공통/필수/기타서류 버킷 재분류,E-1,교수,stay_status_rule,E-1 교수 / 근무처 변경·추가 사후신고제,근무처 변경/추가,절차,,교수(E-1) 자격으로 외국인등록을 하고 체류하고 있는 자로 변경·추가되는 근무처에서 활동하는데 필요한 자격요건을 구비하고 있는 자,,,,- 근무처변경·추가 신고서[별지 제38호의3서식] - 여권 및 외국인등록증 - 수수료 - 사업자등록증 - 원 근무처 장의 동의서 - 고용계약서,"원 근무처 장의 동의서는 계약기간 만료일 또는 쌍방이 근무하기로 합의한 날짜까지 근무한 경우에는 제출을 면제하며, 원 근무처의 휴·폐업 및 임금체불 등의 사유가 있는 경우에는 입증서류 또는 사유서로 대체 가능",전문인력 활용도 제고를 통한 국가경쟁력 강화차원에서 전문인력에 대해서는 기존 사전허가를 사후신고만으로 근무처를 변경·추가할 수 있도록 제도 개선 자격요건을 갖추었더라도 본인 귀책사유로 해고 또는 중도 퇴직한 자로서 원고용주의 이적동의를 받지 못한 자는 제외,신고의무자(외국인)는 신고사유 발생일로부터 15일 이내에 관할 출입국·외국인청(사무소·출장소)장에게 신고(대리인의 신고 허용) 여권에 근무처변경·추가신고 스티커나 신고인을 부착 또는 날인·기재하여야 하기 때문에 방문신고를 원칙으로 함 (긴급한 경우 FAX로 선 접수 후 방문),,대학교수가 전공과 관련하여 일시적인 강연·강의·연구 등의 활동을 다른 대학에서 하는 경우 근무처 추가신고 불필요,,,,,,,
131,high,document_like_row_outside_required_documents,공통/필수/기타서류 버킷 재분류,E-1,교수,stay_status_rule,E-1 교수 / 유학·구직에서 교수 자격 변경,체류자격 변경,대상,,"유학(D-2), 구직(D-10) 자격 소지자",구직(D-10) 자격 또는 유학(D-2) 자격을 소지하고 합법 체류 중인 자 취업활동을 하려는 분야가 교수(E-1)·회화지도(E-2)·연구(E-3)·기술지도(E-4)·전문직업(E-5)·예술흥행(E-6)·특정활동(E-7) 체류자격에 해당하고 해당 자격요건 등을 구비하여야 함 취업하려는 해당 기관·단체 등의 대표자와 고용계약을 체결하여야 함 유학(D-2) 자격 소지자는 구직(D-10)자격으로 변경할 수 있는 요건을 갖춘 졸업예정자를 의미 자국 또는 제3국의 대학에서 이미 학사 이상의 학위를 취득하고 필요한 경력요건 등을 갖춘 경우에는 재학 중이라 하더라도 변경 허용,,,"- 신청서(별지 34호서식) - 여권 및 외국인등록증 - 수수료 - 고용계약서 - 학위증 또는 경력증명서 (조교수 이상의 자격기준에 해당하는 전임교수 등의 경우 제출 생략) - 고용업체 등 설립관련 서류(사업자등록증, 등기부등본 등)","이공계대학 졸업 유학생 중 교육·과학기술 분야의 연구·지도 활동에 종사하려는 경우(석사 이상의 학위 취득자만 가능): - 신청서(별지 34호서식), 여권 및 외국인등록증, 수수료 - 졸업증명서 - 고용계약서 - 총(학)장의 고용추천서 - 사업자등록증",,,,,,,,,,,
138,high,document_like_row_outside_required_documents,공통/필수/기타서류 버킷 재분류,E-2,회화지도,stay_status_rule,E-2 회화지도 / 근무처 변경·추가 신고,근무처 변경/추가,절차,,,"고용계약기간까지 정상 근무하고 근무처를 변경하거나 고용업체의 휴·폐업 등으로 업체를 변경한 자 본인 귀책사유로 해고 또는 중도 퇴직한 후 원 고용주의 이적 동의를 받고 업체를 변경하는 자 현 고용주의 동의를 받고 다른 근무처와 추가로 고용계약을 체결한 자 현 고용주의 지시에 따라 월 평균 강의시간의 1/3 범위 내에서 다른 업체에서 강의를 하는 대가로 별도의 보수를 받는 자 외국인등록 전 본인의 귀책 사유 없이 부득이하게 원 근무처와의 고용 계약이 해지되어 다른 근무처로 변경하는 자 (단, 원 근무처장의 이적동의서가 있을 경우 1회에 한하여 허용)",,,"- 신청서(별지 34호서식) - 여권 - 외국인등록증 - 고용계약서 - 사업자등록증 - 원 근무처 장의 동의서 (계약기간 만료일 또는 쌍방이 합의한 날짜까지 근무한 경우 면제, 휴·폐업 및 임금체불 등 사유 있을 시 입증서류 또는 사유서로 대체 가능) - 시설 설립 관련서류 등",,"근무처는 '현재 근로계약이 체결되어 근무 중인 고용업체' 이외에도 '고용계약 범위 내에서 고용주의 지시에 따라 체류자격에 해당하는 활동을 하는 장소'도 지정된 근무처에 포함 근로계약 및 체류자격에 해당하는 활동범위에 해당하고, 해당 외국인과 활동하는 장소(사업체)의 장 사이에 별도의 근로계약이나 보수지급이 없어야 하며, 파견근로 형태의 근무방식이 아니어야 함 A학원 외국어회화지도 강사가 방문하여 회화지도를 하는 기업 등(단, 기업 등은 회화지도강사를 고용할 수 있는 조건을 구비하여야 하고, 기업 등에서의 월간 강의시간은 A학원의 월간 강의 시간의 1/3을 초과하지 못함)","근무처를 변경·추가한 회화지도강사는 신고사유 발생일로부터 15일 이내에 관할 청장 등에게 신고 (대리인의 신고 허용) 여권에 근무처변경·추가신고 스티커나 신고인을 부착 또는 날인·기재하여야 하기 때문에 방문신고를 원칙 잔여 체류기간이 (새 고용계약기간 + 1개월)보다 짧은 경우, 체류기간연장 허가를 받아야하며 체류기간 연장허가 심사에 필요한 구비서류 추가 제출","신고제외대상자: 변경·추가되는 근무처에서 활동하는데 필요한 자격요건을 구비하지 못한 정부초청 청소년영어봉사장학생, 자격요건을 갖추었더라도 본인 귀책사유로 해고되거나 중도 퇴직한 후 원 고용주의 이적이나 근무처 추가 동의를 받지 못한 자 강의실 및 수강생 규모에 비해 과다한 인원을 채용하고 있다고 의심되는 업체에 대해서는 실태조사를 실시하여 허용여부 결정",,,,,,,,
155,high,document_like_row_outside_required_documents,공통/필수/기타서류 버킷 재분류,E-3,연구,stay_status_rule,E-3 연구 / 외국인등록사항 변경신고,외국인등록,신고의무,,,,,,- 신청서(별지 34호 서식) - 여권 및 외국인등록증 - 수수료 없음 - 변경관련 입증서류,,,,,,,,,,,,
171,high,document_like_row_outside_required_documents,공통/필수/기타서류 버킷 재분류,E-4,기술지도,stay_status_rule,E-4 기술지도 / 외국인등록사항 변경신고,외국인등록,신고의무,,,,,,- 신청서(별지 34호 서식) - 여권 및 외국인등록증 - 수수료 없음 - 변경관련 입증서류,,,,,,,,,,,,
172,high,document_like_row_outside_required_documents,공통/필수/기타서류 버킷 재분류,E-5,전문직업,stay_status_rule,E-5 전문직업 / 체류자격외 활동,체류자격외 활동허가,대상,,E-5 전문직업 자격 소지자 및 관련 우수전문인력,정규교육기관(초·중·고 및 대학) 교육 시 별도 허가 절차 불요 고액투자외국인 및 전문인력 배우자 외국인투자기업 CEO 등 우수전문인력의 대학 강연활동,"투자자(D-7, D-8, D-9) 자격 소지자 중 국내기업 상근이사 이상의 직 근무자 전문인력(E-1, E-3, E-4, E-5, E-7) 자격 소지자",,- 신청서(별지 34호 서식) - 여권 및 외국인등록증 - 수수료 - 총(학)장의 추천서 - 고유번호증(사업자등록증) 사본 - 고용계약서 원본 및 사본 - 원근무처장의 동의서,,대학에서 90일 이내 강의활동 단기취업(C-4-5)자격으로의 자격외 활동,,,정규교육기관 교육은 체류기간 범위 내에서 별도 허가 절차 불요,,,,,,,
173,high,document_like_row_outside_required_documents,공통/필수/기타서류 버킷 재분류,E-5,전문직업,stay_status_rule,E-5 전문직업 / 근무처 변경·추가,근무처 변경/추가,요건,,전문직업(E-5) 자격으로 외국인등록을 하고 체류하고 있는 자,변경·추가되는 근무처에서 활동하는데 필요한 자격요건 구비,,,- 근무처변경·추가 신고서[별지 제38호의3서식] - 여권 및 외국인등록증 - 사업자등록증 - 원 근무처장의 동의서 - 고용계약서,근무처 변경 시 소관부처 장관의 고용추천서 필요,'10.11.15부 사후 신고제로 개정(출입국관리법시행령 제26조의2제1항) 전문인력은 사후신고만으로 근무처 변경·추가 가능,신고의무자(외국인)는 신고사유 발생일로부터 15일 이내에 관할 청(사무소·출장소)장에게 신고 대리인의 신고 허용 여권에 스티커 부착 위해 방문신고 원칙(긴급 시 FAX 선접수 가능),본인 귀책사유로 해고 또는 중도 퇴직한 자로서 원고용주의 이적동의를 받지 못한 자는 제외,원 근무처장 동의서는 계약기간 만료일까지 근무한 경우 면제 원 근무처의 휴·폐업 및 임금체불 등의 사유 시 입증서류 또는 사유서로 대체 가능,수수료 없음,,,,,,
174,high,document_like_row_outside_required_documents,공통/필수/기타서류 버킷 재분류,E-5,전문직업,stay_status_rule,E-5 전문직업 / 체류자격 변경,체류자격 변경,요건,,"유학(D-2), 구직(D-10) 자격 소지자 또는 사증면제(B-1) 자격 독일인 또는 전문외국인력 배우자(F-3)",구직(D-10) 자격 또는 유학(D-2) 자격을 소지하고 합법 체류 중인 자 취업활동 분야가 E-1·E-2·E-3·E-4·E-5·E-6·E-7 자격에 해당하고 자격요건 구비 해당 기관·단체 등의 대표자와 고용계약 체결,"전문외국인력《E-1 내지 E-5, E-6(E-6-2 제외), E-7》자격소지자의 배우자로서 동반(F-3)자격 소지자",,- 신청서(별지 34호 서식) - 여권 및 외국인등록증 - 표준규격사진 1장 - 수수료 - 고용계약서 사본 - 사업자등록증 사본 또는 허가증/등록증 - 학위증 사본 및 자격증 사본 - 소관부처 장관의 고용추천서,원 근무처장의 동의서(원 근무처가 있는 경우),유학(D-2) 자격 소지자는 구직(D-10)으로 변경할 요건 갖춘 졸업예정자 자국 또는 제3국 대학에서 학사 이상 학위 취득 + 경력요건 시 재학 중이라도 변경 허용,,"독일인 사증면제(B-1) 변경 시 기술연수(D-3), 비전문취업(E-9), 관광취업(H-1) 제외",,,독일인 변경 시: 체류자격별 1회 부여 체류기간의 상한,,,,,
176,high,document_like_row_outside_required_documents,공통/필수/기타서류 버킷 재분류,E-5,전문직업,stay_status_rule,E-5 전문직업 / 재입국허가,재입국허가,요건,,등록을 필한 외국인,출국한 날부터 1년 이내 재입국 시 재입국허가 면제 체류기간이 1년보다 적게 남은 경우 체류기간 범위 내 재입국허가 면제,,,복수재입국허가: - 신청서(별지 34호서식) - 여권 원본 - 외국인등록증 - 수수료,,복수재입국허가: 출국 후 체류기간 범위 내에서 1년을 초과하여 2년 내에 재입국하려는 경우,,"입국규제 및 사증발급규제자는 체류지 관할 청(사무소·출장소)에 방문하여 재입국허가 필요 사우디아라비아, 이란, 리비아는 복수재입국 제한","사우디아라비아·이란·리비아 국민 중 결혼이민(F-6), 유학(D-2), 일반연수(D-4)는 복수재입국 가능",,재입국허가 면제: 출국일로부터 1년 이내 복수재입국허가: 1년 초과 2년 이내,,,,,
178,high,document_like_row_outside_required_documents,공통/필수/기타서류 버킷 재분류,E-6,예술흥행,stay_status_rule,E-6 예술흥행 / 체류자격외 활동,체류자격외 활동허가,요건,,"합법체류 등록외국인(A-1, A-2, A-3 포함)으로서 방송, 영화, 모델활동을 하고자 하는 경우",비영리목적 지상파방송 임시(1회 및 비연속성) 출연은 일상생활의 부수적 활동으로 별도 허가 없이 활동 허용 (실비 사례금 가능) 고액투자외국인 및 전문인력 배우자,"고급과학기술인력(SCIENCE 카드), 첨단기술인력(GOLD 카드), 정보기술인력(IT카드) 자격 소지 전문 외국인력의 배우자 미화 50만불 이상 투자(법인포함)한 투자자격 소지자의 배우자 전문 외국인력자격(E-1, E-2, E-3, E-4, E-5, E-6-2 제외 E-6, E-7) 소지자의 배우자",,- 신청서(별지 34호 서식) - 여권 및 외국인등록증 - 수수료 - 고용계약서 - 공연추천서(문화체육관광부 또는 방송통신위원회) - 사업자등록증 등 단체 설립관련 서류 - 원 근무처장의 동의서(해당자),"A-1, A-2자격 소지자: 외교부장관(외교사절담당관)의 추천서",제출서류 및 체류실태 등을 종합 심사하여 허가여부 결정,,"세부자격 약호 E-6-2 활동에 종사하려는 경우는 자격외 활동허가 대상 제외 배우자 자격외활동: 단순노무(D-3, E-9) 등을 제외한 모든 직종 허용",정규교육기관(초·중·고 및 대학) 교육은 체류기간 범위 내 별도 허가 절차 불요 배우자 허가기간: 배우자의 체류기간까지(계속연장 가능),,,,,,,
179,high,document_like_row_outside_required_documents,공통/필수/기타서류 버킷 재분류,E-6,예술흥행,stay_status_rule,E-6 예술흥행 / 근무처 변경·추가,근무처 변경/추가,요건,,"E-6-1(음악, 미술, 문학 등 예술, 방송연예활동): 사후 신고대상 E-6-3(운동선수, 프로팀 감독, 매니저): 사후 신고대상 E-6-2(호텔업 시설, 유흥업소 등 공연): 사전 허가대상",호텔업 시설·유흥업소 공연활동 종사자(E-6-2) 제외 E-6 자격으로 외국인등록 하고 체류 중 변경·추가 근무처에서 활동하는데 필요한 자격요건 구비,,,"사후 신고대상(E-6-1, E-6-3): - 신청서[별지 제34호 서식] - 여권 및 외국인등록증 - 사업자등록증 - 원 근무처장의 동의서 - 고용계약서 - 고용추천서 또는 공연추천서 사전 허가대상(E-6-2): - 신청서(별지 제34호 서식) - 여권 및 외국인등록증 - 수수료 - 사업자등록증 - 원 근무처장의 동의서 - 고용계약서 - 공연 추천서(영상물등급위원회 발행) - 신원보증서 원본",,E-6-2: 미리 관할 출입국·외국인청장 등에게 체류자격 변경·추가허가 신청 심사 후 최대 1년의 범위 내에서 고용계약기간 동안 체류기간 부여,사후 신고: 신고의무자는 사유 발생일로부터 15일 이내 관할 청장에게 신고 여권에 스티커 부착 위해 방문신고 원칙 파견근로자보호법 절차에 따른 공연장소 변경은 고용주 신고사항,본인 귀책사유로 해고 또는 중도 퇴직한 자로서 원고용주의 이적동의를 받지 못한 자는 제외 입국 후 6개월 이내 공연장소 변경 불가(원 공연장소 휴·폐업 등 부득이한 사정 제외),사유서와 신원보증서는 원칙적으로 제출 생략 원 근무처장 동의서는 계약기간 만료일까지 근무한 경우 면제,사후 신고대상은 수수료 없음,,,,,,
180,high,document_like_row_outside_required_documents,공통/필수/기타서류 버킷 재분류,E-6,예술흥행,stay_status_rule,E-6 예술흥행 / 체류자격 변경,체류자격 변경,요건,,"유학(D-2), 구직(D-10), 무사증/단기사증, 일반 체류자격, 사증면제(B-1) 독일인, 전문외국인력 배우자(F-3)",E-6-1 및 E-6-3에 해당하는 경우 제한적으로 허용 국제적으로 명성이 있는 전문예술·체육인의 경우 본부승인을 얻어 변경 허용 구직(D-10) 또는 유학(D-2) 자격 소지 합법 체류 중 취업활동 분야가 E-1·E-2·E-3·E-4·E-5·E-6·E-7 자격에 해당 + 자격요건 구비 해당 기관·단체 등 대표자와 고용계약 체결,"전문외국인력《E-1 내지 E-5, E-6(E-6-2 제외), E-7》자격소지자의 배우자로서 동반(F-3)자격 소지자",,"- 신청서(별지 34호서식) - 여권 및 외국인등록증 - 표준규격사진 1장 - 수수료 - 고용계약서(또는 공연계약서) - 사업자등록증 - 고용·공연추천서(문화체육관광부, 영상물등급위원회, 방송통신위원회, 프로스포츠 연맹 등 발급)",,"유학(D-2) 자격 소지자는 구직(D-10)으로 변경 가능 요건 갖춘 졸업예정자 무사증/단기사증 입국자 자격변경은 불가피한 사유나 국익차원에서 허용 입단 테스트, 국제대회 참가자 등 입증자료 제출 시 청장 등 재량으로 허가",,"호텔·흥행(E-6-2) 분야 활동은 체류자격 변경 금지 일반 체류자격으로 장기 체류 중인 자는 현재 자격 그만두고 귀국 전 단기간 방송출연·모델활동만 허용 (E-6 또는 F-2, F-4, F-5 등 취업제한 없는 자격 소지자 제외) 독일인 사증면제(B-1) 변경 시 기술연수(D-3), 비전문취업(E-9), 관광취업(H-1) 제외",,,허가기간: 변경허가일로부터 최대 2년 범위 내에서 근로계약기간 + 1개월 독일인 변경: 체류자격별 1회 부여 체류기간의 상한,,,,,
181,high,document_like_row_outside_required_documents,공통/필수/기타서류 버킷 재분류,E-6,예술흥행,stay_status_rule,E-6 예술흥행 / 체류기간 연장,체류기간 연장,요건,,"근로계약기간 연장, 근무처 변경 등으로 계속 체류해야 할 필요성 있는 E-6 자격 등록외국인",,,,"- 신청서(별지 34호서식) - 여권 및 외국인등록증 - 수수료 - 고용추천서 또는 공연추천서(영상물등급위원회, 문화체육관광부, 방송통신위원회 등 발행) - 고용계약서(또는 공연계약서) - 사업자등록증 사본 - 신원보증서(E-6-2 자격만) - 체류지 입증서류(임대차계약서, 숙소제공 확인서, 체류기간 만료예고 통지우편물, 공공요금 납부영수증, 기숙사비 영수증 등) - 건강보험특실 확인서(E-6-2 자격만)","기타 심사에 필요한 자료(필요 시 1-2종): 재직증명서, 외국인 고용현황, 근로소득원천징수부 등",,,,,,"E-6-1, E-6-3: 근로계약기간 + 1개월(최대 2년) E-6-2: 공연추천기간 또는 근로계약기간(최대 1년. 단, 영등위 추천서 상 연소자 유해성 '유해'인 경우 최대 6개월)",,,E-6 세부약호별 체류기간 연장 허가기간 표,"E-6-1, E-6-3: 근로계약기간 + 1개월(최대 2년) E-6-2: 최대 1년(연소자 유해 시 최대 6개월)",
183,high,score_like_row_outside_score_table,점수표/배점 행인지 확인,E-7,특정활동,stay_status_rule,E-7 특정활동 / 적용대상 및 도입기준,체류자격 부여,대상,,대한민국 내의 공·사기관 등과의 계약에 따라 법무부장관이 특별히 지정하는 활동에 종사하려는 사람,한국표준직업분류 상 대분류 항목과 직능수준 등을 감안한 도입직종 종사,"E-7-1 전문인력: 관리자 및 전문가 (67개 직종) E-7-2 준전문인력: 사무 및 서비스종사자 (10개 직종) E-7-3 일반기능인력: 기능원 및 관련기능종사자 (14개 직종) E-7-4 숙련기능인력(점수제): 3개 직종 ('17.8.1 신설) E-7-91 FTA 독립전문가 E-7-S 네거티브 방식 전문인력: 고소득자, 첨단산업분야 종사자 E-7-Y 국내성장인력 E-7-T 최우수인재 특정활동: 최우수인재 첨단산업분야 종사자",,,,"일반요건 (하나 충족): - 도입직종과 연관성 있는 분야 석사 이상 학위 - 도입직종과 연관성 있는 학사학위 + 1년 이상 첨단기술 분야 경력 - 도입직종과 연관성 있는 분야 5년 이상 근무경력 특별요건: 세계 500대 기업 1년 이상 전문직 근무경력자, 세계 우수대학(타임지 200대 / QS 500위) 학사학위 소지자, 국내 전문대학/대학 졸업자, 첨단기술인턴(D-10-3) 1년 이상 근무자 등 학력·경력 면제 부처추천 전문능력 우수인재(전년도 GNI 1.5배 이상 + 추천): 학력·경력 면제 고소득 전문직 우수인재(전년도 GNI 3배 이상): 직종 무관 학력·경력 면제 해외 유망인재(29세 이하 + 세계우수대학/한국학 + TOPIK 6급): 학위·경력 요건 면제 아시아권 QS 1,000위 이내 현지대학 이공계 졸업생(29세 이하 + TOPIK 2급): 경력요건 면제",기업 스스로 채용 → 사증발급 신청 또는 체류자격 변경허가 신청 뿌리산업체 숙련기능공: 비전문취업자 자격변경 + 민관합동 전문가 기량검증,"신청직종과 가장 유사한 직종의 자격요건 충족 시 가장 유사한 직종으로 고용 허용 대분류 1·2 전문직종: 청장 등 재량 허용 대분류 3-8 준전문·숙련기능직종: 법무부장관 승인 필요 초청자: 사증발급인정서 발급제한 대상자, 고용업체 요건 미충족, 세금 체납 시 제외","고용추천서 면제: 대학 및 공공기관 고용, 사기업 대기업 관리자 고용 창업 5년 이내 소규모 외국인투자기업·벤처기업: 매출실적 없어도 허용 (67개 전문인력 직종)",,"1회 부여 체류기간 상한: 3년 (주무부처 추천 우수인재, 지역특화발전특구, 첨단의료복합단지 내 E-7 직종, 경제자유구역 의료연구개발기관 연구원은 5년)",'25.6 현재 91개 직종 (278개 세부분류) 선정,E-7-4 숙련기능인력: 점수제 적용,"E-7 세부약호별 분류기준과 직종 수, 첨단과학기술인력 우대 골드카드 추천기관 표","골드카드: 산업통상자원부(KOTRA), 2000년, IT/기술경영/나노/디지털전자/바이오/수송기계/신소재/환경에너지 등 8개 분야",
184,high,document_like_row_outside_required_documents; score_like_row_outside_score_table,공통/필수/기타서류 버킷 재분류; 점수표/배점 행인지 확인,E-7,특정활동,stay_status_rule,E-7 특정활동 / 체류자격외 활동,체류자격외 활동허가,요건,,"외국인투자기업 CEO 등 우수전문인력, A-1·A-2 소지자, 주한외국공관원 가족, 고액투자외국인·전문인력 배우자, 방문동거(F-1)/동반(F-3) 자격 소지자, 제주영어교육도시 종사자","투자자(D-7, D-8, D-9) 중 국내기업 상근이사 이상의 직 근무자 전문인력(E-1, E-3 ~ E-5, E-7) 자격소지자 주한외국공관원 가족: 상호주의에 따라 27개 국가 (외교부장관 추천)","A-1, A-2 자격 소지자: 외국어회화강사(E-2), 외국인학교교사(E-7), 외국어교열요원(E-7), 문화예술(D-1), 종교(D-6), 교수(E-1), 연구(E-3) 등 활동",,대학 강연(C-4-5): - 신청서(별지 34호 서식) - 여권 및 외국인등록증 - 수수료 - 주무부처 장의 고용추천서 - 사업자등록증 사본 - 고용계약서 - 원 근무처장의 동의서 방문동거(F-1) 중국동포: - 신청서(별지 34호 서식) - 여권 및 외국인등록증 - 수수료 - 주무부처 장의 고용추천서 또는 고용필요성 입증서류 - 고용계약서 - 사업자등록증 - 학위증 또는 자격증,"F-1, F-3 자격 소지자 외국어회화강사(E-2)/외국인학교교사(E-7): - 해당국 교원자격증 원본(없으면 학위증·경력증명서) - 범죄경력증명서, 채용신체검사서 - 학교장 요청서 - 외국인교사 현황","대학 강연: 90일 이내 강의활동 제주영어교육도시 국제학교 보조교사/강사: 국제학교 재학생 부모/교직원 직계가족, 18세 이상 해외 본교 졸업생, 학사 이상 + 2년 경력 또는 TESOL 자격증",,"배우자 자격외활동: 단순노무(D-3, E-9) 등 제외 모든 직종 제주영어교육도시 판매종사자: 영어 모국어 국가 출신 외 TOEIC 800점 이상 또는 TESOL 필수",정규교육기관 교육은 체류기간 범위 내 별도 허가 절차 불요,,배우자 허가기간: 배우자의 체류기간까지 (계속연장 가능),,,,,
185,high,document_like_row_outside_required_documents; score_like_row_outside_score_table,공통/필수/기타서류 버킷 재분류; 점수표/배점 행인지 확인,E-7,특정활동,stay_status_rule,E-7 특정활동 / 근무처 변경·추가,근무처 변경/추가,요건,,특정활동(E-7) 자격으로 외국인등록 하고 체류 중인 자,판매사무원 등 14개 직종 제외 E-7 자격 소지자 변경·추가 근무처에서 활동하는데 필요한 자격요건 구비,"사전 허가대상: 기계공학기술자(2351), 제도사(2395), 해외영업원(2742) 중 해외 온라인상품판매원, 디자이너(285), 판매사무원(31215), 주방장 및 조리사(441), 고객상담사무원(3991), 호텔접수사무원(3922), 의료코디네이터(S3922), 양식기술자(6301), 조선용접공(7430), 숙련기능 점수제 종사자(S740, S610, S700), 선박 전기원(76212), 선박 도장공(78369), 항공(부품) 제조원(S8417), 송전전기원(76231), 자동차 부품제조원(S85411), 자동차 판금·도장원(S75104), 도축원(S71032) 사후 신고대상: 상기 직종 제외 특정활동(E-7)",,"사후 신고: - 통합신청서[별지 제34호~제34호의2 서식] - 여권 및 외국인등록증 - 주무부처 장의 고용추천서 또는 고용 필요성 입증서류 - 고용계약서 - 원 근무처장의 동의서 - 사업자등록증 사전 허가: - 휴·폐업사실증명서, 임금체불 관련 공적 입증서류, 매출감소 등 경영악화 입증서류 (해당 중 1종) - 원 고용주의 이적동의서 - 새로 고용계약한 업체의 자격요건 심사 서류 (사증발급인정서 첨부서류 준용)",,'10.11.15부 사후 신고제로 개정(출입국관리법시행령 제26조의2제1항) 주방장 및 조리사: 원 근무처 외 타 근무처 근무시간은 원 근무처의 1/3 초과 불가,신고의무자는 신고사유 발생일로부터 15일 이내에 관할 청장에게 신고 여권에 스티커 부착 위해 방문신고 원칙,본인 귀책사유로 해고/중도 퇴직 + 원고용주 이적동의 미수령자 제외 (근무처변경허가 또는 사증발급인정서 신청 대상),"사유서와 신원보증서는 원칙적으로 제출 생략 원 근무처장 동의서: 계약기간 만료일까지 근무 시 면제, 휴·폐업/임금체불 시 입증서류·사유서로 대체 가능",사후 신고는 수수료 없음,,,,,,
186,high,document_like_row_outside_required_documents; score_like_row_outside_score_table,공통/필수/기타서류 버킷 재분류; 점수표/배점 행인지 확인,E-7,특정활동,stay_status_rule,E-7 특정활동 / 체류자격 변경,체류자격 변경,요건,,"D-1, D-2, D-4, D-5, D-6, D-7, D-8, D-9, D-10, E-1, E-2, E-3, E-4, E-5, E-6(E-6-2 제외) 자격 합법 체류 등록외국인 및 동반 배우자(F-3)",특정활동(E-7) 자격 허용직종별 요건을 갖춘 체류외국인 취업 분야가 E-1·E-2·E-3·E-4·E-5·E-6·E-7 자격에 해당 + 자격요건 구비 해당 기관·단체 대표자와 고용계약 체결,외국인학교 교사 변경: 외국인학교 채용 절차 중인 합법체류자 비전문취업(E-9) 등 4년 이상 합법취업 + 점수제 E-7-4 변경자,,"- 신청서(별지 34호서식) - 여권 및 외국인등록증 - 표준규격사진 1장 - 수수료 - 고용계약서 - 고용업체 설립관련 서류(사업자등록증, 등기부등본 등) - 경력증명서 - 주무부처 장의 고용추천서 또는 고용 필요성 입증서류 - 납세증명서(국세완납증명서), 지방세 납세증명",외국인학교 교사 추가서류: - 해당국 교원자격증(없으면 학위증·경력증명서) - 학교장 추천서 - 원 근무처장의 동의서(해당자) - 신원보증서 - 학교설립관련 서류 - 범죄경력증명서(E-2 자격과 동일) - 채용신체검사서,국민고용 보호: 원칙적으로 국민고용자의 20% 범위 내 E-7 외국인 고용 허용 5명 미만 국민 고용 내수 위주 업체 또는 E-7 비율 20% 초과 업체: 신규·대체 초청·변경·근무처변경 원칙 불허 주무부처 추천 첨단산업: 국민근로자 50% 범위 특수 언어지역 우량 수출업체: 국민근로자 70% 범위 급여총액(연봉) 당해연도 최저임금 미만 시 발급 제한 전문인력: 법무부장관 확정·공고 임금요건 기준 적용 준전문/일반기능/숙련기능: 최저임금 이상 국내 전문학사·학사학위 소지자: 학사 + 1년 경력 직종도 고용추천서 제출 생략 (필수 직종 제외),,"단기체류(B계열, C계열), 기술연수(D-3), 계절근로(E-8), 비전문취업(E-9), 선원취업(E-10), 기타(G-1) 자격은 변경 제한 독일인 변경 시 기술연수(D-3), 비전문취업(E-9), 관광취업(H-1) 제외","아래 직종 자율검증대상자(외국인학교 교사) 범죄경력증명서 면제: 해당국 교원자격증 소지자, 채용박람회 채용 교사, 최근 5년 이내 국내 E-2/E-7로 3년 이상 근무자 정부초청 장학생 일/학습연계유학(D-2-7) 졸업자: 모든 직종에 대해 국민고용비율 적용 면제",,외국인학교 교사 변경 시: 최초 1년 범위 내 독일인 변경: 체류자격별 1회 부여 체류기간의 상한,,E-7-4 숙련기능인력 점수제 변경: 별도 매뉴얼 참조 ('23.9.25 개선 시행),,,
189,high,score_like_row_outside_score_table,점수표/배점 행인지 확인,E-7,특정활동,stay_status_rule,E-7 특정활동 / 허용직종 현황 (94개),사증발급,대상,,특정활동(E-7) 자격 허용직종 종사자,,"E-7-1 전문인력 (67개 직종): 관리자 15개 + 전문가 및 관련종사자 52개 E-7-2 준전문인력 (10개 직종): 사무종사자 5개 + 서비스 종사자 5개 E-7-3 일반기능인력 (14개 직종) E-7-4 숙련기능인력(점수제) (3개 직종) E-7-S 네거티브 방식 전문인력 (E-7-S1 고소득자, E-7-S2 첨단산업분야) E-7-Y 국내성장인력 (직종코드 9999) E-7-T 최우수인재 특정활동 (첨단산업분야)",,,,,,,,,,,,"E-7 허용직종 94개를 6개 세부약호(E-7-1, E-7-2, E-7-3, E-7-4, E-7-S, E-7-Y, E-7-T)로 분류한 표","전문인력(E-7-1): 관리자 15개(경제이익단체 고위임원 S110, 기업 고위임원 1120, 경영지원 관리자 1212, 교육 관리자 1312, 보험·금융관리자 1320, 문화예술 관리자 1340, 정보통신 관리자 1350, 기타 전문서비스 관리자 1390, 건설광업 관리자 1411, 제품생산 관리자 1413, 농림어업 관리자 14901, 영업판매 관리자 1511, 운송 관리자 1512, 숙박여행오락스포츠 관리자 1521, 음식서비스 관리자 1522), 전문가 52개(생명과학·자연과학·사회과학·IT 개발자·건축·공학·간호사·교육·법률·경영진단·금융보험·디자이너·번역가 등) 준전문인력(E-7-2): 사무종사자 5개(면세점/제주영어교육도시 판매사무원 31215, 항공운송 사무원 31264, 호텔 접수 사무원 3922, 의료 코디네이터 S3922, 고객상담 사무원 3991), 서비스 5개(운송 서비스 431, 관광 통역 안내원 43213, 카지노 딜러 43291, 주방장 및 조리사 441, 요양보호사 42111) 일반기능인력(E-7-3) 14개: 동물사육사 61395, 양식기술자 6301, 할랄 도축원 7103, 악기제조 및 조율사 7303, 조선 용접공 7430, 선박 전기원 76212, 선박 도장공 78369, 항공기 정비원 7521, 항공기(부품) 제조원 S8417, 송전 전기원 76231, 자동차 부품제조원 S85411, 자동차 판금·도장원 S75104, 도축원 S71032, 건설기계부품제조원 S85513 숙련기능인력(E-7-4) 3개: 뿌리산업체 숙련기능공 S740, 농림축산어업 숙련기능인 S610, 일반 제조업체 및 건설업체 숙련기능공 S700",
190,high,document_like_row_outside_required_documents,공통/필수/기타서류 버킷 재분류,E-7,특정활동,stay_status_rule,E-7-1 전문인력 / 직종별 세부관리기준,사증발급,요건,E-7-1,관리자 및 전문가·관련 종사자 직종 (67개) 종사 예정자,"관리자(1212~1522) 공통 심사기준: - 해당 기업의 운영부서 현황, 독립성, 일반직원 수, 외국인 관리자 임금수준 고려 - 원칙적으로 본사 운영부서 관리자에 한함 - 대기업 관리자: 고용추천서 면제 ('07.12.5. 규제개혁 장관회의) - 중소기업 관리자: 직종별 고용추천기관 적시한 경우 추천서 징구","경제이익단체 고위임원(S110), 기업 고위임원(1120): 학력·경력 요건 미정 (기업 자율성 존중) 교육 관리자(1312): 학사 이상 + 관련 교사 자격·경력 보험·금융관리자(1320), 정보통신관리자(1350) 등: 일반 요건 적용",,,,일반요건 (하나 충족): - 도입직종 연관분야 석사 이상 학위 - 학사학위 + 1년 이상 첨단기술 분야 경력 - 5년 이상 해당분야 근무경력 임금요건: 법무부장관 확정·공고 임금요건 기준 적용,,중소기업기본법 시행령 제3조 별표 1의 대기업/중소기업 구별기준 적용,대기업 종사 관리자 고용추천서 면제,,,,,,,
191,high,document_like_row_outside_required_documents,공통/필수/기타서류 버킷 재분류,E-7,특정활동,stay_status_rule,E-7-2 준전문인력 / 직종별 세부관리기준,사증발급,요건,E-7-2,사무종사자 및 서비스 종사자 (10개 직종),"운송 서비스(431): 석사 이상, 학사 + 1년 경력, 또는 3년 이상 경력 관광통역 안내원(43213): 석사 이상, 외국대학 한국학 학사 + 1년 경력, 국내대학 관광·역사계열 졸업자, 전문대학 졸업 + 국내 관광통역안내사 자격증 요양보호사(42111): 국내 대학 전문학사 이상 + 요양보호사 자격증","면세점/제주영어교육도시 판매사무원, 항공운송 사무원, 호텔 접수 사무원, 의료 코디네이터, 고객상담 사무원, 운송 서비스(국제여객선·국제항공 객실승무원), 관광통역 안내원, 카지노 딜러, 주방장 및 조리사, 요양보호사",,"관광통역 안내원 추가: - 관광사업자등록증 사본(일반여행업) - 외국인관광객 유치실적 증빙자료 주방장·조리사 추가: - 요리사 자격요건 입증서류(요리경연대회 입상서류 또는 자격증+경력증명서 3-5년 또는 향토음식 10년 경력증명서) - 고용보험 가입자 목록, 사업장용 고용보험피보험자격 취득 내역 - 사업장 면적 입증서류, 부가가치세과세표준증명",관광편의시설업 지정 서류(해당자) 외국인관광객 면세판매장/보세판매장 서류(해당업체),"관광통역 안내원 고용업체: 관광사업등록 + 최근 2년 평균 연간 외국인 관광객 유치실적 2,000명 이상 요양보호사 업체당 고용인원: 국민고용인원 대비 20% 한도 요양보호사 소득요건: 당해연도 최저임금 이상",,운송 서비스 도입 불가: 선박 웨이터,,,체류기간 상한 2년의 단수사증 (체류기간 1년 이하 단수사증은 공관장 재량 발급),,,,,
192,high,document_like_row_outside_required_documents; score_like_row_outside_score_table,공통/필수/기타서류 버킷 재분류; 점수표/배점 행인지 확인,E-7,특정활동,stay_status_rule,E-7-3 일반기능인력 / 직종별 세부관리기준,사증발급,요건,E-7-3,기능원 및 관련기능 종사자 (14개 직종),자동차 판금·도장원(S75104): 전문학사 이상 + 3년 이상 해당분야 경력 또는 5년 이상 해당분야 경력 + 국토부 지정기관 기량검증 통과 도축원(S71032): 도축 분야 교육 수료 또는 자격증 취득 + 3년 이상 경력 건설기계부품제조원(S85513): 별도 기준,"동물사육사, 양식기술자, 할랄 도축원, 악기제조 및 조율사, 조선 용접공, 선박 전기원, 선박 도장공, 항공기 정비원, 항공기 부품 제조원, 송전 전기원, 자동차 부품제조원, 자동차 판금·도장원, 도축원, 건설기계부품제조원",,공통 추가: - 학위증 - 경력 증명서 - 소관부처 장관의 고용추천서 (필수) - 기량검증 확인서 (해당자),,"임금요건: 자동차 판금·도장원 → 전년도 1인당 GNI 70% 이상 업체당 고용인원: 국민고용인원 대비 20% 한도 (자동차 판금·도장원, 도축원 등) 도축원 업체당 최대 2명 해외 발급 서류는 아포스티유 확인 또는 대한민국 공관 영사확인 필수",사증발급인정서 발급 및 체류자격 변경 접수·심사 → 본부(체류관리과)에 쿼터 배정 요청 → 쿼터 번호 발부 → 허가 사회통합프로그램: 국내 입국 후 1년 이내 사회통합프로그램 사전평가 21점 이상(2단계 배정) 또는 1단계 이상 이수 또는 TOPIK 2급 이상,"근무처 변경: 휴·폐업, 경영악화, 고용계약 만료 등 외국인 근로자 귀책사유 없는 경우에 한정 제도남용 방지 위해 법무부·소관부처 합동 점검",유학생 특례: 국내대학 해당분야 전문학사 이상 학위 + 취업 확정 + 소관부처 고용추천 시 경력요건 면제,,체류기간 상한 2년의 단수사증 사회통합프로그램 미충족 시: 1회 6개월씩 최대 1년 범위 내에서 체류기간 연장,자동차 판금·도장원 시범운영기간('25.10~'27.9) 중 각 1년 단위별 총 330명 범위 내 도축원 시범운영기간('26.1~'27.12) 중 각 1년 단위별 총 150명 범위 내,,,,
194,high,score_like_row_outside_score_table; score_like_quota_row,점수표/배점 행인지 확인; 쿼터/인원 제한 행인지 확인,E-7,특정활동,quota,E-7-4 숙련기능인력 / 선발인원 및 유형별 배정,사증발급,쿼터,E-7-4,숙련기능인력(E-7-4) 점수제 신청자,,"뿌리산업체 숙련기능공(S740), 농림축산어업 숙련기능인(S610), 일반 제조업체 및 건설업체 숙련기능공(S700)",,,,,,,,,,"K-point E74 총 33,000명 기업추천 개인트랙: 12,000명 (36%) 중앙부처 추천: 합계 6,300명 (20%) - 고용부 제조업: 2,000명 (6%) - 산업부 뿌리산업: 1,100명 (3%) - 농림부 농축산업: 900명 (3%) - 산업부 조선업: 600명 (2%) - 해수부 어업·내항상선: 500명 (2%) - 국토부 건설업: 200명 (1%) - 중기부 제조업: 1,000명 (3%) 광역지자체 추천(17개 시도): 8,500명 (26%) 탄력배정 쿼터: 6,200명 (18%)",,숙련기능인력(E-7-4) 유형별 선발계획표 (단위: 명),"K-point E74 전체 33,000명 = 기업추천 개인트랙 12,000 + 중앙부처 추천 6,300(고용부 2,000 + 산업부 뿌리 1,100 + 농림부 900 + 산업부 조선 600 + 해수부 500 + 국토부 200 + 중기부 1,000) + 광역지자체 8,500 + 탄력배정 6,200",
195,high,document_like_row_outside_required_documents; score_like_row_outside_score_table,공통/필수/기타서류 버킷 재분류; 점수표/배점 행인지 확인,E-7,특정활동,stay_status_rule,E-7-4 숙련기능인력(K-point E74) / 신청 대상 및 쿼터 유형,체류자격 변경,대상,E-7-4,비전문취업(E-9)·선원취업(E-10)·방문취업(H-2) 자격으로 4년 이상 합법 체류 중 → 숙련기능인력(E-7-4) 전환 희망자,"최근 10년간 E-9, E-10, H-2 자격으로 4년 이상 체류한 현 등록외국인으로 현재 근무처에서 정상 근로 중 신청 당시 현재 근무처에서 외국인등록 + 합법적으로 근무 중 비수도권에서 3년 이상 체류 중인 자가 광역지자체 추천을 받은 경우 해당","기업 추천 개인트랙: 현재 1년 이상 근무 중인 기업의 추천 + 중앙부처·지자체 추천 없이 전환요건 점수 이상 추천 쿼터 - 중앙부처 추천: 고용부, 산업부, 농식품부, 해수부, 국토부, 중기부 추천 쿼터 - 광역지자체 추천(17개 시도): 1년 이상 해당 광역지자체 소재 기업에서 근무 중 + 추천 (E-7-4 전환 후 2년 이상 해당 광역지자체에 체류지 유지 필수, 비수도권 특례 전환자는 3년) 탄력 배정 쿼터: 향후 추가 배정 필요 분야에 탄력적 운영",,,,,"일정: 연중 상시 접수 방법: 하이코리아 전자민원 온라인 접수 원칙 신청 5부제: 출생 연도 끝자리별 신청 요일 지정 (1,6→월 / 2,7→화 / 3,8→수 / 4,9→목 / 5,0→금) 고령자·격오지·첨부서류 과다자 등 관할기관장 판단 시에만 대면 접수 허용 하이코리아 전자민원 가능 시간: 평일 오전 7시~오후 10시 첨부 파일: 2MB 이하 jpg, bmp, png, tif, pdf (증명사진은 95KB 이하 jpg)",체류자격 변경만 허용 (신규 비자발급 대상 아님),,일반적인 자격변경 수수료 적용 (전자민원 감면 포함),1회 부여 체류기간 2년 이내 (고용계약 범위 내),K-point E74 시행일: '24. 11. 27.(수),,,,
196,high,score_like_row_outside_score_table,점수표/배점 행인지 확인,E-7,특정활동,stay_status_rule,E-7-4 숙련기능인력(K-point E74) / 외국인 본인 기본 요건,체류자격 변경,요건,E-7-4,,"① 최근 10년간 E-9, E-10, H-2 자격으로 4년 이상 체류한 현 등록외국인 + 현재 근무처 정상 근로 중 ② 현재 근무처에서 연봉 2,600만원 이상으로 향후 2년 이상 E-7-4 고용계약 (농·축산업, 어업·내항상선: 2,500만원 이상) ③ 현재 1년 이상 근무 중인 기업의 추천 받은 자 ④ 점수제 총점 300점에서 가점 포함 최소 200점 이상 (기본항목의 평균소득과 한국어능력 각각 최소 50점 이상)",,,,,"평균소득: 최근 2년 연간 평균소득 2,500만원 이상 (농·축산업, 어업·내항상선: 2,400만원 이상) 재입국 공백 등으로 최근 2년 소득입증 불가 시 '21~'25년 중 연간 단위 소득금액 가장 높은 2개년으로 대체 가능 한국어능력: TOPIK 2급 또는 사회통합프로그램 2단계 이수 또는 사전평가 3단계(41점) 이상 한국어 한시적 유예(~'26.12.31): 한국어 외 요건 충족 + 총점 150점 이상 시 최초 연장(2년) 시까지 한국어 보완 조건부 유예 [고용기업 추천] - 추천 기준: 상시근로자 수의 20% 범위 내 (현재 E-9·E-10 외국인 근로자 고용 기업은 최소 1명 추천 가능) - 건설업: '시공능력평가액 또는 연평균 공사금액 중 택1' × 0.4 (1억당 0.4명, 소수점 올림) - 임금 체불, 폭행 등 인권침해 또는 외국인 불법 고용 시 추천권 박탈 및 5년간 추천 불허",,"제외 대상 (최근 10년 이내): - 벌금 100만원 이상의 형 - 조세 체납자(완납 시 신청 가능) - 출입국관리법 4회 이상 위반자 - 불법체류 경력 3개월 이상 - 대한민국의 이익이나 공공의 안전 등을 해치는 행동 우려자 - 경제질서·사회질서·선량한 풍속 해치는 행동 우려자 2년 내 한국어능력 미충족 시: 가족초청 불가, 이후 체류기간 6개월만 부여, 6개월 내 미충족 시 추가 연장 불허 및 체류허가 취소","원격대학(방송통신대, 사이버대) 학위, 독학사, 학점은행제 학위 인정 중간에 다른 업체 근무로 공백 있어도 과거+현재 동일 업체면 실제 근무기간 합산 가능 (1년 이상이면 인정)",,,,,,,
199,high,score_like_row_outside_score_table; score_like_quota_row,점수표/배점 행인지 확인; 쿼터/인원 제한 행인지 확인,E-7,특정활동,quota,E-7-4 숙련기능인력 / 고용기업(사업장) 요건,사증발급,쿼터,E-7-4,E-7-4 신청 대상 고용기업(사업장),현재 E-9·E-10·H-2를 1명 이상 정상적으로 고용 중인 기존 숙련기능 점수제 적용 사업장,,,,,상시근로자: 4대 사회보험 사업장 가입자 명부에 3개월 이상 등재 + 법정 최저임금 이상의 월급여를 받는 내·외국인 근로자 국민고용인원: 4대 사회보험 사업장 가입자 명부에 3개월 이상 등재 + 법정 최저임금 이상 월급여를 받는 내국인 근로자,,"세금(국세, 지방세) 체납 사실 있는 업체는 제외","인구감소지역, 뿌리산업: 국민고용 인원의 50% 이내 다른 자격 외국인 고용인원 포함 여부: E-7-4 및 E-7-4R 이외의 E-7·E-9·E-10·H-2 및 F-2, F-4, F-5, F-6는 외국인 고용인원에서 제외 허용 계산값의 소수점 이하는 올림. 현재 E-9·E-10 외국인 고용 기업은 최소 1명(인구감소지역·뿌리산업은 2명) 고용 가능 건설업: '시공능력평가액이나 연평균 공사금액 중 택1' × 0.4 (1억당 0.4명, 소수점 올림) 내에서 고용 가능",,,허용 인원: 현재 해당 사업장 국민고용인원의 30% 이내 인구감소지역·뿌리산업 특례: 50% 이내,,,,
200,high,document_like_row_outside_required_documents,공통/필수/기타서류 버킷 재분류,E-7,특정활동,stay_status_rule,E-7-4 숙련기능인력 / 추천 절차 안내,체류자격 변경,절차,E-7-4,K-point E74 신청자: 중앙부처·광역지자체·고용기업 추천 받는 외국인,,"중앙부처 추천: 고용기업 추천자 중 부처별 지정 영역에 한해 추천 광역지자체 추천: 1년 이상 해당 광역지자체 소재 기업에 근무 중인 외국인 (E-7-4 전환 후 2년간 해당 지자체에서 계속 체류, 비수도권 특례 전환자는 의무기간 3년) 고용기업 추천: 현재 1년 이상 근무 중인 기업의 대표가 추천",,중앙부처/광역지자체 추천: - 별도 추천서 제출 불요 (자체심사표에 추천 여부 표시) 고용기업 추천: - 외국인이 E-7-4 신청 시 추천서 및 추천자 신분증 사본 직접 제출,,,"중앙부처 추천: - 추천 명단을 주 단위로 법무부(체류관리과)로 공문 송부 - 부처별 영역: 고용부(제조업), 산업부(뿌리산업/조선업), 농식품부(농축산업), 해수부(어업·내항상선), 국토부(건설업), 중기부(제조업) 광역지자체 추천: - 17개 광역지자체 중 추천 희망 지자체가 추천 - 산하 기초지자체 추천 취합 후 쿼터 범위 내 추천 - 직종 무관 E-7-4 전환 가능 영역 추천 - 명단을 주 단위로 법무부(체류관리과)로 공문 송부 고용기업 추천: - 해당 기업 직종(영역)에 맞게 추천",,,,,,,중앙부처 추천 소관 부서 연락처 + 광역지자체 추천 소관 부서 연락처 표,중앙부처: 농식품부 농축산업(농업경영정책과 044-201-1720) / 산업부 조선업(조선해양플랜트과 044-203-4338) / 산업부 뿌리산업(산업공급망정책과 044-203-4907) / 고용부 제조업(외국인력담당관실 044-202-7150) / 국토부 건설업(건설산업과 044-201-3493) / 해수부 어업(소득복지과 044-200-6013) / 해수부 내항상선·연근해어업(20톤 이상)(선원정책과 044-200-5744) / 중기부 제조업(인력정책과 044-204-7445) 광역지자체 (17개): 서울 외국인이민담당관 02-2133-5068 / 부산 인구정책담당관 051-888-1844 / 인천 다문화사회과 032-440-1564 / 대구 고용노동정책과 053-803-6733 / 광주 외국인주민과 062-613-2732 / 울산 경제정책관 052-229-2742 / 세종 기업지원과 044-300-4842 / 경기 이민사회정책과 031-8030-4673 / 경남 산업인력과 055-211-3384 / 경북 외국인공동체과 054-880-4550 / 충남 외국인정책과 041-635-4992 / 전남 이민정책과 061-286-2562 / 전북 외국인국제정책과 063-280-2082 / 충북 외국인정책추진단 043-220-2702 / 강원 지역소멸대응정책관 033-249-2498 / 제주 인구정책담당관 064-710-4752 / 대전 일자리경제정책과 042-270-4594,
201,high,score_like_row_outside_score_table,점수표/배점 행인지 확인,E-7,특정활동,stay_status_rule,E-7-4 숙련기능인력 / 한국어능력 시험 안내,체류자격 변경,요건,E-7-4,K-point E74 신청자: 한국어능력 입증이 필요한 외국인,아래 중 하나로 한국어능력 입증: - 사회통합프로그램 사전평가(KIIP TEST) - 사회통합프로그램 이수(KIIP) - 한국어능력시험(TOPIK),,,,,사회통합프로그램 사전평가: www.kiiptest.org - 사전평가 결과일로부터 2년이 지나면 평가 결과 무효 - 점수 낮을 시 재시험 가능 사회통합프로그램 이수: 법무부 사회통합정보망 www.socinet.go.kr 한국어능력시험(TOPIK): www.topik.go.kr 사전평가 41점 이상이지만 구술 점수 3점 미만으로 0단계 배정된 경우: 점수 불인정 (한국어 능력 최소점 50점은 사전평가 3단계 배정 이상 기준),"PBT(전국동시) 평가일정 ('26년): - 2차: 접수 2.24~2.28, 평가 3.14, 결과 3.27 - 3차: 접수 3.24~3.28, 평가 4.11, 결과 4.24 - 4차: 접수 4.21~4.25, 평가 5.9, 결과 5.22 - 5차: 접수 7.7~7.11, 평가 7.25, 결과 8.7 - 6차: 접수 9.1~9.5, 평가 9.19, 결과 10.7 - 7차: 접수 10.13~10.17, 평가 10.31, 결과 11.13 - 8차: 접수 11.3~11.7, 평가 11.21, 결과 12.4 CBT센터 평가: - 서울 CBT 센터: 서울 종로구 인사동7길 12 백상빌딩 12층 - 광명 CBT 센터: 경기도 광명시 소하동 1365 에이스 광명타워 3층(304호) - 대전 CBT 센터: 대전광역시 중구 중앙로 154 2층(하나증권 대전사옥), 주말에만 사전평가 응시 가능",,,,,,,'26년 사회통합프로그램 사전평가(PBT) 일정표 (7차수),2차: 2.24~2.28 접수 → 3.14 평가 → 3.27 결과 3차: 3.24~3.28 → 4.11 → 4.24 4차: 4.21~4.25 → 5.9 → 5.22 5차: 7.7~7.11 → 7.25 → 8.7 6차: 9.1~9.5 → 9.19 → 10.7 7차: 10.13~10.17 → 10.31 → 11.13 8차: 11.3~11.7 → 11.21 → 12.4,
202,high,form_attachment_noise,목차/양식/페이지 노이즈 여부 확인 후 제거,E-7,특정활동,required_documents,E-7-4 숙련기능인력 / 표준 고용계약서 견본,체류자격 변경,제출서류,E-7-4,K-point E74 전환을 위한 표준근로계약서 작성자,,,,"근로계약서 견본(Labor Contract Sample) 필수 기재 항목: - 사용자(업체명, 소재지, 성명, 사업자등록번호/주민등록번호, 전화번호) - 근로자(성명, 생년월일, 본국주소) - 근로계약기간 (최소 2년 이상) - 근로장소 (계약서 명시 외 근로 금지) - 업무내용 (업종, 사업내용, 직무내용) - 근로시간 (1일 평균 시간외 근로시간, 교대제) - 휴게시간 (1일 분) - 휴일 (일요일, 공휴일 유급/무급, 매주/격주 토요일) - 임금 (월 임금, 연봉 2,600만원 이상, 기본급, 고정 수당, 상여금, 수습기간 임금) - 임금지급일 (매월/매주 지정일, 공휴일 전날 지급) - 지급방법 (직접/통장 입금, 사용자는 근로자 명의 통장·도장 관리 금지) - 숙식제공 (숙박시설 유형 및 근로자 부담금액, 식사 제공 여부 및 부담금액)",,"E-7-4 전환 요건: - 계약기간 최소 2년 이상 - 연봉 2,600만원 이상 - 외국인근로자가 사업장에서 수행할 구체적인 업무 기재 필수 - 연장·야간·휴일근로: 통상임금 50% 가산 (상시근로자 4인 이하 사업장 제외) - 숙식 비용 부담 수준은 사용자-근로자 협의에 따라 결정",,,,,,,,,,
204,high,document_like_row_outside_required_documents,공통/필수/기타서류 버킷 재분류,E-8,계절근로,stay_status_rule,E-8 계절근로 / 근무처 변경 (고용주재배정),근무처 변경/추가,요건,,계절근로(E-8) 자격 등록외국인,근무처 추가는 허용되지 않음 변경 사유: ① 고용주의 귀책사유로 인해 근로계약이 중도 해지된 경우 ② 외국인등록 전 고용주·계절근로자 간 합의를 통한 근무처 변경 가능,,,"- 통합신청서, 여권, 외국인등록증 (근무처변경 수수료 면제) - 표준근로계약서 사본 - 산재보험 가입증명원(사업장 가입 신청 입증서류) 또는 농·어업인 안전보험 보험증서(안전보험 가입 확약서) — 새로 변경된 고용주로 변경 - 건강보험 가입증명원 또는 신청 입증서류(해당자만 제출) - 계절근로자 배치 대상 고용주 확인서(지자체 발급) - 거주/숙소 제공 확인서",외국인등록 전 합의 변경 시: 필수 제출서류 + 마약검사 확인서,,원 고용주는 출입국관서 및 지자체에 고용변동신고서 제출,근무처 추가 불허 계절근로자의 귀책사유 없이 근로계약 중도 해지된 경우에 한정,,근무처변경 수수료 면제,,,,,,
205,high,document_like_row_outside_required_documents,공통/필수/기타서류 버킷 재분류,E-8,계절근로,stay_status_rule,E-8 계절근로 / 자격외 활동허가,체류자격외 활동허가,요건,,국내 체류 외국인 계절근로자 제도 참여 대상 등록외국인,,,,"- 통합신청서, 외국인등록증, 여권 (수수료 면제) - 표준근로계약서 사본 - 계절근로 참여 신청서 - 산재보험 가입증명원(사업장 신청 입증서류) 또는 농어업인 안전보험 보험증서(안전보험 가입 확약서) - 계절근로자 배치 대상 고용주 확인서",유학생 계절근로 참여 추천서(해당자만 제출) 건강보험 가입증명원 또는 가입 신청 입증서류(해당자만 제출) 거주/숙소 제공 확인서(해당자만 제출),,,"계절근로자(C-4, E-8)는 계절근로 이외의 다른 활동을 위한 체류자격외 활동허가 허용 불가",,수수료 면제,체류자격 외 활동허가 기간: 신청자의 체류기간 만료일 범위 내에서 최소 1주일부터 최장 8개월 이내,,,,,
206,high,document_like_row_outside_required_documents,공통/필수/기타서류 버킷 재분류,E-8,계절근로,stay_status_rule,E-8 계절근로 / 체류기간 연장,체류기간 연장,절차,,체류기간 만료 임박 계절근로자,,,,"- 외국인 계절근로자(E-8) 체류기간 연장 추천 신청서 - 여권 및 외국인등록증 - 거주/숙소 제공 확인서 (고용주의 등기부등본, 임대차계약서 등 추가서류 불요) - 근로계약서 - 고용주 신분증 - 인신매매 피해 식별지표 - 체류기간 만료 계절근로자 체류기간 연장 추천서 - 통합신청서",,지자체 방문 시: ①~⑥ 출입국·외국인관서 방문 시: ②~⑧,① 체류기간 만료일 60일 ~ 40일 전: 관할 지방자치단체로 신청 → 지자체에서 관할 출입국·외국인관서로 일괄 신청 ② 체류기간 만료일 40일 이내: 관할 지자체로 신청 후 '체류기간 만료 계절근로자 체류기간 연장 추천서' 발급 받아 관할 출입국·외국인관서로 방문 신청,,,수수료 면제,,,,,,
208,high,document_like_row_outside_required_documents,공통/필수/기타서류 버킷 재분류,E-9,비전문취업,stay_status_rule,E-9 비전문취업 / 근무처 변경·추가,근무처 변경/추가,요건,,비전문취업(E-9) 자격 외국인근로자,"원칙적으로 최초 고용허가를 받은 사업장에서 계속 취업 예외적으로 사업장 휴·폐업 등 정상적 근로관계 지속 곤란 시 다른 사업장 변경 신청 가능 변경 사유 (외국인고용법 제25조 및 동법시행령 제30조): - 사용자가 정당한 사유(해고, 계약기간 만료, 계약 해지 등)로 근로계약 해지 또는 갱신 거절 - 휴업·폐업 등 외국인근로자 책임이 아닌 사유로 계속 근무 불가 - 외국인근로자 고용허가 취소 또는 고용 제한 조치 - 근로조건이 계약조건과 상이하거나 위반, 사용자 부당한 처우로 사회통념상 계약 유지 어려움 - 상해 등으로 해당 사업장 근무 부적합하나 다른 사업장 근무 가능",,,"- 신청서(별지 34호서식), 여권, 외국인등록증, 수수료, 체류지 입증서류 - 고용허가서 사본 - 표준근로계약서 사본 - 사업자등록증 등 사업장 관련 입증서류","건설업체: 해당 현장 책임건설업체(원도급업체) 작성 ""건설현장에 대한 외국인력 현황표""","농업분야 외국인근로자 근무처 추가 제도 (E-9-3): - 작물재배업(계절적 농업) 근무 중인 비전문취업 자격자 - 원 사업장과 근로계약 유지(무급휴직 처리)하면서 일정기간 동안 다른 사업주와 근로계약 체결 - 계약 만료 시 원 사업장으로 복귀 - 농협 대행 가능 - 신청 추가서류: 추가근무처 고용허가서 사본, 추가근무처 표준근로계약서 사본, 영농규모증명서 및 사업자등록증/고유번호증/주민등록등본, 외국인근로자 위임장(대행 시)",사용자와 근로계약 종료 후 1월 이내에 사업장 변경 신청(고용노동부 고용센터) 사업장 변경 신청일로부터 3개월 이내에 근무처 변경허가(관할 출입국·외국인청) 업무상 재해·질병·임신·출산 등의 사유로 신청 불가 시: 사유해소일로부터 기간 계산 사유 해당자는 체류기간 만료 전 사업장변경신청기간 연장접수확인서 + 산재입증서류·진단서 등 첨부하여 체류기간연장 신청 체류기간연장허가 수수료 면제,"변경 횟수 제한: - 입국한 날부터 3년 이내 취업가능기간 중: 원칙적으로 3회 - 재고용절차에 따른 체류기간 연장 중: 2회 초과 불가 - 휴·폐업 등 외국인근로자 책임이 아닌 사유: 변경횟수 포함하지 않음 - 최초 사업장 배치 전 사용자 귀책사유로 1회 변경한 경우 3회에 포함 시: 1회 추가 허용 체류기간 연장 상한: 최초 입국일로부터 3년, 재고용 시 4년 10개월 초과 불가",건설업종 사업장 변경 횟수 특례: '동일 원청 현장 내 업체 간 외국인력 이동' 시 책임건설업체(원도급업체) 승인 받은 경우 변경 횟수 미포함 공사현장 총 허용인원 범위 내 인력 배정 자율성 부여,,,,,,,
211,high,document_like_row_outside_required_documents,공통/필수/기타서류 버킷 재분류,E-9,비전문취업,stay_status_rule,E-9 비전문취업 / 재입국허가,재입국허가,요건,,등록을 필한 외국인,출국한 날부터 1년 이내 재입국 시 재입국허가 면제 체류기간이 1년보다 적게 남은 경우 체류기간 범위 내 재입국허가 면제,,,"- 신청서(별지 34호 서식) - 여권 - 외국인등록증 - 수수료(단수 3만원, 복수 5만원)",,,,"입국규제 및 사증발급규제자는 체류지 관할 청(사무소·출장소)에 방문하여 재입국허가 필요, 수수료 제출 대상",,"단수 3만원, 복수 5만원",재입국허가 면제: 출국일로부터 1년 이내,,,,,
213,high,document_like_row_outside_required_documents,공통/필수/기타서류 버킷 재분류,E-9,비전문취업,stay_status_rule,E-9 비전문취업 / 고용변동 신고,외국인등록,절차,,비전문취업(E-9) 외국인근로자를 고용한 자,,,,"- 고용·연수 외국인 변동사유 발생신고서(별지 32호 서식) - 외국인등록증 사본 (소재불명 신고: 휴대폰 번호, 예상소재지 등 포함) - 사업자등록증 사본 - 고용주 신분증(고용주 직접 신고 시) - 회사 직원 대리 신청: 고용주 위임장, 재직증명서, 직원 신분증",,,신고방법: - 방문신고: 체류지 관할 청(사무소·출장소) 직접방문 - 팩스신고(1577-1346) 및 하이코리아 전자민원(www.hikorea.go.kr): 체류지 관할 청 구분 없이 신고 가능 - 하이코리아 전자민원은 고용노동부 고용변동신고와 일원화 실시(2011.10.17) - 신고기한(사유발생 사실을 안 날로부터 15일)을 도과하지 않은 경우만 처리,,,,,,,건설업 비숙련 외국인력(E-9) 업무수행 가능 범위 40개 직종 표,1.도장 2.건축배관 3.방수 4.조적 5.타일 6.형틀목공 7.강구조 8.건축기계설비 9.건축목공 10.견출 11.미장 12.비계 13.석공 14.일반용접 15.조경 16.철거 17.철근 18.콘크리트 19.토공 20.특수용접 21.도배 22.수장 23.지붕 24.패널조립 25.코킹 26.창호 27.유리 28.보일러 29.보온 30.포장 31.준설 32.보링 33.발파 34.궤도 35.벌목 36.일반기계설비 37.잠수 38.제관 39.덕트 40.상하수도배관 각 직종은 자재 취급방법·공구 사용처·공사 용어·안전수칙 등 기초적 지식을 습득한 자가 작업반장이나 숙련공의 지시에 따라 자재운반 등 기능공들의 보조적 작업 수행,
214,high,document_like_row_outside_required_documents,공통/필수/기타서류 버킷 재분류,E-10,선원취업,stay_status_rule,E-10 선원취업 / 근무처 변경·추가,근무처 변경/추가,제출서류,,선원취업자가 사업장의 휴·폐업 등으로 정상적인 근로관계를 지속하기 곤란한 때,지방해양수산청장의 추천을 받아 근무처 변경 신청 가능,,,"- 신청서(별지 34호서식), 여권 및 외국인등록증, 수수료 - 한국해운조합 또는 수산업협동조합중앙회 발급 외국인 고용추천서 - 고용계약서 - 사업자등록증 - 산재서류 또는 진단서(필요시) - 신원보증서",,,,,"동일 선사(선주)의 선박 간 이동근무 시에도 미리 근무처변경 허가를 받아야 함. 단, 이 경우 수수료 면제",,,,,,,
218,high,document_like_row_outside_required_documents,공통/필수/기타서류 버킷 재분류,E-10,선원취업,stay_status_rule,E-10 선원취업 / 구직 중 연장,체류기간 연장,예외,,체류허가기간 중에 고용해지 등으로 구직 중인 자,잔여 체류가능 기간이 총 체류가능기간(3년) 기준 최소 4개월 이상 남아 있는 자,,,"- 신청서(별지 34호서식), 여권 및 외국인 등록증 - 각서",,,고용해지일로부터 3개월의 범위 내에서 체류기간 연장허가,,체류기간연장허가수수료는 면제,체류기간연장허가수수료 면제,고용해지일로부터 3개월 범위 내,,,,,
220,high,document_like_row_outside_required_documents,공통/필수/기타서류 버킷 재분류,E-10,선원취업,stay_status_rule,E-10 선원취업 / 고용변동신고,외국인등록,신고의무,,선원취업(E-10) 외국인선원을 고용한 자,,선원취업(E-10) 외국인선원의 고용주,,- 고용·연수 외국인 변동사유 발생신고서(시행규칙 별지 32호 서식) - 외국인등록증 사본 - 사업자등록증 사본 - 퇴직 외국인선원 인수·인계확인서 - 고용주 신분증(고용주 직접 신고 시) 또는 고용주 위임장·재직증명서·직원 신분증(대리 신청 시),,,"방문신고: 체류지 관할 청(사무소·출장소) 직접방문 신고 팩스신고(1577-1346), 하이코리아 전자민원(www.hikorea.go.kr) - 신고기한을 도과하지 않은 경우에만 처리",,계약기간 만료로 인한 퇴직은 신고 불필요,,해고·퇴직·고용계약 변경: 사유가 발생한 날로부터 15일 이내 사망·소재불명: 사유를 안 날로부터 15일 이내,,,,,
223,high,score_like_row_outside_score_table,점수표/배점 행인지 확인,F-1,방문동거,stay_status_rule,F-1-12 점수제 우수인재 가족,체류자격외 활동허가,제한,F-1-12,점수제 우수인재의 배우자 및 미성년 자녀로서 방문동거자(F-1-12),외국인 관서장이 필요성이 있다고 판단되는 경우 전문직·준전문직(E-1~E-7) 취업 요건을 갖춘 경우 사전에 체류자격외 활동허가를 받아 취업 가능,,,,해당 체류자격에서 요구하는 서류 제출,,,원칙적으로 취업 및 영리활동 불가 호텔·유흥종사자(E-6-2) 및 숙련기능인력(E-7-4) 제외,외국인 관서장 판단으로 사전 체류자격외 활동허가 시 취업 가능,,,,,,,
226,high,document_like_row_outside_required_documents,공통/필수/기타서류 버킷 재분류,F-1,방문동거,stay_status_rule,F-1-6 혼인단절 결혼이민자,체류자격 변경,요건,F-1-6,"국민과 혼인이 단절되었으나 혼인단절자(F-6-3)에 해당하지 않는 사람으로서 재산분할, 가사정리 등의 사유로 국내 체류가 불가피한 사람",,,,"- 신청서(별지 제34호 서식), 여권 및 외국인등록증, 사진 1매, 수수료 - 신원보증서 - 이혼 사실이 기재된 혼인관계 증명서 - 체류 불가피성에 대한 소명자료(사유서, 재산분할 관련 입증자료 등) - 기타 심사에 필요하다고 인정되는 서류 - 체류지 입증서류(임대차계약서, 숙소제공 확인서, 체류기간 만료예고 통지우편물, 공공요금 납부영수증, 기숙사비 영수증 등)",,혼인단절 전 정상적인 혼인 생활 유지 여부 국내 체류의 불가피성 여부,,,,,6개월 범위 내 F-1-6 자격의 체류허가 기간은 자격변경일로부터 1년까지,,,,,
227,high,document_like_row_outside_required_documents,공통/필수/기타서류 버킷 재분류,F-1,방문동거,stay_status_rule,F-1-13 외국인유학생 동반부모,체류자격 변경,요건,F-1-13,고등학교 이하 유학(D-4-3) 사증발급 대상 교육기관에서 입학허가를 받았거나 재학 중인 외국인유학생의 2촌 이내의 친인척으로서 국내에 현재 합법체류 중인 자,,,,"- 신청서(별지 34호 서식), 여권, 외국인등록증(해당자), 표준규격사진 1매, 수수료 - 외국인유학생 입학허가서 또는 재학증명서 - 가족관계 입증서류(원본 및 번역본 첨부 원칙, 부모의 영문성명을 알 수 있는 여권 사본 등) - 국내 체류비용 부담능력 입증서류(3개월 이상 계속 예치된 기준 이상 금액의 잔고증명서 등) - 재정능력 입증서류(불법체류 다발국가 국민에 한함) - 원천징수영수증, 부동산소유증명, 부동산거래계약서 등",,"국내 체류 비용 부담능력: 1년 간 생활비는 외국인 유학생의 연간 생활비 기준액의 2배 상당 금액(1인 기준) 일정 수준 이상의 재정능력 보유(불법체류 다발국가 국민): 연간 소득이 전년도 GNI 이상이거나, 자산이 국민기초생활보장법에 따른 중위 수준 이상",체류지 관할 청(사무소·출장소)에서 권한 위임,"단기체류자격 소지자, 기술연수(D-3), 비전문취업(E-9), 선원취업(E-10), 기타(G-1), 방문취업(H-2) 자격 소지자는 체류자격변경 불가 최근 5년 이내 출입국관리법 등 위반으로 200만원 이상의 벌금형 또는 통고처분, 강제퇴거 또는 출국명령 처분을 받은 사실이 있는 자는 사증(사증발급인정서)발급 제한 정부기관·지방자치단체 초청 장학생은 부모 동반 사증 발급 불가(원칙) 유학생의 유학경비를 부모의 체류비용 및 재정능력 심사자료로 중복 사용 불가",,,체류기간 2년 이내 허가(외국인유학생 체류기간 범위 내),,,,,
228,high,document_like_row_outside_required_documents,공통/필수/기타서류 버킷 재분류,F-1,방문동거,stay_status_rule,F-1-D 디지털노마드(워케이션) 비자,체류자격 변경,요건,F-1-D,"단기체류자격(B-1, B-2, C-3)으로 국내 체류 중인 외국인",해외 사업체 소유자 또는 해외 기업에 소속된 외국인으로서 원격근무가 가능한 자 중 1년 이상 동일 업종에 근무한 자 및 그 가족,,"- 사증발급신청서(별지 제17호 서식), 여권, 표준규격사진 1매, 수수료","- 재직증명서(동일 업종에 1년 이상 종사 입증 필요) - 급여명세서, 잔고증명 등 소득 증빙 서류 - 범죄경력증명서, 의료보험 가입 증명서 - 가족관계 입증서류(가족 동반시) - 기타 출입국관서의 장이 심사에 필요하다고 인정하는 서류",,"대상: 해외 사업체 소유자 또는 해외 기업 소속 외국인으로 원격근무 가능, 1년 이상 동일 업종 근무 연령: 만 18세 이상(동반가족 자녀는 예외) 소득: 한국은행 고시 전년도 1인당 국민총소득(GNI)의 2배 이상",,,,,,,,,,
230,high,document_like_row_outside_required_documents,공통/필수/기타서류 버킷 재분류,F-1,방문동거,stay_status_rule,F-1-5 결혼이민자의 부모 등 가족,체류기간 연장,요건,F-1-5,자녀 양육지원 목적 또는 인도적 사정(중증질환·중증장애)으로 결혼이민자의 부모 등 가족(F-1-5) 사증을 발급받고 입국한 결혼이민자의 본국 가족,,,"- 통합신청서, 여권, 체류지 입증서류, 표준규격 사진, 수수료 - 비취업서약서(외국인등록 및 최초 체류기간 연장 시)","- 국내 가족관계 증명서류: 초청인의 기본증명서, 가족관계증명서, 혼인관계증명서, 주민등록표(등본), 자녀명의 가족관계증명서(임신한 경우 임신진단서 또는 산모수첩) - 자녀가 2명 이상일 경우에는 모든 자녀의 가족관계증명서 제출 - 자녀가 양자의 경우 초청인의 입양관계증명서 추가 제출 - 자녀가 친양자의 경우 친양자입양관계증명서 추가 제출(체류기간 연장 시) - 자녀가 취학연령인 경우 재학증명서(체류기간 연장 시) - 중증 질환·장애 증명서류: 중증질환(중증난치질환) 또는 산정특례 사실이 기재된 진료비 영수증 등, 장애인증명서 등(인도적 사정의 경우)",,,,취학의무 불이행 시 연장 제한: 자녀가 취학연령에 해당하지만 초청인이 취학의무를 이행하지 않을 경우 체류기간 연장허가 제한,,,최초 체류기간 연장(자녀 양육지원): 입국일로부터 1년 범위 내 자녀가 만 10세가 되는 해의 3월말까지 한부모 가족·다자녀 가족 특례: 자녀가 만 13세가 되는 해의 3월말까지 체류기간 연장(자녀 양육지원): 입국일로부터 3년 범위 내 자녀가 만 10세(특례 13세)가 되는 해의 3월말까지 최대 1년씩 인도적 사정: 입국일로부터 1년 범위 내(최초)/3년 범위 내(연장) 인도적 사정이 지속될 때까지 장애인증명서의 종합 장애 정도란에 중증장애 또는 장애 정도가 심한 장애로 기재되어 있을 경우 중증장애로 인정,,,,,
233,high,score_like_row_outside_score_table,점수표/배점 행인지 확인,F-2,거주,stay_status_rule,F-2 거주 / 활동범위 및 해당자,체류자격 변경,대상,,영주자격을 부여받기 위하여 국내 장기체류하려는 자,"가. 국민의 미성년 외국인 자녀 또는 영주(F-5) 체류자격을 가지고 있는 사람의 배우자 및 그의 미성년 자녀 나. 국민과 혼인관계(사실상의 혼인관계 포함)에서 출생한 사람으로서 법무부장관이 인정하는 사람 다. 난민의 인정을 받은 사람 라. 외국인투자 촉진법에 따른 외국투자가 등 (50만 달러 이상 투자한 외국인으로서 D-8 자격으로 3년 이상 계속 체류, 50만 달러 이상 투자한 외국법인이 국내 외국인투자기업에 파견한 임직원으로 3년 이상 계속 체류, 30만 달러 이상 투자한 외국인으로서 2명 이상의 국민을 고용) 마. 영주(F-5)자격을 상실한 사람 중 국내 생활관계의 권익보호 등을 고려하여 법무부장관이 인정하는 사람(강제퇴거된 사람 제외) 바. 외교(A-1)부터 협정(A-3)까지의 체류자격 외의 체류자격으로 대한민국에 5년 이상 계속 체류하여 생활 근거지가 국내에 있는 사람으로 법무부장관이 인정하는 사람 아. 국가공무원법 또는 지방공무원법에 따라 공무원으로 임용된 사람 자. 나이, 학력, 소득 등이 법무부장관이 정하여 고시하는 기준에 해당하는 사람(점수제 우수인재) 차. 투자지역, 투자대상, 투자금액 등 법무부장관이 정하여 고시하는 기준에 따라 부동산 등 자산에 투자한 사람(관광·휴양시설 투자) 카. 법무부장관이 대한민국에 특별한 기여를 했거나 공익의 증진에 이바지했다고 인정하는 사람 타. 자목부터 카목까지의 규정에 해당하는 사람의 배우자 및 자녀 파. 국가균형발전 특별법에 따른 인구감소지역 등에서의 인력 수급과 지역 활력 회복을 지원하기 위해 법무부장관이 고시하는 기준에 해당하는 사람",,,,,,,,,,1회 부여 체류기간 상한 5년,,,,,
235,high,score_like_row_outside_score_table,점수표/배점 행인지 확인,F-2,거주,stay_status_rule,F-2-7 점수제 우수인재 / 동반가족 취업,체류자격외 활동허가,제한,F-2-7,점수이민제 우수인재(F-2-7)의 동반가족,,,,,,우수인재 비자 소지자가 연간 소득요건을 충족하는 경우 동반가족도 거주가족(F-2-71)을 받은 후 취업 가능(시행령 23조 제2항에 규정된 취업활동에 한함),,"소득요건 미충족 시 동반가족은 방문동거(F-1) 자격으로 체류 가능하나 취업 및 영리활동 금지 취업제한 분야 또는 국내 노동시장·사회경제질서에 부정적 영향을 미칠 수 있는 직종에 취업한 경우, 체류기간 연장 제한 또는 체류허가 취소 가능","외국어회화강사(E-2), 외국인학교교사(E-7), 국가기관·공공단체 교열요원(E-7) 요건을 갖춘 경우 사전에 체류자격외 활동허가를 받아 취업 가능",,,,,,,
237,high,document_like_row_outside_required_documents,공통/필수/기타서류 버킷 재분류,F-2,거주,stay_status_rule,F-2-2 국민의 미성년 외국인자녀,체류자격 변경,요건,F-2-2,국민의 미성년 외국인자녀 또는 국민과의 혼인관계(사실상의 혼인관계 포함)에서 출생한 자녀,,,,"- 신청서(별지 34호 서식), 여권, 표준규격사진 1매, 수수료 - 대한민국 국민과 해당 미성년자와의 관계 및 양육권 보유관계를 입증할 수 있는 서류(이혼판결문 등) - 양육권 보유관계를 입증할 수 없을 때에는 친권자 또는 후견인의 동의서 - 국민의 외국인 자녀임을 입증할 수 있는 서류(출생증명서, 호구부 등) - 자녀의 호구부 및 거민신분증 - 부모의 기본증명서, 가족관계증명서, 주민등록등본 - 신원보증서(양육권을 가진 부 또는 모)",,,,재외동포(F-4) 자격부여 제한 대상자는 제외 병역 이행 또는 면제처분을 받지 않은 상태에서 대한민국 국적을 이탈 또는 상실하여 외국인이 된 남성에 대해 40세 되는 해의 12월 31일까지 거주(F-2-2)자격 부여 제한,기존 방문동거(F-1-1)자격으로 체류하는 국민의 미성년 외국인 자녀에 대해서는 확인즉시 수수료 없이 거주(F-2-2)자격 변경,,,,,,,
238,high,document_like_row_outside_required_documents,공통/필수/기타서류 버킷 재분류,F-2,거주,stay_status_rule,F-2-3 영주자격 배우자 및 미성년 자녀,체류자격 변경,요건,F-2-3,영주(F-5) 자격 소지자의 배우자 및 미성년 자녀,,,,"- 신청서(별지 34호 서식), 여권, 표준규격사진 1매, 수수료 - 국내 배우자의 신원보증서 - 초청장 - 혼인배경 진술서 - 양국간 혼인관계 입증서류(결혼증명서, 가족관계 기록에 관한 증명서) - 재정(소득) 입증관련 서류(재직증명서, 부동산 등기부등본, 예금잔고증명서 등) - 교제경위서, 신용정보조회서(전국은행연합회 발행) - 국적국 또는 거주국의 관할 기관이 발급한 혼인당사자 쌍방의 범죄경력에 관한 증명서 - 혼인당사자 쌍방의 건강진단서 - 과거 혼인기록이 있는 경우 혼인 해소 여부를 입증할 수 있는 서류(이혼증 등) - 미성년 자녀의 경우 가족관계 입증 서류(출생증명서, 결혼증명서, 호구부 등)",,,,,"영주(F-5)자격 소지자 본인이 영주자격 변경 시 범죄경력증명서를 이미 제출한 경우 본인에 한해 제출 생략 가능 (단, 영주자격 변경 후 해외에서 6개월 이상 체류한 경우 제출 필요)",,,,,,,
239,high,document_like_row_outside_required_documents,공통/필수/기타서류 버킷 재분류,F-2,거주,stay_status_rule,F-2-5 고액투자자,체류자격 변경,요건,F-2-5,외국인투자촉진법에 따른 외국인투자가,미화 50만 달러 이상을 투자한 외국인으로서 기업투자(D-8) 체류자격으로 3년 이상 계속 체류하고 있는 사람 미화 50만 달러 이상을 투자한 외국법인이 외국인투자촉진법에 따른 국내 외국인투자기업에 파견한 임직원으로서 3년 이상 계속 체류 미화 30만 달러 이상을 투자하여 2명 이상의 국민을 고용하고 있는 사람,,,"- 신청서(별지 34호 서식), 여권 및 외국인등록증, 수수료 - 투자기업등록증 사본(50만 달러 이상 투자한 외국인) - 파견명령서 또는 재직증명서 또는 소득금액증명원(3년간)(파견 임직원의 경우) - 외국인 투자신고서 또는 투자기업등록증 사본, 피고용인 고용계약서 또는 소득금액증명원(30만 달러 이상 투자한 외국인)",,,,,,,,,,,,
242,high,document_like_row_outside_required_documents,공통/필수/기타서류 버킷 재분류,F-2,거주,stay_status_rule,F-2-8/F-2-81 관광·휴양시설 투자,체류자격 변경,요건,F-2-8,"관광·휴양시설 투자이민제도에 따라 기준금액 이상 투자한 외국인 또는 법인의 현직임원, 주주와 그 배우자, 미혼자녀","투자대상 체류시설에 기준금액 이상 본인의 자금으로 투자한 외국인 또는 법인의 현직임원, 주주와 그 배우자, 미혼자녀: 거주(F-2) 대상자 투자시설에 계약금과 중도금으로 미화 10만불 이상 또는 1억원 이상을 본인의 자금으로 투자한 외국인: 방문동거(F-1) 대상자",,,"- 신청서(별지 34호 서식), 여권, 외국인등록증(해당자), 표준규격사진 1매, 수수료 - 부동산 매매계약서, 부동산 등기부등본(F-2 대상자에 한함) - 분양회사 발행 회원증서·회원확인서·입금영수증(회원의 경우) - 미분양주택 공실 확인서, 해당주택 전입세대 열람내역(미분양주택 투자자) - 외환반입 관련 입증서류(국내 외국환은행 발급 외화송금 전신문, 외국환매입증명서 등) - 가족관계 증명서(배우자·미혼 자녀의 경우) - 국적국 또는 거주국의 해외범죄경력증명서(신청일 6개월 이내 발급)",,"본인의 해외 자본을 본인 명의로 송금, 수령하여 투자하여야 함 국내에서 합법적으로 형성한 소득 또는 국내 자산을 매각하여 투자한 경우 예외적으로 인정(불법체류 중 형성된 국내 소득과 자산은 불인정) 투자시설이 임대·담보·압류 등을 하지 않아야 하며, 수익활동에 활용하지 않아야 함",사전심사 후 6개월 이내에 국내 외국환은행을 통해 투자금 반입,"국내법 위반 결격사유에 해당하지 않아야 함(금고 이상 실형 종료 5년 미경과, 집행유예 5년 미경과, 300만원 이상 벌금형 3년 미경과, 강제퇴거 7년 미경과, 출국명령 5년 미경과, 출입국관리법 위반 범칙금 등)",,,"투자대상 지역: 강원 정동진, 전남 화양지구, 강원 평창 알펜시아, 인천경제자유구역, 제주특별자치도, 전남 여수경도, 부산 해운대관광리조트·동부산관광단지 투자금액: 지역별 5억~10억 원 이상",,,,,
243,high,document_like_row_outside_required_documents,공통/필수/기타서류 버킷 재분류,F-2,거주,stay_status_rule,F-2-12/13/14 공익사업투자,체류자격 변경,요건,F-2-12,"법무부장관이 정한 공익사업 투자대상에 기준금액 이상 투자한 외국인 또는 법인의 임원, 주주와 그 동반가족",,,,"- 신청서(별지 제34호 서식), 여권사본, 사진, 수수료 - 투자금 납입 증명 서류(투자유치기관 장의 직인이 날인된 투자확인서, 계좌이체 내역서 등) - 외화반입 관련 입증서류(공익투자 전담은행 발행 외화송금 전신문, 외국환매입증명서 등) - 가족관계 증명서(배우자·미혼 자녀의 송금 또는 자격변경 신청에 한함) - 국외에서 해당 투자자 명의로 법인에 투자금 송금·지불 입증 서류(법인 통한 간접투자의 경우) - 투자한 법인의 현직 임원 또는 과점주주 입증 서류 - 국적국 또는 거주국의 해외범죄경력증명서(신청일 6개월 이내 발급)",,"일반투자이민 15억원 이상, 고액투자이민 30억원 이상(원금보장·무이자형) 관광·휴양시설 투자이민제도와 연계: 합산액이 공익사업 투자기준금액 이상이면 인정(한국산업은행 예치금 최소 500만원 이상)",사전심사 후 6개월 이내에 공익투자 전담은행을 통해 투자금 반입,,거주를 하지 않고 수시 방문을 희망하는 경우 3년 유효한 복수사증(C-3) 발급,,원금보장·무이자형: 한국산업은행 운용 공익펀드 예치 손익발생형: 법무부장관이 지정·고시하는 지역개발사업(관광 중심 기업도시) 출자,,,,,
244,high,document_like_row_outside_required_documents; score_like_row_outside_score_table,공통/필수/기타서류 버킷 재분류; 점수표/배점 행인지 확인,F-2,거주,stay_status_rule,F-2-16 특별기여자,체류자격 변경,요건,F-2-16,법무부장관이 대한민국에 특별한 기여를 했거나 공익의 증진에 이바지 했다고 인정하는 자 및 그 배우자·자녀,"국가의 독립 및 발전 기여(훈·포장, 5년 이상 위원 위촉 등) 국제관계 개선 및 국제지위 향상 기여(외교사절, 국제기구 직책, 재외공관 5년 이상, 국제교류 증진) 사회·복지·고용 분야 기여(사회·복지 분야 3년 이상 봉사활동) 국가의 안전 및 사회질서 기여(국가기밀·첨단산업정보 유출·테러 정보 제공, 국제범죄조직 검거 공헌) 기타 분야 기여(범죄·재해·재난·사고로부터 국민의 생명 및 재산보호 기여)",,"- 신청서, 여권, 사진, 수수료, 체류지 입증서류, 해외범죄경력서","- 기본소양 입증서류 - 특별 기여 입증서류(훈·포장 증서, 추천서, 그 외 증빙 서류 등) - 기타 심사에 필요하다고 인정하는 서류(가족관계 입증서류 등)",,"품행 요건: 금고 이상 형 종료 5년 경과, 벌금형 3년 경과 등 한국어와 한국문화에 대한 기본소양 요건: 국내 3년 이상 체류, 사회통합프로그램 2단계 이상 교육 이수, 사회통합프로그램 사전평가 41점 이상, 초·중·고등학교 졸업, 대학·대학원 졸업, 검정고시 합격 중 하나 이상",,,"기본소양 요건 적용 제외: 신청 당시 민법상 미성년자 해당 요건을 갖추지 못한 경우 다음 체류기간연장 시까지 요건 충족하여야 함을 안내, 확인서 제출 후 자격변경 및 체류기간 1년 이내 연장 허가",,,,,,,
245,high,document_like_row_outside_required_documents; score_like_row_outside_score_table,공통/필수/기타서류 버킷 재분류; 점수표/배점 행인지 확인,F-2,거주,stay_status_rule,F-2-99 기타 장기체류자,체류자격 변경,요건,F-2-99,외교(A-1)부터 협정(A-3)까지의 체류자격 외의 체류자격으로 대한민국에 5년 이상 계속 체류하여 생활 근거지가 국내에 있는 사람,"문화예술(D-1), 취재(D-5), 종교(D-6), 주재(D-7), 기업투자(D-8, 투자금액 1억원 이상), 무역경영(D-9), 예술흥행(E-6-1, 3), 교수(E-1), 회화지도(E-2), 연구(E-3), 기술지도(E-4), 전문직업(E-5), 특정활동(E-7), 방문동거(F-1, 국내 출생 대만화교에 한함), 동반(F-3-18, 기타 장기 체류자의 배우자 또는 미성년 자녀)",,,"- 여권, 사진 1매, 수수료, 신청서 및 신청사유서 - 해외범죄경력증명서 - 생계유지 능력 입증서류(자산: 예금잔고증명, 부동산임대차계약서, 부동산등기부등본 등 / 소득: 소득금액증명원 등) - 경제활동 지속 입증서류(취업자: 고용계약서, 재직증명서, 사업자등록증 / 사업자: 법인등기사항전부증명서, 투자기업등록증 등) - 한국어와 한국문화에 대한 기본소양 입증서류 - 부동산 임대차 계약서 등 체류지(주거지) 입증서류",,"국내 체류기간: 자격변경 대상 체류자격으로 대한민국에 5년 이상 계속 체류 (91일 이상 해외출국 기간, 완전출국 30일 초과 기간, 불법체류·불법취업 기간 등은 제외) 체류지(주소지) 요건: 사회통념상 정상적으로 장기 거주가 가능한 체류지 확보 (고시원·모텔 등은 억제) 품행단정요건: 금고 이상 형 5년 미경과, 출입국관리법 3회 이상 위반 통고처분 500만원 이상, 300만원 이상 벌금형 3년 미경과, 허위서류 제출 등 결격사유 없을 것 생계유지 능력: 자산 2,000만원 이상, 전년도 연간소득 4,000만원 이상, 경제활동 지속 한국어와 한국문화 기본소양: 사회통합프로그램 4단계 이상 이수, 사전평가 81점 이상, 초·중·고 졸업, 대학·대학원 졸업, 검정고시 합격 중 하나",준법시민교육 시행 (국내법 위반 사실이 확인된 자),"단기 사증, 기타(G-1), 관광취업(H-1), 불법체류자, 출국을 위한 체류기간연장 또는 출국기한유예 중인 자는 체류자격 변경 억제","생계유지능력 심사 면제: 국내 출생 대만 화교, 국내 10년 이상 체류 중인 종교(D-6) 자격자로서 중앙행정기관 또는 지방자치단체 장의 추천을 받은 자 기본소양 요건 심사 면제: 과거 한국어능력 입증서류 제출자(사회통합프로그램 4단계 이상 준하는 한국어능력 입증), 국내 출생 대만 화교 또는 대한민국 국민이었던 자",,시행일 '25.7.7. 적용,,,,,
246,high,document_like_row_outside_required_documents,공통/필수/기타서류 버킷 재분류,F-2,거주,stay_status_rule,F-2 공무원 임용자,체류자격 변경,요건,,국가공무원법 또는 지방공무원법에 따라 공무원으로 임용된 사람으로서 법무부장관이 인정하는 사람,,,,"- 신청서(별지 34호 서식), 여권, 외국인등록증(해당자), 표준규격사진 1매, 수수료 - 공무원증 또는 공무원 임용예정 확인서 - 신원보증서",,,,,,,,,,,,
247,high,document_like_row_outside_required_documents,공통/필수/기타서류 버킷 재분류,F-2,거주,stay_status_rule,F-6-2 → F-2 자녀성년 자녀양육자,체류자격 변경,요건,,국민과의 혼인관계 단절 후 한국인 배우자와 사이에 출생한 자녀를 성년이 될 때까지 국내에서 양육한 외국인 부 또는 모,"신청자의 체류자격: 신청일 현재 자녀양육(F-6-2) 자격으로 적법하게 체류 국내 계속 체류기간: 국민의 배우자(F-6-1), 자녀양육(F-6-2), 혼인단절(F-6-3) 자격으로 5년 이상 계속하여 국내체류 국내 생활기반: 신청인(자녀양육자)과 자녀 모두 신청일 기준 5년 이내 해외에서 체류한 기간이 국내에서 체류한 기간을 초과하지 않아야 함 자녀양육: 자녀와 동거하며 실제 자녀를 양육",,"- 여권, 표준규격 사진, 수수료, 통합신청서, 체류지 입증서류","- 자녀양육 관련: 자녀명의 주민등록표, 자녀양육에 지출된 비용 확인 서류 등 - 생계유지능력: 소득금액증명, 객관적 증빙서류(급여내역, 매출·비용 관련 서류 등) - 기본소양: 사회통합프로그램 교육확인서, 한국어와 한국문화시험 합격증(KLCT) 등",,"자격변경 신청 시기: 자녀가 민법상 성년이 되기 4개월 전부터 자녀양육(F-6-2) 자격 체류기간 만료일까지 국내 정주 기본 요건: 품행단정, 생계유지능력(기준 중위소득의 40%), 기본소양(사회통합프로그램 4단계 이상 교육 이수)",,,신청인과 자녀 중 중증질환 또는 중증장애가 있는 경우 생계유지능력 요건 면제 최초 시행일(2021.01.28.) 이전 자녀 성년 도래로 신청할 수 없었던 사람은 2022.01.27.까지 체류허가 신청 허용,,,,,,,
249,high,document_like_row_outside_required_documents; score_like_row_outside_score_table,공통/필수/기타서류 버킷 재분류; 점수표/배점 행인지 확인,F-2,거주,stay_status_rule,F-2-7 점수제 우수인재 / 체류기간 연장 차등,체류기간 연장,요건,F-2-7,"점수제 우수인재 체류자격 외국인(F-2-7, F-2-7S) 및 그 배우자·미성년 자녀(F-2-71, F-1-12)",,,,,,결격사유에 해당하지 않을 것 점수표 상 배점의 합산 점수가 80점 이상인 외국인 중 합산 점수 또는 연간소득 점수 중 신청인에게 유리한 점수를 적용하여 체류기간 차등 부여 합산점수 130점 이상 또는 연간소득 50점 이상: 5년 합산점수 120-129점 또는 연간소득 45점 이상: 3년 합산점수 110-119점 또는 연간소득 40점 이상: 2년 합산점수 80-109점 또는 연간소득 30점 이하: 1년,,신청일 이전 3년 이내 취업 제한 분야에 취업하였을 경우 체류허가 불허(취소) 신청일 이전 6개월 이내 국내 노동시장·사회경제질서에 부정적 영향을 미칠 수 있는 직종에 취업한 경우 사안에 따라 허가,"유예기간: 취득 점수가 80점 미만이라도 현재 취업 중인 자로 최저임금 이상 급여 받는 경우 1년 연장 유예 실직 또는 최저임금 이하 소득 제출 시: 각서 징구 후 6개월씩 2회 체류기간 연장 허가, 3회째 미달 시 구직(D-10, 최대 1년)으로 자격변경 허용 임신, 출산, 육아휴직 등으로 소득요건 미충족 시 체류만료일로부터 1년 연장 유예 한국전 참전 우수인재: 20점 가점, 동반가족도 F-2-71 잠재적 우수인재(F-2-7S): 5년 상장법인·유망산업 종사 예정자, 유학인재 등 취업예정자로 고용계약서 제출 시 1년",,,,점수제 평가표에 따른 체류기간 차등 부여 (5년/3년/2년/1년),,,
255,high,document_like_row_outside_required_documents,공통/필수/기타서류 버킷 재분류,F-3,동반,stay_status_rule,F-3 동반 / 체류자격 변경허가,체류자격 변경,요건,,국내 입국 후 임신·출산·양육·질병 등 사정변경으로 인도적 고려가 필요한 자,"사증면제(B-1), 관광통과(B-2) 및 단기사증으로 입국한 자 국내 합법 장기체류 외국인",,,"- 신청서(별지 34호 서식), 여권, 표준규격사진 1매, 수수료 - 가족관계 입증서류(결혼 또는 출생증명서 등) - 체류경비 등 재정능력 입증서류 - 체류지 입증서류 - 신원보증서 - 체류자격 변경 사유서 및 관련 증빙 서류 - 주자격자(배우자 또는 부모)의 외국인등록증",,,,,,,,,,,,
260,high,exception_without_exceptions,item_type/subsection_type과 실제 채움 필드가 맞는지 확인,F-5,영주,exception,F-5 영주 / 코로나19 영주자격 상실자 구제,체류자격 변경,예외,,"코로나19로 인해 재입국허가(면제) 기간이 도과되어 영주자격이 상실된 사람으로, 영주자격 상실기간이 2020.1.1.~2021.12.27.인 자",,,,"재외공관 사증발급 단계: 여권 사본, 사증발급 신청서, 신분증 사본, 영주권 상실 사유서 국내 자격변경 단계: 신청서, 여권 사본, 표준규격사진, 자격변경 및 영주증 발급 수수료, 해외범죄경력증명서, 결핵검진확인서(결핵 고위험국가에 한함), 체류지 확인 서류 등",,"재외공관에서 단기일반(C-3-1, 090) 사증을 발급받아 국내 입국 후 관할 출입국·외국인관서에서 영주 자격변경 신청 품행단정 요건은 심사, 생계유지 및 기본소양 요건은 심사 면제",재외공관에서 사증발급 → 국내 입국 → 출입국·외국인관서에서 자격변경,2022.12.31.까지 국내 입국 + 자격변경 신청을 완료해야 함 (사증만 발급받고 신청하지 않으면 대상 아님),,,,,,,,
264,high,document_like_row_outside_required_documents,공통/필수/기타서류 버킷 재분류,F-6,결혼이민,stay_status_rule,F-6-2 자녀 양육자 / 체류자격 변경허가,체류자격 변경,요건,F-6-2,"결혼이민(F-6) 이외의 체류자격으로 체류 중인 외국인으로, 국민과 혼인관계(사실혼 포함)에서 출생한 미성년 자녀를 국내에서 양육하고 있는 부 또는 모",,,,"- 신청서(별지 제34호 서식), 여권, 외국인등록증(해당자), 표준규격사진 1매, 수수료 - 자녀가 국민인 경우 자녀 명의의 기본증명서·가족관계증명서 - 가족(친자)관계 입증서류 (출생증명서, 유전자검사 확인 서류) - 자녀양육 입증서류 (판결문 등 양육권 관련, 자녀 등재 주민등록등본, 5촌 이내 한국인 친척이나 통(반)장 확인서 등) - 혼인단절자(이혼·사망·실종 등)의 경우 사유 입증서류 (해당자에 한함) - 범죄경력증명서 및 건강진단서 (旣제출자로서 해외에서 6개월 이상 연속체류 사실이 없는 자는 면제) - 그 밖에 심사에 필요한 서류",,,,,,,체류허가기간 1년,,,,,
265,high,document_like_row_outside_required_documents,공통/필수/기타서류 버킷 재분류,F-6,결혼이민,stay_status_rule,F-6-3 혼인단절자 / 체류자격 변경허가,체류자격 변경,요건,F-6-3,"결혼이민(F-6) 이외 자격으로 체류 중인 사람으로, 국민과 정상적인 혼인생활을 유지하면서 국내 체류 중 한국인 배우자의 사망·실종, 그 밖에 자신에게 책임없는 사유로 혼인이 단절된 사람","아래 모든 요건을 갖춰야 함: ① 결혼이민(F-6) 이외 자격으로 체류 중 ② 국민과 정상적인 혼인생활을 유지하면서 국내 체류 중 배우자의 사망·실종, 그 밖에 자신에게 책임없는 사유로 혼인 단절",,,"공통: 신청서(별지 제34호 서식), 여권, 외국인등록증, 표준규격사진 1매, 수수료, 범죄경력증명서 및 건강진단서(旣제출자 + 해외 6개월 미만은 면제) 사망: 배우자 사망 입증서류(사망진단서, 배우자의 사망사실이 기재된 기본증명서 등), 가족관계 입증서류(혼인관계증명서 등) 이혼: 이혼사실이 기재된 혼인관계증명서, 이혼 관련 소송서류(소장, 이혼 판결문 등), 귀책사유 입증자료(가출신고서, 폭행 병원 진단서, 검찰 불기소결정문, 여성관련 단체 확인서, 국민 배우자의 4촌 이내 친척의 확인서 등) 실종: 실종사실 증명서류(실종선고심판서), 가족관계 입증서류",,,,"제한 대상(단기체류자, 형사범(단순 벌금형 제외), 출국을 위한 체류기간 연장허가를 받은 사람) 및 제한 대상이었으나 기타(G-1) 자격 체류허가를 받은 사람은 제외 신청 당시 국민의 배우자 자격(F-6-1)으로 체류 중인 경우는 체류기간 연장허가 대상",,,체류허가기간 1년,,,,,
266,high,document_like_row_outside_required_documents,공통/필수/기타서류 버킷 재분류,F-6,결혼이민,stay_status_rule,F-6 결혼이민 / 체류자격 부여,체류자격 부여,대상,,,국내 체류 중 대한민국 국적을 상실한 사람으로 체류목적이 결혼이민에 해당하는 사람 주한미군 현지 제대자로 체류목적이 결혼이민에 해당하는 사람,,,,,"법 제23조에 따라 대한민국에서 출생한 외국인은 출생일로부터 90일 이내에, 체류 중 국적을 상실·이탈한 외국인은 그 사유 발생일로부터 30일 이내에 체류자격을 받아야 함",제출서류 및 체류허가 기간은 체류자격 변경허가에 준함,,,,,,,,,
268,high,document_like_row_outside_required_documents,공통/필수/기타서류 버킷 재분류,G-1,기타,stay_status_rule,G-1 기타 / 난민신청자 체류자격외 활동허가,체류자격외 활동허가,요건,G-1-5,"난민인정 신청을 한 후 6개월이 경과한 자 (입증자료 제출 지연, 소재 불명, 보호 등 신청자 귀책 사유 기간은 6개월에 산입 안 함) 난민인정 신청자 중 장애 등으로 근로능력 없는 피부양자를 부양하거나 이에 준하는 사유로 청장 등이 특별히 필요하다고 인정하는 자",,,,"- 신청서(별지 제34호 서식), 여권, 외국인등록증 - 고용계약서 - 사업자등록증 사본 등 사업장 관련 서류 - 수수료 (일반 체류외국인과 동일)",,"취업제한 업종 제외한 단순노무 업무만 허용 취업제한 업종: 건설업(복합업종은 건설업 외 가능), 사행행위 영업, 단란·유흥주점 유흥접객원, 풍속영업 중 선량한 풍속에 반하는 업종, 개인과외 교습, 기타 법무부장관 제한 분야 외국어 회화강사(E-2) 등 전문분야 취업은 일반 체류외국인과 동일한 절차로 진행",,난민신청자가 취업제한 업종에 불법취업하는 경우 일반 체류외국인에 준하여 사범처리,,,난민신청자: 체류기간 범위 내에서 체류허가기간까지 인도적 체류허가자: 체류기간 범위 내에서 체류허가기간까지,,,,,
271,high,document_like_row_outside_required_documents,공통/필수/기타서류 버킷 재분류,G-1,기타,stay_status_rule,G-1-10 외국인환자 / 체류자격 변경허가,체류자격 변경,요건,G-1-10,"B-1, B-2, C-3(C-3-3 포함) 자격으로 입국한 후 의료기관 검진 등에 의해 장기치료 또는 요양이 필요한 것으로 인정되는 사람 장기체류가 필요한 환자와 동반 필요성이 인정되는 배우자 등 동반가족 및 간병인",,,,"- 신청서(별지 제34호 서식), 여권, 표준규격사진 1매, 수수료 - 의료기관에서 발행한 소견서 등 장기 치료의 필요성을 입증할 수 있는 서류 - 치료 및 체류 비용 조달 능력을 입증할 수 있는 서류 (유치 기관 또는 신원보증인이 보증 시 제출 생략) - 가족관계 및 간병인 입증서류",,,,,,,G-1-10 / 체류기간 1년 이내 범위,,,,,
275,high,document_like_row_outside_required_documents,공통/필수/기타서류 버킷 재분류,C-3,단기방문,stay_status_rule,동포방문(C-3-8) 사증 발급 절차,사증발급,대상,C-3-8,모국을 방문하고자 하는 외국국적동포,재외동포의 출입국과 법적 지위에 관한 법률 제2조제2호에 해당하는 외국국적동포,,,"- 사증발급신청서(별지 제17호 서식), 여권 및 사본, 표준규격사진 1매, 수수료 - 외국국적동포임을 입증하는 국적국의 공적서류",,,,"특정강력범죄(제1항 제1~6호), 마약, 보이스피싱, 상습음주운전(3회 이상)으로 형을 선고받은 사실이 있는 사람 및 기타 범죄로 금고 이상의 형을 선고받은 사실이 있는 사람은 입국규제 여부에 관계없이 실질심사를 통해 사증발급 제한 가능 단기방문(C-3) 자격으로 취업활동 불가",,,"5년 유효한 동포방문(C-3-8, 090일) 복수사증",,,,,
278,high,document_like_row_outside_required_documents,공통/필수/기타서류 버킷 재분류,F-4,재외동포,stay_status_rule,재외동포(F-4) 자격부여 / 기본대상,체류자격 변경,대상,,,출생에 의하여 대한민국의 국적을 보유하였던 사람(대한민국정부 수립 전에 국외로 이주한 동포 포함)으로서 외국국적을 취득한 사람 (F-4-41) 위에 해당하는 사람의 직계비속으로서 외국국적을 취득한 사람 (F-4-42),,"한국어능력 입증서류 (별첨 2 제출기준) 해외 범죄경력증명서 (별첨 1 제출기준) 가족관계기록사항에 관한 증명서, 제적등본, 호구부, 거민증, 출생증명서 등 외국국적동포 입증 서류","F-4-41: 본인이 대한민국 국민이었던 사실 증명 서류(가족관계기록사항 증명서, 제적등본, 폐쇄등록부 등), 외국국적을 취득한 원인 및 연월일 증명 서류 F-4-42: 직계존속이 대한민국 국민이었던 사실 증명 서류, 본인과 직계존속의 외국국적 취득원인 및 연월일 증명 서류, 직계존비속 관계임을 증명하는 서류(출생증명서 등)",,,,18.5.1. 개정 재외동포법 시행으로 18.5.1. 이후 최초로 대한민국 국적을 이탈했거나 국적을 상실한 남성은 병역이행 또는 면제처분이 없으면 40세 되는 해 12월 31일까지 재외동포(F-4) 자격 부여 제한,,,,,,,,
280,high,document_like_row_outside_required_documents,공통/필수/기타서류 버킷 재분류,F-4,재외동포,stay_status_rule,재외동포(F-4) / 체류자격 외 활동허가,체류자격외 활동허가,요건,,방문취업(H-2)으로 체류하며 취업개시 신고를 한 사실이 있는 동포가 재외동포(F-4)로 변경 후 같은 사업장에서 계속하여 일하려는 경우,,,,"- 재외동포 통합신청서(별지 제1호서식), 여권 및 사본, 거소신고증 - 단순노무 업종 취업사실을 입증할 수 있는 공적서류(건강보험 가입내역, 소득금액증명원 등; 출입국관리정보시스템(ICRM)으로 확인되는 경우 제출 면제) - 근로계약서, 사업자등록증, 수수료",,,,"재외동포(F-4)는 단순노무행위, 사행행위 등 선량한 풍속·사회질서에 반하는 행위, 기타 공공의 이익이나 국내 취업질서 유지를 위해 제한이 필요한 분야 취업 불가 국내법령에 의해 일정한 자격을 요하는 경우 그 자격을 갖춰야 함",,,1회 부여 기간은 재외동포(F-4) 자격의 체류기간 범위 내에서 근로계약 기간에 따라 부여,,,,,
281,high,score_like_row_outside_score_table,점수표/배점 행인지 확인,F-5,영주,stay_status_rule,외국국적동포 영주(F-5) / 기본요건,체류자격 변경,요건,,외국국적동포로서 영주(F-5)자격을 신청하는 사람,,,,,,"공통 기본요건 (모두 충족해야 함): 1. 본인 또는 동반가족이 생계를 유지할 능력이 있을 것 - 소득 주체: 신청인, 배우자(사실혼 제외), 자녀, 부모(배우자 부모 제외) 중 생계를 같이 하는 사람 - 신청자 본인 소득·자산이 기준액의 50% 이상 (미성년 자녀 양육자/미성년 자녀 제외) - 소득 산정기간: 신청일이 속하는 연도의 이전 1년 - 인정 소득: 종합소득 중 소득세를 납부한 것, 자산은 소득세를 납부한 경우만 인정 - 연간소득 심사 기준: 신청일 기준 전년도 1인당 국민총소득(GNI) 이상 - 자산 기준: 전년도 '가계금융·복지조사' 가구당 평균 순자산 2. 기본 소양: 사회통합프로그램 5단계 이수 또는 영주용·귀화용 종합평가 60점 이상 득점 3. 품행 단정: 출입국관리법 제10조의3, 시행령 12조의2, 시행규칙 18조의4에 따른 품행 단정 요건",,,"생계유지 능력 면제: F-5-6 중 대한민국 기업과 연간 교역실적 20억원 이상자/미화 50만 불 이상 투자자/거주국 정부 공인 동포단체·법인기업체 대표 재외공관장 추천자, F-5-7 중 국적회복·특별귀화 요건 충족자 생계유지 능력 완화: F-5-14는 GNI 70% 이상 인정, 사회통합프로그램 5단계 이수·국내 초중고 졸업·국내 학사 이상 학위 취득자는 GNI 70% 이상 인정, 자원봉사 100시간 이상은 GNI 80% 이상 인정 기본소양 면제: F-5-6, F-5-7 중 국적회복·특별귀화 요건 갖춘 자, F-5-14, 민법상 미성년외국인, 면제 요건 갖춘 자",,,,,,,
283,high,document_like_row_outside_required_documents,공통/필수/기타서류 버킷 재분류,F-4,재외동포,stay_status_rule,재외동포(F-4) / 체류기간 연장 기준,체류기간 연장,기간,,"재외동포(F-4) 자격으로 국내 체류 중 체류허가 신청을 하는 동포 (체류자격 변경, 체류기간 연장 등)",,,,,,한국어능력 입증서류 제출(또는 면제) 여부에 따라 체류기간 부여 기간이 달라짐,,,,,"한국어능력 입증서류 제출(또는 면제) 시: 체류자격 변경, 체류기간 연장 신청 시 최대 체류기간 3년 부여 한국어능력 미제출 시: 거소신고·체류자격 변경·체류기간 연장 신청 시 체류기간 1년 부여 (사회통합프로그램 등록·수강한 경우 2년 부여)",,,,,
295,high,document_like_row_outside_required_documents,공통/필수/기타서류 버킷 재분류,F-2,거주,stay_status_rule,F-2-R 지역특화형 우수인재 / 자격변경,체류자격 변경,대상,F-2-R,국내 합법 체류외국인으로서 인구감소지역 정착을 위해 지역특화형 우수인재(F-2-R)로 자격변경하려는 사람,국내 합법 체류외국인일 것 지자체장의 추천을 받을 것,숙련기능인력(E-7-4)으로 자격변경 후 2년 이상 경과한 사람 중 현 근무처 계속 근무 예정자 또는 고용계약 종료(예정)자(E-7-4로 2년 이상 체류 후 구직 D-10으로 변경한 사람 포함) 지역특화형 숙련기능인력(E-7-4R)으로 자격변경 후 3년 이상 경과하고 인구감소지역에 거주하는 사람(인구감소관심지역 거주자는 인구감소지역으로 이전 시 신청 가능),,,,,,"제외 대상: 기술연수(D-3), 일반연수(D-4), 호텔유흥(E-6-2), 계절근로(E-8), 비전문취업(E-9), 선원취업(E-10), 기타(G-1), 관광취업(H-1) 자격 소지자 구직(D-10) 체류자격자 중 직전 체류자격이 위 제외 자격에 해당하는 사람 단기체류자격을 소지한 「출입국관리법 시행규칙 별표 5 사증발급신청 등 첨부서류에 관한 고시」(법무부고시 제2011-534호) 국가 국민 최근 5년 이내 지역특화형 비자 또는 동반가족 체류자격으로 체류한 적이 있는 사람",,,,,,,,
296,high,document_like_row_outside_required_documents,공통/필수/기타서류 버킷 재분류,F-2,거주,stay_status_rule,F-2-R 지역특화형 우수인재 / 자격변경,체류자격 변경,요건,F-2-R,,,,,,,"1. 추천서: 추천지역을 관할하는 광역지자체의 장의 추천서를 발급받을 것(발급일로부터 3개월간 유효, 1회 신청에 한함, 동일국적 추천비율은 기초지자체별 배정인원의 30% 이내) 2. 학력 또는 소득 - (학력) 국내 전문학사 이상 학위 취득자(2년제 전문대학 이상 졸업/졸업예정자, 유학(D-2) 자격으로 국내 2년 이상 체류 후 학칙으로 정하는 과정 마치고 학위 취득한 경우 한정), 신청일 기준 6개월 이내 졸업 예정 증빙 필요 - (소득) 신청인(본인) 소득만 인정, 신청일 기준 전년도(또는 전전년도) 연간 소득이 추천 광역지자체의 생활임금 이상 - 인정 소득(소득세법 제4조제1항): 이자·배당·사업·근로·연금·기타소득(소득세 납부 분만 인정, 비과세소득은 증빙 검토 후 인정) 3. 거주, 취·창업: 5년 이상 추천지역에서 거주하거나 취업 또는 창업활동을 하고자 할 것 - 근로계약상 급여가 광역지자체별 생활임금 이상 및 최저임금 요건 충족, 신청일 기준 3개월 이내 근로 개시 및 고용계약기간 1년 이상 - 창업: 투자금액 2억원 이상, 1억원은 해외에서 국내로 반입한 외국 자본 4. 기본소양: 사회통합프로그램 4단계 이상 이수(사전평가 5단계) 또는 한국어능력시험(TOPIK) 4급 이상 5. 기타: 품행단정 등 기타 법무부장관이 정하는 요건 충족 동반가족 초청 소득 기준(주거급여 선정기준, 2026년): 5인 3,627,225원/월, 6인 4,106,857원/월, 7인 4,567,272원/월, 8인 5,027,687원/월 (4인 이하는 주 체류자격자 소득요건 충족 시 초청 가능)",,,,,,,,지역특화형 우수인재(F-2-R) 기본 요건(추천서/학력·소득/거주·취창업/기본소양/기타),,
301,high,document_like_row_outside_required_documents,공통/필수/기타서류 버킷 재분류,F-2,거주,stay_status_rule,F-2-R 지역특화형 우수인재 / 체류기간 연장,체류기간 연장,요건,F-2-R,지역우수인재(F-2-R) 체류자격 소지자,,,,,,"1. 소득: 신청인 및 배우자(F-3-1R 체류자격 소지자에 한함) 합산 소득, 신청일 기준 전년도 연간 소득이 광역지자체의 생활임금 이상(소득요건 심사기준은 체류자격 변경의 소득요건 기준 준용) 2. 거주, 취·창업: 체류자격 변경의 ""거주"", ""취·창업"" 요건을 계속 충족(단, 직전 체류자격변경·체류기간연장·허가조건 변경 시와 동일 근무처인 경우 고용기업·고용주 요건 적용 제외, 근무처 변경한 경우 고용기업·고용주 요건 심사) 3. 창업: 자본금 사용내역, 내국인 고용실적, 납세실적(부가세·소득세 등)을 심사하여 정상적 사업 운영 여부 확인 4. 기타: 품행단정 요건 계속 충족, 자격변경 시 졸업예정증명서 제출자는 국내 전문학사 이상 학위증 제출, 지자체 개별요건 있는 경우 충족",,,"체류기간 1년 범위 내 체류허가 특례 대상: 임신, 출산 또는 육아휴직, 산재휴직 등으로 소득요건 미충족자; 최초 체류기간 연장 시 근로기간 부족 등으로 소득금액증명원 상 소득금액이 요건 미충족하나 현재 취업 중인 자로 소득요건을 충족하는 급여(월)를 받는 경우 동반가족 초청 시에도 소득요건 특례 적용 가능",,,,,,,
303,high,document_like_row_outside_required_documents,공통/필수/기타서류 버킷 재분류,F-2,거주,stay_status_rule,F-2-R 지역특화형 우수인재 / 허가조건 변경(근무처 변경) 및 근무처 추가,근무처 변경/추가,요건,F-2-R,지역우수인재(F-2-R) 체류자격 소지자,,,,,,"[허가조건 변경(근무처 변경)] 체류자격 변경허가의 취업 활동 요건을 충족하고 광역지자체장의 추천서를 발급받아야 함 자격변경 후 1년 이내는 원칙적으로 근무처 변경 제한, 단 사업장 휴·폐업, 임금 체불 등으로 동일 근무처에서 근무가 곤란한 경우 ""허가조건 변경(근무처 변경)"" 심사 후 변경 가능(새 근무처에서 다시 1년간 원칙적으로 근무처 변경 제한) [근무처 추가] 취업 제한 분야에 해당하지 않는 업종에 한하여 허용, 허가받은 근무처(또는 창업장소)에서 주로 취업(또는 창업)활동을 유지하는 조건으로 다른 근무처에서의 취업활동 가능(신고 및 허가 절차 불요), 추가로 종사하고자 하는 취업활동이 주된 활동이 되지 않도록 유의 [허가조건 변경(취·창업 간 변경)] 취업 또는 창업 활동 요건 충족 시 취업·창업 간 변경 가능, 광역지자체장의 추천서 발급 시 동시에 취업과 창업 활동 가능","광역지자체장의 추천서 발급 → 관할 출입국·외국인관서에 ""근무처 변경(허가조건 변경)"" 신청 ('지역특화형 우수인재 허가조건 변경 신청서' 제출) 근무처 변경허가 절차에 준하여 처리하되, 수수료 면제 허가조건 변경(취·창업 간 변경)도 허가조건 변경(근무처 변경) 절차 준용",근무처 추가는 추천지역(인구감소지역) 내에서만 허용,,근무처 변경허가 절차에 준하나 수수료 면제,,,,,,
304,high,document_like_row_outside_required_documents,공통/필수/기타서류 버킷 재분류,F-3,동반,stay_status_rule,F-3-1R 지역우수인재 동반가족 / 자격변경,체류자격 변경,요건,F-3-1R,지역우수인재(F-2-R) 자격 소지자의 배우자 및 미성년자녀(배우자가 없을 것),,,,,,"(공통사항) 실거주: 신청일 기준 주 체류자와 동일한 주소지에 실거주(주체류자와 동반신청 시 실거주 인정 특례를 인정받은 경우 동반가족도 동일하게 적용) 주체류자 요건: 주 체류자(F-2-R)와 동반신청 시 주 체류자가 모든 자격요건을 충족(이미 F-2-R 자격 소지 상태에서 동반가족 신청은 주 체류자 자격요건 별도 심사하지 않음, 단 가족 구성원 5인 이상은 소득요건 확인) 주거지: 기숙사가 아닌 가족이 생활할 수 있는 독립된 주거시설 확보 소득: 초청 인원에 따라 차등 적용(주거급여 선정기준): 5인 3,627,225원/월, 6인 4,106,857원/월, 7인 4,567,272원/월, 8인 5,027,687원/월(4인 이하는 주 체류자격자 본인의 소득요건 충족 시 초청 가능) (배우자) 주 체류자(F-2-R)와 유효한 혼인 성립 및 정상적 혼인 관계 유지, 품행단정 요건 충족, 자격변경 후 2년 이내 사회통합프로그램 2단계 이상 이수(미이수 시 체류기간 연장 최대 6개월로 제한) (미성년자녀) 주체류자의 미성년 자녀로서 배우자가 없을 것, 학령기인 경우 국내 초·중·고교(초·중등교육법 제2조 1~3호 학교, 공민학교·고등공민학교·방송통신중고·고등기술학교 제외, 외국인학교 및 대안학교, 외국교육기관, 과학영재학교 포함)에 입학 예정이거나 재학 중이어야 함(위반 시 주체류자격자 허가 취소)",,자격변경 제한 대상: 출국을 위한 체류기간 연장허가 또는 출국기한 유예를 받은 자 최근 5년 이내 지역특화형 지역우수인재 및 동반가족 체류자격으로 체류한 적이 있는 자 불법체류자,장기 질병치료 또는 중증 장애 등으로 부득이하게 학교 재학이 어려운 미성년자녀 학기 중 입국(전입)하여 초·중·고교에 입학할 예정이나 입학예정증명서 발급이 어려운 사람은 자격변경 허가하고 최초 체류기간 연장 시 관련서류 징구,,체류자격: F-3-1R(지역우수인재 동반가족 또는 지역인재가족) 체류기간: 주 체류자의 체류만료일과 동일하게 부여,,,,,
307,high,document_like_row_outside_required_documents; score_like_row_outside_score_table,공통/필수/기타서류 버킷 재분류; 점수표/배점 행인지 확인,E-7,특정활동,stay_status_rule,E-7-4R 지역특화 숙련기능인력 / 자격변경,체류자격 변경,요건,E-7-4R,,,,,,,"1. 추천서: 추천지역을 관할하는 광역지자체의 장의 추천서(발급일로부터 3개월 유효, 1회 신청에 한함) 2. 거주 및 취업: 3년 이상 추천지역에서 거주하면서 취업 활동을 하고자 할 것 - 거주지: 체류자격 변경 후 추천지역 내에서 계속 거주 - 취업 지역: 근무처가 추천지역(인구감소지역 또는 관심지역) 내 소재 - 기업 추천: 현재 1년 이상 근무 중인 기업에서 계속 근무할 것을 조건으로 신청 가능, 고용기업의 추천 필수(단, 인구감소지역의 경우 현재 근무 중인 기업뿐 아니라 인구감소지역이 아닌 지역에서 인구감소지역으로 근무처를 변경하여 신청 가능, 이 경우 변경 후 근무하려는 기업의 추천으로 갈음) - 급여: 근로계약서 상 급여가 연봉 2,600만원 이상(농·축산업, 어업·내항상선 종사자는 2,500만원), 최저임금 요건 충족 - 근로계약기간: 신청일 이후 2년 이상 유효한 근로계약(근무처를 변경하여 신청하는 경우 근로 시작일은 신청일 이후 3개월 이내, 단 현 근무처에서 계속 근무하는 조건은 제외) 3. 점수제 기준 충족: 총 300점 중 200점 이상, 기본항목 평균소득과 한국어능력 각각 50점 이상 - 평균소득(최근 2년 연간 평균소득) 2,500만원 이상(농·축산업, 어업·내항상선 종사자는 2,400만원 이상), 세무서 발행 전년도 소득금액증명을 기준(재입국 공백 등으로 최근 2년 소득 입증 불가 시 최근 5년 중 연간 소득금액이 높은 2개년으로 대체 가능) - 한국어능력: TOPIK 2급/3급/4급 이상 또는 사회통합프로그램 이수(2단계/3단계/4단계 이상) 또는 사전평가 성적(41~60점/61~80점/81점 이상) — 사후보완 가능",,,,,,,"점수제 총점 300점 중 200점 이상 충족 필요, 기본항목(평균소득·한국어능력) 각각 50점 이상 필수. 가점 항목으로 추천(고용기업/중앙부처/광역지자체), 현근무처 3년 이상 근속, 인구감소(관심)지역 및/또는 읍·면지역 3년 이상 근무, 자격증 또는 국내 학위, 국내 운전면허증 등 인정. 감점 항목으로 벌금형, 체납 사실, 출입국관리법 위반 행정처분 등 반영",,,
312,high,document_like_row_outside_required_documents,공통/필수/기타서류 버킷 재분류,F-5,영주,stay_status_rule,F-5-6R 지역동포영주 / 체류허가 기준,체류자격 변경,요건,F-5-6R,지역특화동포(F-4-R)로 자격 변경 후 4년 이상(기존 거주자 요건으로 F-4-R 자격 변경한 사람은 2년) 계속 추천지역에 거주하며 자격을 유지한 사람(국내·외 전입자 중 순차 이주한 사람은 가족동반 요건 충족(전입신고일 기준) 후부터 기산),,,- 재외동포 영주(F-5-6) 공통서류(「외국국적동포 업무처리 지침」 참조),- 추천지역 거주 입증서류 - 기본소양능력 제출서류 또는 면제대상 입증서류(해당자),,품행 단정 요건: 대한민국 법령 준수 등 (「외국국적동포 업무처리 지침」에 따름) 생계유지능력 요건: 소득 기준을 1인당 국민총소득(GNI)의 70%로 완화 기본소양 요건(원칙): 사회통합프로그램 5단계 이상 이수하거나 그에 준하는 평가 성적 받아야 함 인정 기준(다음 어느 하나): ① 사회통합프로그램 5단계 이상 이수 → 사회통합프로그램 이수증(5단계 이상) ② 사회통합프로그램 영주용 종합평가 합격 → 한국이민영주적격시험 합격증(KIPRAT) ③ 사회통합프로그램 귀화용 종합평가 합격 → 한국이민귀화적격시험 합격증(KINAT),,,"기본소양 요건 면제 대상: 만 15세 미만인 사람 만 15세 이상으로 초·중등교육법 제2조 각 호의 학교 및 교육부 인가 외국인학교에 만 2년 이상 재학 중이거나 중학교 이상 교육과정 졸업자 만 15세 이상으로 중학교 이상 졸업학력 검정고시 합격자 ""중증질환""(본인일부부담금 산정특례에 관한 기준 [별표 3·4의2] 산정특례 등록자) 또는 ""중증장애""(장애인복지법 시행규칙 별지 9호 서식의 종합 장애 정도 ""중증장애"" 또는 ""장애 정도가 심한 장애"" 기재자) 기타 출입국·외국인관서의 장이 종합적 고려하여 면제 필요하다고 판단하여 법무부장관 승인을 받은 사람",,,,,,,
315,high,document_like_row_outside_required_documents,공통/필수/기타서류 버킷 재분류,F-3,동반,stay_status_rule,F-3-2R 지역동포가족 / 체류자격외 활동허가,체류자격외 활동허가,요건,F-3-2R,지역특화동포(F-4-R)와 동거하는 배우자(F-3-2R),,,- 여권 및 사본 1부 - 외국인등록증 - 통합신청서 - 수수료,- 고용계약서 - 사업자등록증 사본(법인은 법인등기사항전부증명서 추가) - 고용주 신분증,실제 근무지와 사업자등록증 상 근무지(주소 포함)가 상이한 경우 실제 근무지와의 관계 입증서류 그 밖에 관할 출입국·외국인관서의 장이 심사에 필요하다고 인정하는 서류,허가 대상 취업활동: 범위: 취업제한 분야를 제외한 모든 활동 허용 가능 지역: 추천지역으로 제한,,"지역특화동포(F-4-R)는 체류자격외활동허가 불필요 허가조건 위반 시 체류자격 취소, 기간연장 억제, 사범 처리 등 엄중 조치",,,,,,,,
316,high,document_like_row_outside_required_documents,공통/필수/기타서류 버킷 재분류,F-2,거주,stay_status_rule,F-2 거주 / 준법시민교육,체류자격 변경,절차,,거주(F-2) 자격 변경 및 연장 허가 예정자 중 국내법 위반 사실이 확인된 자,,"'22.7월부터 거주(F-2)자격 취득 및 연장 예정자를 대상으로 법질서 교육 등 준법시민교육 실시 법 위반 기간: 자격변경 신청 시 신청일로부터 10년 이내, 체류기간 연장 시 신청일로부터 5년 이내 사건종결일(불기소처분일, 벌금 등 납부일)부터 10년 경과(자격변경 신청자) 및 5년 경과(체류기간 연장 신청자) 시 제외",,,,,"이민통합지원센터에서 교육이수자에 대한 이수확인서 발급, ICRM 참고사항에 '준법시민교육 교육이수 완료' 기재 체류담당자는 반드시 '교육이수 완료' 확인 후 자격변경 및 연장 허가 교육신청(사회통합정보망 개선 전): 방문신청: 체류담당자가 준법시민교육(3시간) 안내 및 신청 접수 후 접수증 교부(교육신청서를 취합하여 이민통합지원센터에 전달) e-mail신청: 신청인이 관할 출입국관서의 이민통합지원센터의 e-mail로 교육 신청서 접수 교육신청(사회통합정보망 개선 후): 사회통합정보망(www.socinet.go.kr)에서 온라인 신청 지침 시행 후 준법시민교육대상자가 최초 연장 신청 시 다음 연장 시까지 준법시민교육 이수하도록 안내, 그 이후(2회부터) 법 위반사항 적발 시 준법시민교육 이수해야 연장 가능",,"교육 제외 대상(거주(F-2) 자격변경 및 연장 허가 가능): 1) 과거 ""준법시민교육""을 이수한 자로서 추가 법위반 사실이 없는 자 2) 법위반 횟수가 1회 이하이며 불기소처분 또는 100만 원 이하의 벌금·범칙금·과태료를 부과받은 자(처분·부과 면제 포함)",,,,,,,
317,high,document_like_row_outside_required_documents,공통/필수/기타서류 버킷 재분류,F-2,거주,stay_status_rule,F-2-R 지역특화형 우수인재 / 허가조건 안내,체류자격 변경,기간,F-2-R,지역특화형 우수인재(F-2-R) 자격 소지자,,,,,,"공통: 자격요건(거주지 요건, 취·창업 요건, 소득요건 등)을 계속 유지할 것","근무처 또는 취업과 창업간 변경 시 광역지자체장이 발급한 추천서를 첨부하여 관할 출입국관서에서 ""허가조건 변경"" 심사를 받아야 함","허가조건 위반 시(거주·취·창업 요건 위반, 허가조건 변경 절차 위반, 소득요건 미충족 등) 출입국관리법 제89조제1항 및 제68조제1항에 따라 체류자격이 취소되고 출국조치 동일 위반이 반복되거나 장기간 시정되지 않는 경우 출입국관리법 제89조에 의해 체류기간 연장 제한, 체류허가 취소 등의 불이익 가능",,,5년 이상 추천지역 등 지정된 지역에 계속 거주 및 취·창업할 것 2년 경과 시 동일 광역자치단체 내 다른 인구감소지역으로의 이전 가능,,,,,
323,high,document_like_row_outside_required_documents; score_like_row_outside_score_table,공통/필수/기타서류 버킷 재분류; 점수표/배점 행인지 확인,D-10,구직,stay_status_rule,D-10-1 국내 성장 기반 외국인 청소년 / 자격변경,체류자격 변경,요건,D-10-1,국내 성장 기반 외국인 청소년으로서 취업하기 위하여 연수나 구직활동 등을 하려는 사람,"공통요건(① ~ ④를 모두 충족하는 사람): ① 신청일 기준 18세 이상 24세 이하의 합법체류자 ② 18세가 되기 전 국내에서 7년 이상 체류(체류기간 중 91일 이상 출국한 기간은 산정 제외) ③ 10세~18세 기간 중 3년 이상 연속하여 해외 체류한 이력이 없을 것 ④ 「초·중등교육법」에 따른 국내 초·중·고교를 모두 졸업하였거나 이와 동등한 학력 보유(고3 2학기 재학 중 취업·연수 위해 변경 신청 시 학교장 발행 졸업예정증명서 등 제출 시 졸업으로 인정) 예외적 대상자(④ 미충족): 사회통합프로그램 이수 필요 - 초등학교 미졸업+중·고졸은 5단계 기본과정, 초등학교 졸업+중학교 또는 고등학교 미졸업은 5단계 심화과정",,,,,"특례: 점수제 및 체재비 입증 면제 구직 자격 재변경: 본 기준 적용으로 국내성장인력(E-7-Y) 자격으로 변경한 사람이 다시 구직(D-10) 자격으로 변경하는 경우에도 특례(점수제·체재비 입증 면제) 적용 연수기간 특례: 구직자격 기간 동안 허용하되 동일 기업 인턴활동은 최대 1년으로 제한 연수수당: 시급 기준 최저임금 이상 수준에서 근로계약서에 따라 적정 지급 연수분야: 제한업종(선량한 풍속·사회질서 반하는 업종, 국가안보 등 사유로 외국인 취업 제한 분야) 제외 근무시간: 1일 8시간, 주당 40시간 이내(현행 노동 관계법령 준용)",연수개시 신고: 사유 발생일로부터 15일 이내 체류지 관할 출입국·외국인관서의 장에게 신고 연수기관 변경(명칭 변경 포함): 15일 이내 신고,법령 준수·품행단정 요건: 영주(F-5) 자격 중 '국민의 미성년 자녀(F-5-3)' 적용 품행단정 요건 준용 제한 대상: 「재외동포의 출입국과 법적 지위에 관한 법률」 제5조제2항 해당자 중도 해외 장기 체류자(18세 기준 역산 7년 이내 1회 출국 6개월 이상 또는 출국기간 총합 2년 이상 3년 미만): 사유서 및 소명자료 제출 필수,,,,,,,,
327,high,score_like_row_outside_score_table,점수표/배점 행인지 확인,F-2,거주,stay_status_rule,F-2-R 지역특화 우수인재 / 국내 성장 기반 외국인 청소년 트랙,체류자격 변경,요건,F-2-R,국내 성장 기반 외국인 청소년으로서 구직(D-10) 또는 국내성장인력(E-7-Y) 자격으로 인구감소(관심)지역에 4년 이상 거주한 사람,,,,,,"공통요건 충족(18~24세, 18세 전 국내 7년 이상 체류, 10~18세 3년 연속 해외체류 이력 없음, 국내 초·중·고 졸업 또는 사회통합프로그램 이수) 구직(D-10) 또는 국내성장인력(E-7-Y) 자격으로 인구감소(관심)지역에 4년 이상 거주 특례: 지역특화 우수인재(F-2-R) 체류자격 변경허가 요건 중 거주지 요건만 적용(점수제, 소득요건 등 일반 F-2-R 요건은 면제) 체류기간 연장 요건: 인구감소(관심)지역에 실거주(자격변경 후 2년 경과 시 동일 광역자치단체 내 다른 인구감소(관심)지역 이전 가능), 특례로 거주지 요건만 적용",,,,,,,,,,
329,high,document_like_row_outside_required_documents; score_like_row_outside_score_table,공통/필수/기타서류 버킷 재분류; 점수표/배점 행인지 확인,D-10,구직,stay_status_rule,D-10-T 최우수인재 구직 / 탑티어 비자,사증발급,대상,D-10-T,탑티어(Top-Tier) 자격 기준 중 학력 요건은 갖추었으나 취업 미확정인 사람,세계대학 순위 100위 이내 대학의 석사 이상 학위를 취득하고 국내 취업을 위해 연수나 구직활동을 하려는 사람 부처 추천 불요 재외공관 사증신청 가능 (전자사증 불가),,,,,"한국어 능력 심사기준: 사회통합프로그램 1단계 이수확인서(사전평가 21점 이상) 또는 한국어능력시험(TOPIK) 1급 취득 성적증명서 (최초 신청 시 사회통합프로그램 이수 확약서로 갈음 가능) 해외 범죄경력 심사기준: 공적 확인(아포스티유 첨부 또는 대한민국 재외공관 영사확인) 받은 자국정부 발급 범죄경력증명서(접수일 기준 6개월 이내 발급) 자국 재외공관장 발급 범죄경력증명서는 원칙적으로 불허(본국 정부 확인 명백 입증 시 예외 허용) 연수 개시 신고: 사유 발생일로부터 15일 이내 관할 출입국관서에 신고 연수분야: 교수(E-1) ~ 전문인력(E-7-1)에 해당하는 직종 (고용추천서 필요 직종은 고용추천서 제출 면제) 연수기관: 반도체, 디스플레이, 바이오 등 첨단분야 기업 근무시간: 1일 8시간, 주당 40시간 이내 연수기관 변경(명칭 변경 포함): 15일 이내 신고","전자사증 발급 절차: ① 신청(외국인 본인 또는 기업 담당자 대리, 전자비자포털 www.visa.go.kr) → ② 접수·심사(전담기관: 서울출입국·외국인청 우수인재·투자지원센터) → ③ 사증발급(심사결정 후 결과 통보) → ④ 입국(전자사증발급확인서 소지)",,"한국어 능력 심사 면제 대상: ① 과거 대한민국 국적 보유했던 사람 ② 만 60세 이상인 사람 ③ 한국에서 초·중등교육법 규정 초등학교(검정고시 합격자, 대안학교 학력인정자 포함) 이상 졸업 및 고등교육법 규정 학교 졸업자",,,,,,,
333,high,document_like_row_outside_required_documents,공통/필수/기타서류 버킷 재분류,F-2,거주,stay_status_rule,F-2-T 최우수인재 거주 / 탑티어 비자,사증발급,대상,F-2-T,국내기업과 고용계약을 맺은 첨단분야 인재로 소득요건 1인당 GNI 3배 이상자,국내기업과 고용계약을 맺고 연간 근로소득이 1인당 GNI 3배 이상인 자 법무부장관이 정한 요건(학력·경력·한국어 능력)을 모두 갖춘 사람 부처 추천 필수 전자사증 신청 가능(자격변경 시 방문예약 후 관할 출입국관서에 신청),,- 신청서 - 표준규격 사진 - 여권 사본 - 체류지 입증서류 - 수수료,"- 학위증 또는 졸업증명서 - 경력증명서 - 고용계약서(자격변경 시 소득금액증명원) - 사업자등록증 및 법인등기부등본 - 해외 범죄경력증명서 - 한국어 능력 입증서류 또는 사회통합프로그램 이수 확약서 - 관계 중앙행정기관 추천서(KOTRA K-Tech Pass 발급자는 KOTRA에서 전담기관으로 추천서 직접 송부, 제출 불요)",,"소득 요건이 1인당 GNI 4배 이상인 사람은 학력 또는 경력을 완화하여 적용 가능 체류기간 연장 시: 공통서류, 재직증명서(이직 시 첨단분야 해당 여부 확인), 사업자등록증 및 법인등기부등본, 소득금액증명원, 해외 범죄경력증명서(6개월 이상 출국 시), 사회통합프로그램 1단계 이수확인서 또는 TOPIK 1급 이상 성적증명서",,,"최우수인재 거주(F-2) 자격변경 특례: 주재(D-7) ~ 특정활동(E-7) 또는 거주(F-2) 자격으로 1년 이상 첨단분야 취업한 사람 중 소득요건 제외 최우수인재 자격 기준을 모두 충족한 사람으로서, 1인당 GNI 2배 이상 소득을 유지하고 관계 중앙행정기관 추천을 받은 자(고용계약서 명시 근무 개시일자 기준 산정)",,,,,,,
334,high,document_like_row_outside_required_documents,공통/필수/기타서류 버킷 재분류,F-5,영주,stay_status_rule,F-5-T 최우수인재 영주 / 탑티어 비자,체류자격 변경,요건,F-5-T,최우수인재 거주(F-2) 자격으로 3년 이상 체류한 첨단분야 인재,최우수인재 거주(F-2) 자격으로 3년 이상 체류 연간 근로소득 1인당 GNI 3배 이상 사회통합프로그램 3단계 이상 이수 법무부장관이 정한 요건을 모두 갖춘 사람,,- 신청서 - 표준규격 사진 - 여권 사본 - 체류지 입증서류 - 수수료,"- 고용계약서, 재직증명서, 소득금액증명원 - 납부내역증명, 납세증명서, 지방세 납세증명서(세금체납여부 확인) - 사업자등록증 및 법인등기부등본 - 한국어 능력 입증서류(사회통합프로그램 3단계 이상 또는 TOPIK 3단계 이상)",개별 심사 과정에서 추가서류 제출 요구 가능,,관할 출입국관서 신청,,,,,,,,,
335,high,document_like_row_outside_required_documents,공통/필수/기타서류 버킷 재분류,F-3,동반,stay_status_rule,F-3 동반 / 최우수인재(Top-Tier) 동반가족 및 부모·가사보조인,사증발급,대상,Top-Tier,"최우수인재(Top-Tier) 체류자격자의 동반가족, 부모, 가사보조인","(동반가족) 배우자 및 미성년 자녀 (체류자격) 구직(D-10)·특정활동(E-7) 자격은 동반(F-3) 부여, 거주(F-2) 및 영주(F-5) 자격은 최우수인재와 동일하게 각각 거주(F-2)/영주(F-5) 부여 원칙 (영주 자격자의 동반 가족은 체류기간이 2년 미만일 경우 거주(F-2) 부여 대상) (부모) 최우수인재 또는 배우자의 부모 (가사보조인) 최우수인재가 해외에서 1년 이상 고용한 가사보조인, 1명 초청 가능",,- 신청서 - 표준규격 사진 - 여권 사본 - 체류지 입증서류 - 수수료,"(동반가족) 주 자격자의 여권 사본 또는 외국인등록증, 본국 정부 발급 가족관계 입증서류(결혼증명서, 출생증명서 등), 해외 범죄경력증명서(배우자의 경우) (부모) 주 자격자의 여권 사본 또는 외국인등록증, 본국 정부 발급 가족관계 입증서류(결혼증명서 등), 주 자격자 소득요건 입증서류(고용계약서 또는 소득금액증명원) (가사보조인) 주 자격자의 여권 사본 또는 외국인등록증, 가사보조인 고용계약서(해외에서 1년 이상 고용사실 입증), 주 자격자 소득요건 입증서류",개별 심사 과정에서 추가서류 제출 요구 가능,,"출입국 우대카드 발급: 최우수인재 체류자격을 취득한 사람 대상, 코트라 해외인재유치센터에서 대리 신청(본인 1매 발급), 유효기간 발급일로부터 3년 이내(만료 후 재발급 가능) 혜택: 출입국 우대심사대 및 공항 보안검색 전용통로 이용을 통한 간이 출입국절차 적용, 우대카드 소지자와 동반하는 3명 이내의 사람도 우대심사대 및 전용통로 이용 가능",최우수인재 구직(D-10) 자격자는 부모·가사보조인 초청 불가,,,,,,,,
336,high,score_like_row_outside_score_table,점수표/배점 행인지 확인,D-2,유학,stay_status_rule,D-2 유학 / 광역형 비자 시범사업,사증발급,대상,광역형,광역지자체가 추천하는 광역형 비자 시범사업 유학 대상자,"다음 요건을 모두 충족하는 사람: ① 정규 학위 취득 과정(전문학사, 학사, 석사, 박사)에 해당할 것(원격대학, 평생교육기관, 기능대학 중 직업훈련과정, 야간대학(대학원) 제외) ② 교육국제화역량 인증제 하위대학(컨설팅대, 비자제한대) 제외 ③ 광역형 비자 대상으로서 해당 광역 시·도지사의 추천을 받았을 것 ④ 해당 광역 시·도에서 지정한 대학 및 학과 유학생일 것","(서울특별시) 시 핵심산업분야 이공계(로봇, AI, 바이오, 핀테크 등) (전문)학·석·박사, 본교가 서울인 지역캠퍼스 유학생도 허용(쿼터 250명) (부산광역시) 반도체, 이차전자, 미래 자동차 부품 관련 학과 전문학사, 학사",,,,"[서울 시간제 취업 허용시간 확대 요건] 성적기준: 직전학기 평균 성적 C학점(2.0) 이상(최초 1학기 수강 중 미발급자 제외) 한국어 능력 기준(전문학사·학사 1~2년): TOPIK 3급 이상, KIIP 3단계 이상 이수 또는 사전평가 61점 이상, 세종학당 중급1 과정 이상 한국어 능력 기준(학사 3~4년·석박사): TOPIK 4급 이상, KIIP 4단계 이상 이수 또는 사전평가 81점 이상, 세종학당 중급2 과정 이상 영어트랙: TOEFL 530(CBT 197, iBT 71), IELTS 5.5, CEFR B2, TEPS 601점(NEW TEPS 327점) 이상 (영어 모국어/공용어 국가 유학생은 증빙 면제) 허용시간 원칙: 주중 30시간 이내(학위과정 통합적용) 주중 우대(5시간 추가): 인증대학 재학생, 직전학기 A학점 이상, TOPIK 5급 이상 또는 KIIP 5단계 이수/종합평가 합격 주말·공휴일·방학 우대: 한국어능력 기준 충족 D-2 유학생은 허용시간 제한 없이 시간제 취업 가능 한국어능력 미충족자 강화: 전문학사·학사 주중 10시간 이내, 석·박사 주중 15시간 이내 [서울 인턴활동 휴학 허용] 체류기간: 전문학사 3학기 이상·학사 3학년 이상 수료 후, 석·박사 제한 없음 한국어능력: 사회통합프로그램 4단계 이상(또는 TOPIK 4급 이상) 성적: 직전 학기 평균 B학점 이상 허용기간: 1회, 최대 1년 이내(전문학사는 1회 최대 6개월) 활동내용: 대학 외부기관 및 기업체에서의 전문분야(E-1~E-7) 인턴활동 허용 [부산 재정능력 특례] 다음 대상은 연간 800만원 이상: 부산광역시 자매·우호 협력 도시장의 추천 또는 신원보증을 받은 자, 부산지역 인증대학 추천 장학생(장관 고시 국가), 채용조건형 계약학과 입학생","광역형 비자 운영 절차: 법무부 광역형 비자 요건 마련 → 광역지자체 계획 제출(추진절차·안전관리·사회통합 방안 포함) → 법무부 검토 후 심의위원회 상정·시행 여부 결정 → 제도 시행(지자체 추천, 법무부 비자발급) → 법무부 성과 검토·심의위원회 지속 여부 결정","운영기간: '25. 6. 13. ~ '26. 12. 31. (약 2년간, 지자체 평가·불법체류자 다수 발생 등 사정 변경 시 운영기간 변동 가능)",,,,서울특별시 쿼터 250명,,,,
338,high,score_like_row_outside_score_table,점수표/배점 행인지 확인,D-2,유학,stay_status_rule,D-2 유학 / 광역형 비자 학기 중 인턴활동 특례,체류자격외 활동허가,요건,광역형 비자,광역형 비자 유학생(D-2) 중 학기 중 인턴활동을 하려는 자,"전문학사 3학기 이상, 학사 3학년 이상 수료 후 (석·박사 제한 없음) 한국어 능력: 사통프로그램 4단계 이상 또는 TOPIK 4급 이상 영어트랙과정: TOEFL 530(CBT 197, iBT 71), IELTS 5.5, CEFR B2, TEPS 601점(NEW TEPS 327점) 이상이면 한국어능력 기준 충족으로 봄 영어를 모국어 또는 공용어로 하는 국가 유학생은 증빙서류 제출 면제 성적 기준: 신청일 기준 직전 학기 평균 성적 B학점 이상",,,,,"체류기간 기준, 한국어 능력 기준, 성적 기준 모두 충족 허용 기간: 1회, 최대 1년 이내(전문학사는 1회 최대 6개월 이내) 활동 내용: 대학 외부기관 및 기업체에서의 전문분야(E-1~E-7) 인턴 활동",,"논문준비 등으로 체류기간 연장허가 특례를 받은 사람, 연구유학(D-2-5)는 제외",,,"1회, 최대 1년 이내(전문학사 1회 최대 6개월 이내)",,,,,
339,high,document_like_row_outside_required_documents; score_like_row_outside_score_table,공통/필수/기타서류 버킷 재분류; 점수표/배점 행인지 확인,D-2,유학,stay_status_rule,D-2 유학 / 광역형 비자(광주) 재정능력 특례,체류자격 변경,요건,광역형 비자,"광주광역시 광역형 비자 대상 학과(서영대 AI 미래자동차과, 동강대 AI미래자동차과·AI미래모빌리티과, 조선이공대 글로벌융합학부 등) 유학생",광주 광역형 비자 대상 학과 유학생 대상 대학 및 학과 목록은 하이코리아에 공지,,,,,"적용 시기: 표준입학허가서 발급, 사증발급인정서 발급, 체류자격변경, 체류기간 연장 재정능력 범위: 등록금과 체재비 일체 재정능력 기준: 연간 800만 원 이상 (장학금 지급 및 기숙사 제공 조건)",,,"우수인증대·인증대 사증발급(사증발급인정서) 및 체류자격 변경: 제출 면제 (장관 고시 국가 및 중점 관리 국가 국민 제외) 체류기간 연장 C학점 이상·출석율 70% 이상 우수인증대·인증대: 제출 면제 정부초청장학생, 재외동포, 국내장기체류자: 제출 면제 (장학증서 등 입증서류 제출)",,,240명,,광주 광역형 비자 재정능력 입증서류 제출 기준(대학 등급·신청유형별),원칙: 연간 800만원 이상 (장학금·기숙사 조건) 체류기간 연장 과정 수료자 등(논문작성 등): (연도별 1인 가구 주거급여 기준액×체류개월 수) × 1/2,
340,high,document_like_row_outside_required_documents; score_like_row_outside_score_table,공통/필수/기타서류 버킷 재분류; 점수표/배점 행인지 확인,D-2,유학,stay_status_rule,D-2 유학 / 광역형 비자(강원) 재정능력 특례,체류자격 변경,요건,광역형 비자,"강원특별자치도 광역형 비자 대상(미래산업 - 반도체, 바이오헬스, 미래모빌리티, 미래에너지, 푸드테크, ICT 등) 유관 학과 유학생",강원 광역형 비자 대상 학과 유학생,,,,,사증발급인정서 발급 또는 체류자격변경: 연간 800만 원 이상 체류기간 연장: 국내 주거래 은행계좌 월평균 62만원 이상 잔고 유지 체류기간 연장 입증방법: 은행에서 발행한 최근 1년 간의 통장 거래내역 제출 신고된 계좌는 특별한 사정이 없는 한 변경 불가 시간제 취업허가에 따른 급여·소득도 체재비로 인정,,,우수인증대·인증대 사증발급 및 체류자격 변경: 제출 면제 (장관 고시 국가 및 중점 관리 국가 국민 제외) 체류기간 연장 C학점 이상·출석율 70% 이상 우수인증대·인증대: 제출 면제,,,,,강원 광역형 비자 재정능력 입증서류 제출 기준,,
341,high,score_like_row_outside_score_table; duplicate_semantic_key,점수표/배점 행인지 확인; 동일 의미 행 병합 또는 중복 제거 검토,D-2,유학,stay_status_rule,D-2 유학 / 광역형 비자 시간제 취업 허용시간 확대,체류자격외 활동허가,요건,광역형 비자,광역형 비자 유학생 중 시간제 취업허가 대상자 요건을 갖춘 유학생,"성적기준: 신청일 기준 직전학기 평균 성적이 C학점(2.0) 이상 (입학 후 최초 1학기 수강 중이고 성적표 미발급 시 제외) 한국어 능력 기준: 전문학사·학사 1~2년 TOPIK 3급 이상 또는 KIIP 3단계 이상(사전평가 61점 이상) 또는 세종학당 중급1 이상; 학사 3~4년·석박사 TOPIK 4급 이상 또는 KIIP 4단계 이상(사전평가 81점 이상) 또는 세종학당 중급2 이상 영어트랙: TOEFL 530(CBT 197, iBT 71)/IELTS 5.5/CEFR B2/TEPS 601(NEW TEPS 327) 이상이면 한국어 기준 충족 (영어 모국어·공용어 국가 유학생은 증빙 제출 면제)",,,,,"원칙: 주중 30시간 이내 (학위과정 통합 적용) 우대(주중): 한국어 기준 충족 + 인증대 재학 또는 직전학기 A학점 이상 또는 TOPIK 5급 이상/KIIP 5단계 이수·종합평가 합격 시 주중 5시간 추가 허용 우대(주말·공휴일·방학): 한국어 기준 충족 학위과정(D-2) 유학생은 학기 중 주말·공휴일 및 방학 기간 동안 허용시간 제한 없음 강화: 한국어 기준 미충족 시 전문학사·학사 주중 10시간 이내, 석사·박사 주중 15시간 이내",,시간제 취업허가의 허용시간 우대 대상이라도 시간제 취업허가는 반드시 받아야 함,,,,,,광역형 비자 시간제 취업 한국어 능력 기준표(학위과정별),전문학사·학사 1~2년: TOPIK 3급 / KIIP 3단계 / 세종학당 중급1 학사 3~4년·석박사: TOPIK 4급 / KIIP 4단계 / 세종학당 중급2,
342,high,document_like_row_outside_required_documents; score_like_row_outside_score_table,공통/필수/기타서류 버킷 재분류; 점수표/배점 행인지 확인,D-2,유학,stay_status_rule,D-2 유학 / 광역형 비자(충북) 재정능력 특례,체류자격 변경,요건,광역형 비자,"충청북도 광역형 비자 대상(항공·화장품·식품·바이오, 뿌리산업, 복지인력, 자동차, 반도체, 이차전지 관련 학과) 유학생 중 충북형 일·학습 병행 참여자",충북 광역형 비자 대상 학과 유학생 대상 대학 및 학과 목록은 하이코리아에 공지,,,사증발급인정서 발급·체류자격변경 신청 시: 도지사 추천서 + 충북형 일·학습병행 사업 참여 확약서(붙임 3) 체류기간 연장·학교변경 등 국내 체류 중 재정능력 입증 시: 충북형 일·학습병행 사업 참여 확인서(붙임 4),,"적용 시기: 표준입학허가서 발급, 사증발급인정서 발급, 체류자격변경, 체류기간 연장 재정능력 기준: 충북형 일·학습 병행 참여 광역형 비자 유학생 연간 800만 원 이상 입국 후 충북형 일·학습병행제 사업 계속 참여 시 유지",,,"우수인증대·인증대 사증발급 및 체류자격 변경: 제출 면제 (장관 고시 국가 및 중점 관리 국가 국민 제외) 체류기간 연장 C학점 이상·출석율 70% 이상 우수인증대·인증대: 제출 면제 정부초청장학생, 재외동포, 국내장기체류자: 제출 면제(장학증서 등 입증서류 제출)",,,830명,,충북 광역형 비자 재정능력 입증서류 제출 기준,,
343,high,document_like_row_outside_required_documents; score_like_row_outside_score_table,공통/필수/기타서류 버킷 재분류; 점수표/배점 행인지 확인,D-2,유학,stay_status_rule,D-2 유학 / 광역형 비자(충남) 재정능력 특례,체류자격 변경,요건,광역형 비자,"충청남도 광역형 비자 대상(농어촌지역 및 충남5대산업 - 자동차부품, 반도체, 디스플레이, 석유화학, 철강 관련 학과) 유학생 중 충남형 일·학습 병행 참여자",충남 광역형 비자 대상 학과 유학생,,,사증발급인정서 발급·체류자격변경 신청 시: 도지사 추천서 + 충남형 일·학습병행 사업 참여 확약서(붙임 6) 체류기간 연장·학교변경 등 국내 체류 중 재정능력 입증 시: 충남형 일·학습병행 사업 참여 확인서(붙임 7),,재정능력 기준: 충남형 일·학습 병행 참여 광역형 비자 유학생 연간 800만 원 이상 입국 후 충남형 일·학습병행제 사업 계속 참여 시 유지,,,"우수인증대·인증대 사증발급 및 체류자격 변경: 제출 면제 (장관 고시 국가 및 중점 관리 국가 국민 제외) 체류기간 연장 C학점 이상·출석율 70% 이상 우수인증대·인증대: 제출 면제 정부초청장학생, 재외동포, 국내장기체류자: 제출 면제(장학증서 등 입증서류 제출)",,,250명,,충남 광역형 비자 재정능력 입증서류 제출 기준,,
344,high,document_like_row_outside_required_documents; score_like_row_outside_score_table,공통/필수/기타서류 버킷 재분류; 점수표/배점 행인지 확인,D-2,유학,stay_status_rule,D-2 유학 / 광역형 비자(전북) 재정능력 특례,체류자격 변경,요건,광역형 비자,"전북특별자치도 광역형 비자 대상(외국인전용 계약학과, 지역특화학과, 뿌리산업 양성대학) 유학생",전북 광역형 비자 대상 학과 유학생,,,,,"적용 시기: 표준입학허가서 발급, 사증발급인정서발급, 체류자격변경, 체류기간 연장 재정능력 범위: 등록금과 체재비 일체 재정능력 기준: 연간 800만 원 이상",,,"우수인증대·인증대 사증발급 및 체류자격 변경: 제출 면제 (장관 고시 국가 및 중점 관리 국가 국민 제외) 체류기간 연장 C학점 이상·출석율 70% 이상 우수인증대·인증대: 제출 면제 체류기간 연장 과정 수료자 등(논문작성 등): (연도별 1인 가구 주거급여 기준액×체류개월 수) × 1/2 정부초청장학생, 재외동포, 국내장기체류자: 제출 면제(장학증서 등 입증서류 제출)",,,670명,,전북 광역형 비자 재정능력 입증서류 제출 기준,,
345,high,score_like_row_outside_score_table; duplicate_semantic_key,점수표/배점 행인지 확인; 동일 의미 행 병합 또는 중복 제거 검토,D-2,유학,stay_status_rule,D-2 유학 / 광역형 비자 시간제 취업 허용시간 확대,체류자격외 활동허가,요건,광역형 비자,광역형 비자 대상 유학생으로서 시간제 취업 허가 신청자,,,,,,"성적기준: 신청일 기준 직전학기 평균 성적이 C학점(2.0) 이상 (입학 후 최초 1학기 수강 중인 자로 성적표 미발급 시 제외) 한국어능력 기준: - 전문학사·학사 1~2년: TOPIK 3급 이상 또는 KIIP 3단계 이상 이수(사전평가 61점 이상) 또는 세종학당 중급1 과정 이상 - 학사 3~4년·석박사: TOPIK 4급 이상 또는 KIIP 4단계 이상 이수(사전평가 81점 이상) 또는 세종학당 중급2 과정 이상 영어트랙과정: TOEFL 530(CBT 197, iBT 71), IELTS 5.5, CEFR B2, TEPS 601점(NEW TEPS 327점) 이상 충족 시 한국어 능력 기준 충족으로 인정 영어를 모국어 또는 공용어로 하는 국가 유학생은 증빙서류 제출 면제",,한국어능력 기준을 충족하지 못한 사람은 인증대 재학 또는 성적 우수자 여부와 관계없이 주중 최대 허용시간의 1/2 이하로 허용 전문학사·학사: 주중 10시간 이내 석사·박사: 주중 15시간 이내,,,"원칙: 주중 30시간 이내(학위과정 통합 적용) 주중 우대: 한국어능력 기준 충족자 중 인증대학 재학생, 성적 우수자(직전 학기 A학점 이상) 또는 한국어능력 우수자(TOPIK 5급 이상 또는 KIIP 5단계 이수)는 주중 5시간 추가 주말·공휴일·방학기간 우대: 한국어능력 기준 충족 학위과정(D-2) 유학생은 학기 중 주말·공휴일 및 방학 기간 동안 허용시간 제한 없이 시간제 취업활동 가능",,,광역형 비자 유학생 시간제 취업 한국어능력 기준표,,
348,high,document_like_row_outside_required_documents,공통/필수/기타서류 버킷 재분류,E-7,특정활동,stay_status_rule,E-7 특정활동 / 광역형 비자 지자체별 요건 - 대구광역시,체류자격 변경,요건,광역형 비자,"대구 5대 신산업분야(로봇, 반도체, 미래모빌리티, 헬스케어, ABB(AI, Bigdata, Blockchain)) 채용 외국인",,"생명과학전문가(2111), 데이터전문가(2231), 전자공학기술자(2342), 기계공학기술자(2351), 로봇공학기술자(2352)",,,,생명과학전문가·데이터전문가: 도입직종 연관성 있는 분야 석사 이상 학위 / 전문학사 학위 + 1년 이상 경력 / 3년 이상 근무 경력 전자공학기술자·기계공학기술자: 도입직종 연관성 있는 분야 학사 이상 학위 / 전문학사 + 1년 이상 경력 / 3년 이상 근무 경력 (기계공학기술자의 경우 국내 E-9 경력 3년으로 신청 시 전문학사 학위 이상 필요) 로봇공학기술자: 국내외 학사 학위 이상 + 1년 이상 경력 국내복귀기업 특례(생명과학·전자·로봇): 국내복귀기업 해외법인 고용자 중 학사 이상 학위자 또는 전문학사+직종 기술자격증+수상/언론보도+KOTRA 현지 KBC직원의 경력확인 경력증명서 보유자는 1년 이상 국내 복귀기업 해외법인 근무경력 필요,,"기계공학기술자: 국민 고용인원 30% 범위 내 외국인 고용 허용, 상시근로자 5인 미만 업체 고용 제한, 업체당 최대 3명",,,,100명,,,,
349,high,document_like_row_outside_required_documents,공통/필수/기타서류 버킷 재분류,E-7,특정활동,stay_status_rule,E-7 특정활동 / 광역형 비자 지자체별 요건 - 울산광역시(조선업),체류자격 변경,요건,E-7-3,울산광역시 조선업 분야(HD현대중공업 및 사내 협력사) 채용 외국인,,"조선용접공(7430), 선박전기원(76212), 선박도장공(78369)",,"조선용접공: 유효한 자격증(국제선급회사 등 발급), 울산시 인증 현지 인력양성센터 교육프로그램 이수증(붙임 9 양식), 기량검증단 발급 기량검증 확인서 선박전기원·선박도장공: 학위증, 울산시 인증 현지 인력양성센터 교육프로그램 이수증(붙임 9 양식), 울산시 발급 기량검증 확인서(붙임 10 양식)",,"조선용접공: 중급 이상 조선용접공 자격증 취득 + 울산시 인증 현지 인력양성센터 교육프로그램 이수 + 산업부 현지 기량검증 통과 + 사회통합프로그램 1단계(또는 TOPIK 1급) 수준 한국어 능력(울산시 인증 인력양성센터의 한국어능력 검증으로 대체 가능, 현지 인력양성센터 교육 이수 시 경력요건 면제) 선박 전기원·선박 도장공: 관련분야 전문학사 학위 이상 + 울산시 인증 현지 인력양성센터 교육프로그램 이수 + 현지 자체 기량검증(울산시) + 사회통합프로그램 1단계(또는 TOPIK 1급) 수준 한국어 능력 국내 입국 후 1년 이내 선급자격증 취득 필요(조선용접공에 한함) — 입국 후 최초 체류기간 연장 시 확인",,"근무처 변경은 휴·폐업, 경영악화 등 부득이한 경우 또는 외국인의 귀책사유가 없는 경우에 한정. 근무처 변경 허가 시 자격요건·고용업체 요건·업체당 허용인원 등을 사증 발급 기준에 준해 심사. 근무처 변경 시 울산시 발급서류(고용추천서 및 기업체 현장실사 보고서(붙임 11))로 산업부장관 고용추천 대체 필수",,,,"440명(용접 308명, 전기 55명, 도장 77명)",,,,
350,high,document_like_row_outside_required_documents,공통/필수/기타서류 버킷 재분류,E-7,특정활동,stay_status_rule,E-7 특정활동 / 광역형 비자 지자체별 요건 - 경기도·경상북도·경상남도,사증발급인정서,요건,광역형 비자,"경기도(산업기술인력 및 요양보호사), 경상북도(광·제조업 이공계인재 및 요양보호사), 경상남도(자회사 우수인재·조선업 등) 채용 외국인",,"경기: 관리·전문직 12개 직종(컴퓨터 하드웨어/통신공학/시스템설계/소프트웨어/웹/데이터/네트워크/정보보안/전자공학/로봇/간호사), 준전문 요양보호사(42111) 경북: 관리·전문직 23개 직종, 준전문 호텔접수사무원(3922)·요양보호사(42111) 경남: 관리·전문직 21개 직종, 일반기능인력 조선용접공(7430)·선박전기원(76212)·선박도장공(78369)",,,"경남 자회사 우수인력 특례 추가서류: 해외 자회사 입증서류(현지법인등록증 영사확인, 해외직접투자신고수리서, 송금영수증, 송금사실확인서, 수출면장, 기술수출계약서, 플랜트수출승인서 등), 재직증명서, 경력증명서, 한국어능력 입증 서류(붙임 13) 경북 첨부서류 특례: 초청사유서·외국인활용계획서 등을 '7일 이상 내국인 구인 이력 확인 서류(붙임 12)'로 대체","경기 한국어 우수자 특례: 사회통합프로그램 4단계(TOPIK 4급) 이상 소지자는 외국대학 학사학위가 도입직종과 연관성이 없어도 취업 허용(1년 이상 경력 포함), 관리·전문직 11개 직종에 적용 경북 사증발급인정서 발급 대상: ①경북 지정 해외전문대학 도입직종 연관 분야 전문학사 이상+1년 이상 경력, ②경북 지정 해외전문대학 도입직종 연관 분야 전문학사 이상+TOPIK 2급 이상(온라인 KIIP 2단계 수료 대체 가능), ③도입직종 연관 분야 3년 이상 경력(국내외 합산 가능), ④도입직종 연관 분야 국내 전문대학 이상 졸업자(여행상품개발자·호텔접수사무원은 경력요건만으로 신청 불가, 요양보호사 적용 제외) 경북 국내체류자격 변경 대상: ⑤도입 직종 연관 분야 국내 전문대학 이상 졸업(예정)자, ⑥국내 장기체류외국인으로 ①~③ 요건 충족자(호텔접수사무원·요양보호사 적용 제외) 경남 관리·전문직 일반요건 특례: 도입직종 연관 분야 학사 이상 또는 3년 이상 경력 + 사회통합프로그램 1단계(TOPIK 1급) 이수 또는 한국어 능력 검증 필수 경남 자회사 우수인력 도입 특례: 해외 자회사에서 해당 분야 2년 이상 경력 + 한국어 능력 검증 경남 조선업 일반기능인력: 중급 이상 조선용접공 자격증 + 경남도 자체 기량검증 통과(경력요건 면제 가능) + 사회통합프로그램 1단계(TOPIK 1급) 수준 한국어 능력, 선박전기원·도장공은 관련분야 전문학사 학위 이상 + 기량검증 통과","경북: 기업이 경상북도 광역형 비자 워크넷 시스템(K-드림외국인지원센터, 해외인재유치센터) 활용해 외국인력 채용 후 사증발급인정서 발급 또는 체류자격변경 신청 → 법무부 결격 여부 등 심사하여 허용여부 결정","경기 요양보호사: 국민 고용인원 30% 범위 내 외국인 고용 허용 (허용인원 상한 미적용) 경북 기계공학기술자(2351): 국민 고용인원 30% 범위 내, 상시근로자 5인 미만 고용제한, 업체당 최대 3명 경북 호텔접수사무원(3922): 30% 범위 내, 호텔당 최대 5명 경북 요양보호사(42111): 30% 범위 내 외국인 고용 허용 경남 기계공학기술자(2351): 30% 범위 내, 5인 미만 고용제한, 업체당 최대 3명",,,,"경기: 630명 (요양보호사 허용인원 상한 미적용) 경북: 350명 (요양보호사 별도 쿼터 100명 포함) 경남: 총 670명 (전문인력 E-7-1: 130명, 조선업 E-7-3: 540명(용접 80명, 전기 230명, 도장 230명))",,,,
354,high,score_like_row_outside_score_table,점수표/배점 행인지 확인,F-5,영주,stay_status_rule,F-5-S1 K-STAR 영주 / 신청대상,체류자격 변경,대상,F-5-S1,법무부장관 선정 대학의 과학기술분야 석·박사 학위 소지자,K-STAR 거주(F-2-7S) 자격으로 3년 이상 국내에서 계속 체류 또는 점수제 우수인재 거주(F-2-7) 자격으로 3년 이상 국내에서 계속 체류 점수제 요건 90/200점 충족,,,,,,,,,,,,점수제 요건 200점 만점 중 90점 이상,,,
357,high,score_like_row_outside_score_table,점수표/배점 행인지 확인,F-5,영주,stay_status_rule,F-5-S1 K-STAR 영주 / 자격요건,체류자격 변경,요건,F-5-S1,,품행단정 요건 충족(아래 결격사유 해당 시 원칙적으로 영주자격 변경 불가) 생계유지능력 및 기본소양은 점수제 한국어능력·연간소득 항목 심사로 대체 법 위반자는 준법시민교육 이수,,,,,"금고 이상 실형 집행종료/면제일로부터 5년 미경과자 제외 금고 이상 집행유예 판결확정일로부터 5년 미경과자 제외 벌금형 납부일로부터 3년 미경과자 제외 최근 5년간 출입국관리법 3회 이상 위반자 제외(과태료 제외) 강제퇴거명령 후 7년 미경과, 출국명령 후 5년 미경과자 제외 최근 3년 500만 원 이상 범칙금 또는 합산 700만 원 이상자 제외",,,,,,,,,,
359,high,document_like_row_outside_required_documents,공통/필수/기타서류 버킷 재분류,F-2,거주,stay_status_rule,F-2-71 K-STAR 거주의 동반가족,체류자격 변경,대상,F-2-71,K-STAR 거주(F-2-7S) 자격자의 배우자 또는 미성년자녀,진정한 혼인관계를 유지하고 있는 법률상 배우자 주체류자가 친권 및 양육권을 가지고 있는 미성년자녀,K-STAR 거주(F-2-7S)의 동반가족,신청서 여권 외국인등록증 사진 수수료 체류지 입증서류 가족관계 입증서류 결핵검진확인서(해당자) 해외범죄경력증명서(해당자),,,주체류자의 K-STAR 거주 신청 시 동반 신청 가능 배우자가 단기사증 또는 합법적 체류자격 소지 시 혼인관계 확인 후 F-2-71 변경 허가 배우자·미성년자녀는 주체류자의 체류기간과 동일하게 자격변경 허가,,배우자·미성년자녀가 범죄요건 등 결격사유 해당 시 불허 취업제한 분야 또는 노동시장 부정적 영향 직종 취업 시 연장 제한 또는 허가 취소 가능,주체류자가 자격요건 충족하고 생계 같이하는 경우 미성년자녀가 만 25세 미만까지 연장 허가,,"사증발급 시 단수, 90일 / 체류기간은 주체류자와 동일",,,,,
360,high,document_like_row_outside_required_documents; score_like_row_outside_score_table,공통/필수/기타서류 버킷 재분류; 점수표/배점 행인지 확인,F-5,영주,stay_status_rule,우수인재 특별귀화 (국적법 제7조 제1항 3호),체류자격 변경,대상,,K-STAR 거주(F-2-7S) 및 K-STAR 영주(F-5-S1)를 거쳐 우수인재 평가기준을 충족한 사람,"국적심의위원회에서 우수인재 특별귀화에 적합한 것으로 인정한 사람 국회사무총장·법원행정처장·헌법재판소사무처장·중앙행정기관의 장 등이 추천한 사람 재외공관장, 지방자치단체의 장, 4년제 대학 총장 등이 추천한 사람으로 법무부장관이 심의에 부친 사람 수상·실적·경력 등으로 국제적 권위를 인정받거나 우수인재 가점제도를 적용하여 법무부장관이 심의에 부친 사람",,,- 국적법 시행규칙 제3조에 따른 귀화허가 신청서류 일체 - 우수인재 국적신청 상세기술서 및 증빙자료 - 우수인재 가점 항목별 점수표 및 증빙자료(해당자),,국적심의위원회 심의·의결 적합 법령을 준수하는 등 품행 단정 국어능력과 대한민국 풍습 이해 등 기본 소양(면접심사 합격 시 인정) 귀화 허가가 국가안전보장·질서유지·공공복리 해치지 않을 것,신청 및 접수 → 국적심의위원회 심의·의결 → 귀화 면접심사 → 귀화·국적회복 허가 → 국적증서 수여 → 외국국적 불행사서약,,,,,,,,,
